icd9_code,label_index,code_kind,name,short_name,type,description,orpha_code,orpha_name,icd10_map,mapping_method,is_rare_disease
458.0,0,diagnosis,Orthostatic hypotension,Orthostatic hypotension,ICD-9-CM diagnosis,Orthostatic hypotension,none,none,I95.1,none,no
401.9,1,diagnosis,Unspecified essential hypertension,Hypertension NOS,ICD-9-CM diagnosis,Unspecified essential hypertension,none,none,I10,none,no
557.0,2,diagnosis,Acute vascular insufficiency of intestine,Ac vasc insuff intestine,ICD-9-CM diagnosis,Acute vascular insufficiency of intestine,none,none,K55.0,none,no
272.0,3,diagnosis,Pure hypercholesterolemia,Pure hypercholesterolem,ICD-9-CM diagnosis,Pure hypercholesterolemia,none,none,E78.0,none,no
197.6,4,diagnosis,Secondary malignant neoplasm of retroperitoneum and peritoneum,Sec mal neo peritoneum,ICD-9-CM diagnosis,Secondary malignant neoplasm of retroperitoneum and peritoneum,none,none,C78.6,none,no
40.3,5,procedure,Regional lymph node excision,Regional lymph node exc,ICD-9-CM procedure,Regional lymph node excision,none,none,07B00ZZ;07B04ZZ;07B30ZZ;07B34ZZ;07B40ZZ;07B44ZZ;07B70ZZ;07B74ZZ;07BB0ZZ;07BB4ZZ;07BF0ZZ;07BF4ZZ;07BG0ZZ;07BG4ZZ,none,no
255.41,6,diagnosis,Glucocorticoid deficiency,Glucocorticoid deficient,Disease,"Familial glucocorticoid deficiency (FGD) is a group of primary adrenal insufficiencies characterized clinically by neonatal hyperpigmentation, hypoglycemia, failure to thrive, and recurrent infections, and biochemically by glucocorticoid deficiency without mineralocorticoid deficiency.",ORPHA:361,Familial glucocorticoid deficiency,E27.1;E27.2;E27.40,name-exact,yes
478.74,7,diagnosis,Stenosis of larynx,Stenosis of larynx,ICD-9-CM diagnosis,Stenosis of larynx,none,none,J38.6,none,no
746.02,8,diagnosis,"Stenosis of pulmonary valve, congenital",Cong pulmon valve stenos,Morphological anomaly,"A rare congenital heart malformation characterized by an obstruction to flow through the pulmonary valve with a clinical presentation that may vary from critical stenosis presenting in the neonatal period to asymptomatic mild stenosis. The obstruction at the valvular level can be associated with obstruction at the subpulmonary, or supravalvar levels (valvar, subpulmonary, supravalvar pulmonary stenosis (PS).",ORPHA:3189,Congenital pulmonary valvar stenosis,Q22.1,name-exact,yes
746.4,9,diagnosis,Congenital insufficiency of aortic valve,Cong aorta valv insuffic,ICD-9-CM diagnosis,Congenital insufficiency of aortic valve,none,none,Q23.1,none,no
441.2,10,diagnosis,Thoracic aneurysm without mention of rupture,Thoracic aortic aneurysm,ICD-9-CM diagnosis,Thoracic aneurysm without mention of rupture,none,none,I71.2,none,no
560.1,11,diagnosis,Paralytic ileus,Paralytic ileus,ICD-9-CM diagnosis,Paralytic ileus,none,none,K56.0;K56.7,none,no
340,12,diagnosis,Multiple sclerosis,Multiple sclerosis,ICD-9-CM diagnosis,Multiple sclerosis,none,none,G35,none,no
337.3,13,diagnosis,Autonomic dysreflexia,Autonomic dysreflexia,ICD-9-CM diagnosis,Autonomic dysreflexia,none,none,G90.4,none,no
451.82,14,diagnosis,Phlebitis and thrombophlebitis of superficial veins of upper extremities,Phlbts sprfc vn up extrm,ICD-9-CM diagnosis,Phlebitis and thrombophlebitis of superficial veins of upper extremities,none,none,I80.8,none,no
576.1,15,diagnosis,Cholangitis,Cholangitis,ICD-9-CM diagnosis,Cholangitis,none,none,K83.0,none,no
425.4,16,diagnosis,Other primary cardiomyopathies,Prim cardiomyopathy NEC,ICD-9-CM diagnosis,Other primary cardiomyopathies,none,none,I42.5;I42.8,none,no
430,17,diagnosis,Subarachnoid hemorrhage,Subarachnoid hemorrhage,ICD-9-CM diagnosis,Subarachnoid hemorrhage,none,none,I60.9,none,no
427.89,18,diagnosis,Other specified cardiac dysrhythmias,Cardiac dysrhythmias NEC,ICD-9-CM diagnosis,Other specified cardiac dysrhythmias,none,none,I49.8;R00.1,none,no
441.4,19,diagnosis,Abdominal aneurysm without mention of rupture,Abdom aortic aneurysm,ICD-9-CM diagnosis,Abdominal aneurysm without mention of rupture,none,none,I71.4,none,no
769,20,diagnosis,Respiratory distress syndrome in newborn,Respiratory distress syn,ICD-9-CM diagnosis,Respiratory distress syndrome in newborn,none,none,P22.0,none,no
333.1,21,diagnosis,Essential and other specified forms of tremor,Tremor NEC,ICD-9-CM diagnosis,Essential and other specified forms of tremor,none,none,G25.0;G25.1;G25.2,none,no
286.7,22,diagnosis,Acquired coagulation factor deficiency,Acq coagul factor defic,ICD-9-CM diagnosis,Acquired coagulation factor deficiency,none,none,D68.32;D68.4,none,no
416.0,23,diagnosis,Primary pulmonary hypertension,Prim pulm hypertension,ICD-9-CM diagnosis,Primary pulmonary hypertension,none,none,I27.0,none,no
776.1,24,diagnosis,Transient neonatal thrombocytopenia,Neonatal thrombocytopen,ICD-9-CM diagnosis,Transient neonatal thrombocytopenia,none,none,P61.0,none,no
577.1,25,diagnosis,Chronic pancreatitis,Chronic pancreatitis,ICD-9-CM diagnosis,Chronic pancreatitis,none,none,K86.1,none,no
552.20,26,diagnosis,"Ventral, unspecified, hernia with obstruction",Obstr ventral hernia NOS,ICD-9-CM diagnosis,"Ventral, unspecified, hernia with obstruction",none,none,K43.6,none,no
785.51,27,diagnosis,Cardiogenic shock,Cardiogenic shock,Particular clinical situation in a disease or syndrome,"A rare, cardiac condition characterized by severely decreased cardiac output, hypoperfusion and end-organ dysfunction, in the presence of adequate intravascular volume. The clinical presentation is variable and may range from subtle hemodynamic alterations to overt cardiovascular collapse. Commonly reported features include dyspnea, crackles, elevated jugular venous pressure, altered mental state, abnormal pulse pressure, oliguria, cold extremities, and increased serum lactate levels.",ORPHA:97292,Cardiogenic shock,R57.0,name-exact,group
286.9,28,diagnosis,Other and unspecified coagulation defects,Coagulat defect NEC/NOS,ICD-9-CM diagnosis,Other and unspecified coagulation defects,none,none,D68.8;D68.9,none,no
286.6,29,diagnosis,Defibrination syndrome,Defibrination syndrome,ICD-9-CM diagnosis,Defibrination syndrome,none,none,D65,none,no
576.2,30,diagnosis,Obstruction of bile duct,Obstruction of bile duct,ICD-9-CM diagnosis,Obstruction of bile duct,none,none,K83.1,none,no
569.82,31,diagnosis,Ulceration of intestine,Ulceration of intestine,ICD-9-CM diagnosis,Ulceration of intestine,none,none,K63.3,none,no
518.82,32,diagnosis,"Other pulmonary insufficiency, not elsewhere classified",Other pulmonary insuff,ICD-9-CM diagnosis,"Other pulmonary insufficiency, not elsewhere classified",none,none,J80,none,no
577.2,33,diagnosis,Cyst and pseudocyst of pancreas,Pancreat cyst/pseudocyst,ICD-9-CM diagnosis,Cyst and pseudocyst of pancreas,none,none,K86.2;K86.3,none,no
273.1,34,diagnosis,Monoclonal paraproteinemia,Monoclon paraproteinemia,ICD-9-CM diagnosis,Monoclonal paraproteinemia,none,none,D47.2,none,no
E878.0,35,external-cause,"Surgical operation with transplant of whole organ causing abnormal patient reaction, or later complication, without mention of misadventure at time of operation",Abn react-org transplant,ICD-9-CM external cause of injury/poisoning,"Surgical operation with transplant of whole organ causing abnormal patient reaction, or later complication, without mention of misadventure at time of operation",none,none,Y83.0,none,no
452,36,diagnosis,Portal vein thrombosis,Portal vein thrombosis,Clinical syndrome,Portal vein thrombosis (PVT) is associated with acute (recent) or chronic (long-standing) thrombosis of the portal system.,ORPHA:854,Non-malignant and non-cirrhotic portal vein thrombosis,I81,icd10-ntbt+name,yes
266.2,37,diagnosis,Other B-complex deficiencies,B-complex defic NEC,ICD-9-CM diagnosis,Other B-complex deficiencies,none,none,E53.8,none,no
447.1,38,diagnosis,Stricture of artery,Stricture of artery,ICD-9-CM diagnosis,Stricture of artery,none,none,I77.1,none,no
728.86,39,diagnosis,Necrotizing fasciitis,Necrotizing fasciitis,Clinical subtype,Necrotizing fasciitis,ORPHA:699697,Necrotizing fasciitis,M72.6,name-exact,yes
579.3,40,diagnosis,Other and unspecified postsurgical nonabsorption,Intest postop nonabsorb,ICD-9-CM diagnosis,Other and unspecified postsurgical nonabsorption,none,none,K91.2,none,no
154.1,41,diagnosis,Malignant neoplasm of rectum,Malignant neopl rectum,Group of rare disorders (Orphanet),"Malignant neoplasm of rectum. Its ICD-10 equivalent (C20) is an umbrella under which Orphanet catalogues 2 narrower rare diseases, e.g. Neuroendocrine tumor of the rectum; Squamous cell carcinoma of the rectum.",multiple,Neuroendocrine tumor of the rectum; Squamous cell carcinoma of the rectum,C20,icd10-ntbt-group,group
427.1,42,diagnosis,Paroxysmal ventricular tachycardia,Parox ventric tachycard,ICD-9-CM diagnosis,Paroxysmal ventricular tachycardia,none,none,I47.2,none,no
745.5,43,diagnosis,Ostium secundum type atrial septal defect,Secundum atrial sept def,Morphological anomaly,A congenital cardiac malformation characterized by a communication between the atrial chambers of the heart.,ORPHA:1478,Interatrial communication,Q21.1,name-tail,yes
427.81,44,diagnosis,Sinoatrial node dysfunction,Sinoatrial node dysfunct,ICD-9-CM diagnosis,Sinoatrial node dysfunction,none,none,I49.5;R00.1,none,no
747.81,45,diagnosis,Anomalies of cerebrovascular system,Cerebrovascular anomaly,ICD-9-CM diagnosis,Anomalies of cerebrovascular system,none,none,Q28.2;Q28.3,none,no
286.4,46,diagnosis,Von Willebrand's disease,Von willebrand's disease,ICD-9-CM diagnosis,Von Willebrand's disease,none,none,D68.0,none,no
45.93,47,procedure,Other small-to-large intestinal anastomosis,Small-to-large bowel NEC,ICD-9-CM procedure,Other small-to-large intestinal anastomosis,none,none,0D190ZL;0D194ZL;0D198ZL;0D1A0ZH;0D1A0ZK;0D1A0ZL;0D1A0ZM;0D1A0ZN;0D1A4ZH;0D1A4ZK;0D1A4ZL;0D1A4ZM;0D1A4ZN;0D1A8ZK;0D1A8ZL;0D1A8ZM;0D1A8ZN;0D1B0ZH;0D1B0ZK;0D1B0ZL;0D1B0ZM;0D1B0ZN;0D1B4ZH;0D1B4ZK;0D1B4ZL;0D1B4ZM;0D1B4ZN;0D1B8ZK;0D1B8ZL;0D1B8ZM;0D1B8ZN,none,no
518.89,48,diagnosis,"Other diseases of lung, not elsewhere classified",Other lung disease NEC,ICD-9-CM diagnosis,"Other diseases of lung, not elsewhere classified",none,none,J98.4,none,no
693.0,49,diagnosis,Dermatitis due to drugs and medicines taken internally,Drug dermatitis NOS,ICD-9-CM diagnosis,Dermatitis due to drugs and medicines taken internally,none,none,L27.0;L27.1,none,no
510.9,50,diagnosis,Empyema without mention of fistula,Empyema w/o fistula,ICD-9-CM diagnosis,Empyema without mention of fistula,none,none,J86.9,none,no
150.4,51,diagnosis,Malignant neoplasm of middle third of esophagus,Mal neo middle 3rd esoph,ICD-9-CM diagnosis,Malignant neoplasm of middle third of esophagus,none,none,C15.4,none,no
332.0,52,diagnosis,Paralysis agitans,Paralysis agitans,Group of rare disorders (Orphanet),"Paralysis agitans. Its ICD-10 equivalent (G20) is an umbrella under which Orphanet catalogues 10 narrower rare diseases, e.g. Atypical juvenile parkinsonism; Caribbean parkinsonism; Early-onset parkinsonism-intellectual disability syndrome.",multiple,Atypical juvenile parkinsonism; Caribbean parkinsonism; Early-onset parkinsonism-intellectual disability syndrome; Hemiparkinsonism-hemiatrophy syndrome; (+6 more),G20,icd10-ntbt-group,group
421.0,53,diagnosis,Acute and subacute bacterial endocarditis,Ac/subac bact endocard,ICD-9-CM diagnosis,Acute and subacute bacterial endocarditis,none,none,I33.0,none,no
520.6,54,diagnosis,Disturbances in tooth eruption,Tooth eruption disturb,ICD-9-CM diagnosis,Disturbances in tooth eruption,none,none,K00.6;K01.0;K01.1,none,no
289.1,55,diagnosis,Chronic lymphadenitis,Chronic lymphadenitis,ICD-9-CM diagnosis,Chronic lymphadenitis,none,none,I88.1,none,no
588.1,56,diagnosis,Nephrogenic diabetes insipidus,Nephrogen diabetes insip,Disease,"A rare, genetic renal tubular disease that is characterized by polyuria with polydipsia, recurrent bouts of fever, constipation, and acute hypernatremic dehydration after birth that may cause neurological sequelae.",ORPHA:223,Arginine vasopressin resistance,N25.1,name-exact,yes
112.3,57,diagnosis,Candidiasis of skin and nails,Cutaneous candidiasis,ICD-9-CM diagnosis,Candidiasis of skin and nails,none,none,B37.2,none,no
282.49,58,diagnosis,Other thalassemia,Thalassemia NEC,ICD-9-CM diagnosis,Other thalassemia,none,none,D56.8,none,no
E879.1,59,external-cause,"Kidney dialysis as the cause of abnormal reaction of patient, or of later complication, without mention of misadventure at time of procedure",Abn react-renal dialysis,ICD-9-CM external cause of injury/poisoning,"Kidney dialysis as the cause of abnormal reaction of patient, or of later complication, without mention of misadventure at time of procedure",none,none,Y84.1,none,no
447.6,60,diagnosis,"Arteritis, unspecified",Arteritis NOS,ICD-9-CM diagnosis,"Arteritis, unspecified",none,none,I77.6,none,no
569.83,61,diagnosis,Perforation of intestine,Perforation of intestine,ICD-9-CM diagnosis,Perforation of intestine,none,none,K63.1,none,no
146.9,62,diagnosis,"Malignant neoplasm of oropharynx, unspecified site",Malig neo oropharynx NOS,ICD-9-CM diagnosis,"Malignant neoplasm of oropharynx, unspecified site",none,none,C10.9,none,no
756.0,63,diagnosis,Anomalies of skull and face bones,Anomal skull/face bones,ICD-9-CM diagnosis,Anomalies of skull and face bones,none,none,Q75.0;Q75.2;Q75.9,none,no
758.89,64,diagnosis,Other conditions due to chromosome anomalies,Oth con d/t chrm anm NEC,ICD-9-CM diagnosis,Other conditions due to chromosome anomalies,none,none,Q99.8,none,no
251.8,65,diagnosis,Other specified disorders of pancreatic internal secretion,Pancreatic disorder NEC,ICD-9-CM diagnosis,Other specified disorders of pancreatic internal secretion,none,none,E16.8,none,no
714.89,66,diagnosis,Other specified inflammatory polyarthropathies,Inflamm polyarthrop NEC,ICD-9-CM diagnosis,Other specified inflammatory polyarthropathies,none,none,M06.4,none,no
45.91,67,procedure,Small-to-small intestinal anastomosis,Sm-to-sm bowel anastom,ICD-9-CM procedure,Small-to-small intestinal anastomosis,none,none,0D190Z9;0D190ZA;0D190ZB;0D194Z9;0D194ZA;0D194ZB;0D198Z9;0D198ZA;0D198ZB;0D1A0ZA;0D1A0ZB;0D1A4ZA;0D1A4ZB;0D1A8ZA;0D1A8ZB;0D1A8ZH;0D1B0ZB;0D1B4ZB;0D1B8ZB;0D1B8ZH,none,no
333.82,68,diagnosis,Orofacial dyskinesia,Orofacial dyskinesia,ICD-9-CM diagnosis,Orofacial dyskinesia,none,none,G24.4,none,no
253.2,69,diagnosis,Panhypopituitarism,Panhypopituitarism,ICD-9-CM diagnosis,Panhypopituitarism,none,none,E23.0,none,no
253.5,70,diagnosis,Diabetes insipidus,Diabetes insipidus,ICD-9-CM diagnosis,Diabetes insipidus,none,none,E23.2,none,no
351.8,71,diagnosis,Other facial nerve disorders,Facial nerve dis NEC,ICD-9-CM diagnosis,Other facial nerve disorders,none,none,G51.2;G51.4;G51.8,none,no
257.2,72,diagnosis,Other testicular hypofunction,Testicular hypofunc NEC,ICD-9-CM diagnosis,Other testicular hypofunction,none,none,E29.1,none,no
751.2,73,diagnosis,"Atresia and stenosis of large intestine, rectum, and anal canal",Atresia large intestine,ICD-9-CM diagnosis,"Atresia and stenosis of large intestine, rectum, and anal canal",none,none,Q42.9,none,no
741.90,74,diagnosis,"Spina bifida without mention of hydrocephalus, unspecified region",Spina bifida,ICD-9-CM diagnosis,"Spina bifida without mention of hydrocephalus, unspecified region",none,none,Q05.8,none,no
348.0,75,diagnosis,Cerebral cysts,Cerebral cysts,ICD-9-CM diagnosis,Cerebral cysts,none,none,G93.0,none,no
747.0,76,diagnosis,Patent ductus arteriosus,Patent ductus arteriosus,ICD-9-CM diagnosis,Patent ductus arteriosus,none,none,Q25.0,none,no
457.8,77,diagnosis,Other noninfectious disorders of lymphatic channels,Noninfect lymph dis NEC,ICD-9-CM diagnosis,Other noninfectious disorders of lymphatic channels,none,none,I89.8,none,no
211.3,78,diagnosis,Benign neoplasm of colon,Benign neoplasm lg bowel,ICD-9-CM diagnosis,Benign neoplasm of colon,none,none,D12.0;D12.1;D12.6;K63.5,none,no
351.0,79,diagnosis,Bell's palsy,Bell's palsy,ICD-9-CM diagnosis,Bell's palsy,none,none,G51.0,none,no
253.6,80,diagnosis,Other disorders of neurohypophysis,Neurohypophysis dis NEC,ICD-9-CM diagnosis,Other disorders of neurohypophysis,none,none,E22.2,none,no
770.82,81,diagnosis,Other apnea of newborn,Other apnea of newborn,ICD-9-CM diagnosis,Other apnea of newborn,none,none,P28.4,none,no
571.6,82,diagnosis,Biliary cirrhosis,Biliary cirrhosis,Disease,"A rare autoimmune cholestatic liver disease characterized by autoimmune mediated damage of small intrahepatic bile ducts leading to cholestasis, fibrosis, and potential cirrhosis.",ORPHA:186,Primary biliary cholangitis,K74.3;K74.4;K74.5,name-exact,yes
571.42,83,diagnosis,Autoimmune hepatitis,Autoimmune hepatitis,Disease,"A rare liver disease characterized by immune-mediated, acute or chronic liver inflammation, clinically presenting as cryptogenic hepatitis, with interface hepatitis on histological examination, elevated serum aminotransferase levels, and hypergammaglobulinemia / elevated immunoglobulin G, in the presence or absence of specific circulating autoantibodies. Patients may be asymptomatic, chronically ill, or present with acute liver failure. Concurrent autoimmune diseases are frequently observed.",ORPHA:2137,Autoimmune hepatitis,K75.4,name-exact,yes
157.9,84,diagnosis,"Malignant neoplasm of pancreas, part unspecified",Malig neo pancreas NOS,ICD-9-CM diagnosis,"Malignant neoplasm of pancreas, part unspecified",none,none,C25.9,none,no
157.1,85,diagnosis,Malignant neoplasm of body of pancreas,Mal neo pancreas body,ICD-9-CM diagnosis,Malignant neoplasm of body of pancreas,none,none,C25.1,none,no
790.5,86,diagnosis,Other nonspecific abnormal serum enzyme levels,Abn serum enzy level NEC,ICD-9-CM diagnosis,Other nonspecific abnormal serum enzyme levels,none,none,R74.8,none,no
519.19,87,diagnosis,Other diseases of trachea and bronchus,Trachea & bronch dis NEC,ICD-9-CM diagnosis,Other diseases of trachea and bronchus,none,none,J39.8;J98.09,none,no
182.0,88,diagnosis,"Malignant neoplasm of corpus uteri, except isthmus",Malig neo corpus uteri,ICD-9-CM diagnosis,"Malignant neoplasm of corpus uteri, except isthmus",none,none,C54.1;C54.2;C54.3;C54.9,none,no
776.7,89,diagnosis,Transient neonatal neutropenia,Neonatal neutropenia,Disease,Transient neonatal neutropenia,ORPHA:37629,Neonatal neutropenia,P61.5,name-tail,yes
272.6,90,diagnosis,Lipodystrophy,Lipodystrophy,ICD-9-CM diagnosis,Lipodystrophy,none,none,E88.1,none,no
333.2,91,diagnosis,Myoclonus,Myoclonus,ICD-9-CM diagnosis,Myoclonus,none,none,G25.3,none,no
212.7,92,diagnosis,Benign neoplasm of heart,Benign neoplasm heart,ICD-9-CM diagnosis,Benign neoplasm of heart,none,none,D15.1,none,no
748.5,93,diagnosis,"Agenesis, hypoplasia, and dysplasia of lung",Agenesis of lung,ICD-9-CM diagnosis,"Agenesis, hypoplasia, and dysplasia of lung",none,none,Q33.2;Q33.3;Q33.6,none,no
753.15,94,diagnosis,Renal dysplasia,Renal dysplasia,Morphological anomaly,"A rare renal malformation in which the kidney(s) are present but their development is abnormal, leading to malformation of histologic architecture of the kidney and presence of embryological tissue such as mesenchymal collarettes or other forms of undifferentiated and metaplastic tissues. Renal dysplasia can be unilateral or bilateral, segmental, and of variable severity.",ORPHA:93108,Renal dysplasia,Q61.4,name-exact,yes
343.0,95,diagnosis,Congenital diplegia,Congenital diplegia,ICD-9-CM diagnosis,Congenital diplegia,none,none,G80.1,none,no
478.29,96,diagnosis,"Other diseases of pharynx, not elsewhere classified",Disease of pharynx NEC,ICD-9-CM diagnosis,"Other diseases of pharynx, not elsewhere classified",none,none,J39.2,none,no
318.2,97,diagnosis,Profound intellectual disabilities,Profnd intellct disablty,ICD-9-CM diagnosis,Profound intellectual disabilities,none,none,F73,none,no
191.9,98,diagnosis,"Malignant neoplasm of brain, unspecified",Malig neo brain NOS,ICD-9-CM diagnosis,"Malignant neoplasm of brain, unspecified",none,none,C71.9,none,no
710.1,99,diagnosis,Systemic sclerosis,Systemic sclerosis,Disease,"Systemic sclerosis (SSc) is a generalized disorder of small arteries, microvessels and connective tissue, characterized by fibrosis and vascular obliteration in the skin and organs, particularly the lungs, heart, and digestive tract. There are two main subsets of SSc: diffuse cutaneous SSc (dcSSc) and limited cutaneous SSc (lcSSc). A third subset of SSc has also been observed, called limited Systemic Sclerosis (lSSc) or systemic sclerosis sine scleroderma.",ORPHA:90291,Systemic sclerosis,M34.0;M34.1;M34.9,name-exact,yes
519.3,100,diagnosis,"Other diseases of mediastinum, not elsewhere classified",Mediastinum disease NEC,ICD-9-CM diagnosis,"Other diseases of mediastinum, not elsewhere classified",none,none,J98.5,none,no
777.1,101,diagnosis,Meconium obstruction in fetus or newborn,Meconium obstruction,ICD-9-CM diagnosis,Meconium obstruction in fetus or newborn,none,none,P76.0,none,no
743.65,102,diagnosis,Specified congenital anomalies of lacrimal passages,Spec lacrimal pass anom,ICD-9-CM diagnosis,Specified congenital anomalies of lacrimal passages,none,none,Q10.4;Q10.6,none,no
518.3,103,diagnosis,Pulmonary eosinophilia,Pulmonary eosinophilia,Clinical group,Pulmonary eosinophilia,ORPHA:182101,Idiopathic eosinophilic pneumonia,J82,icd10-exact-E,group
709.2,104,diagnosis,Scar conditions and fibrosis of skin,Scar & fibrosis of skin,ICD-9-CM diagnosis,Scar conditions and fibrosis of skin,none,none,L90.5,none,no
185,105,diagnosis,Malignant neoplasm of prostate,Malign neopl prostate,ICD-9-CM diagnosis,Malignant neoplasm of prostate,none,none,C61,none,no
277.1,106,diagnosis,Disorders of porphyrin metabolism,Dis porphyrin metabolism,ICD-9-CM diagnosis,Disorders of porphyrin metabolism,none,none,E80.0;E80.20;E80.29,none,no
746.3,107,diagnosis,Congenital stenosis of aortic valve,Cong aorta valv stenosis,ICD-9-CM diagnosis,Congenital stenosis of aortic valve,none,none,Q23.0,none,no
245.2,108,diagnosis,Chronic lymphocytic thyroiditis,Chr lymphocyt thyroidit,ICD-9-CM diagnosis,Chronic lymphocytic thyroiditis,none,none,E06.3,none,no
482.1,109,diagnosis,Pneumonia due to Pseudomonas,Pseudomonal pneumonia,ICD-9-CM diagnosis,Pneumonia due to Pseudomonas,none,none,J15.1,none,no
674.51,110,diagnosis,"Peripartum cardiomyopathy, delivered, with or without mention of antepartum condition",Peripartum cardiomy-del,ICD-9-CM diagnosis,"Peripartum cardiomyopathy, delivered, with or without mention of antepartum condition",none,none,O90.3,none,no
235.7,111,diagnosis,"Neoplasm of uncertain behavior of trachea, bronchus, and lung",Unc behav neo lung,ICD-9-CM diagnosis,"Neoplasm of uncertain behavior of trachea, bronchus, and lung",none,none,D38.1,none,no
238.71,112,diagnosis,Essential thrombocythemia,Essntial thrombocythemia,Disease,Essential thrombocythemia (ET) is a myeloproliferative neoplasm (MPN) characterized by a sustained elevation of platelet number (> 450 x 109/L) with a tendency for thrombosis and hemorrhage.,ORPHA:3318,Essential thrombocythemia,D47.3,name-exact,yes
110.8,113,diagnosis,Dermatophytosis of other specified sites,Dermatophytosis site NEC,ICD-9-CM diagnosis,Dermatophytosis of other specified sites,none,none,B35.8,none,no
401.1,114,diagnosis,Benign essential hypertension,Benign hypertension,ICD-9-CM diagnosis,Benign essential hypertension,none,none,I10,none,no
567.89,115,diagnosis,Other specified peritonitis,Peritonitis NEC,ICD-9-CM diagnosis,Other specified peritonitis,none,none,K65.8,none,no
751.69,116,diagnosis,"Other anomalies of gallbladder, bile ducts, and liver",Biliary & liver anom NEC,ICD-9-CM diagnosis,"Other anomalies of gallbladder, bile ducts, and liver",none,none,Q44.1;Q44.4;Q44.5;Q44.7,none,no
745.4,117,diagnosis,Ventricular septal defect,Ventricular sept defect,ICD-9-CM diagnosis,Ventricular septal defect,none,none,Q21.0,none,no
747.42,118,diagnosis,Partial anomalous pulmonary venous connection,Part anom pulm ven conn,ICD-9-CM diagnosis,Partial anomalous pulmonary venous connection,none,none,Q26.3,none,no
537.3,119,diagnosis,Other obstruction of duodenum,Duodenal obstruction NEC,ICD-9-CM diagnosis,Other obstruction of duodenum,none,none,K31.5,none,no
318.1,120,diagnosis,Severe intellectual disabilities,Sev intellect disability,ICD-9-CM diagnosis,Severe intellectual disabilities,none,none,F72,none,no
590.10,121,diagnosis,Acute pyelonephritis without lesion of renal medullary necrosis,Ac pyelonephritis NOS,ICD-9-CM diagnosis,Acute pyelonephritis without lesion of renal medullary necrosis,none,none,N10,none,no
277.6,122,diagnosis,Other deficiencies of circulating enzymes,Defic circul enzyme NEC,ICD-9-CM diagnosis,Other deficiencies of circulating enzymes,none,none,D84.1,none,no
286.0,123,diagnosis,Congenital factor VIII disorder,Cong factor viii diord,Disease,A rare genetic hematological disorder characterized by spontaneous or prolonged hemorrhages due to factor VIII deficiency.,ORPHA:98878,Hemophilia A,D66,icd10-exact-E,yes
457.1,124,diagnosis,Other lymphedema,Other lymphedema,ICD-9-CM diagnosis,Other lymphedema,none,none,I89.0,none,no
757.33,125,diagnosis,Congenital pigmentary anomalies of skin,Cong skin pigment anomal,ICD-9-CM diagnosis,Congenital pigmentary anomalies of skin,none,none,Q82.1;Q82.2,none,no
237.5,126,diagnosis,Neoplasm of uncertain behavior of brain and spinal cord,Unc beh neo brain/spinal,ICD-9-CM diagnosis,Neoplasm of uncertain behavior of brain and spinal cord,none,none,D43.2;D43.4,none,no
213.0,127,diagnosis,Benign neoplasm of bones of skull and face,Ben neo skull/face bone,ICD-9-CM diagnosis,Benign neoplasm of bones of skull and face,none,none,D16.4,none,no
150.8,128,diagnosis,Malignant neoplasm of other specified part of esophagus,Mal neo esophagus NEC,ICD-9-CM diagnosis,Malignant neoplasm of other specified part of esophagus,none,none,C15.8,none,no
157.4,129,diagnosis,Malignant neoplasm of islets of langerhans,Mal neo islet langerhans,ICD-9-CM diagnosis,Malignant neoplasm of islets of langerhans,none,none,C25.4,none,no
251.1,130,diagnosis,Other specified hypoglycemia,Oth spcf hypoglycemia,ICD-9-CM diagnosis,Other specified hypoglycemia,none,none,E16.0;E16.1,none,no
753.0,131,diagnosis,Renal agenesis and dysgenesis,Renal agenesis,ICD-9-CM diagnosis,Renal agenesis and dysgenesis,none,none,Q60.2;Q60.5,none,no
743.61,132,diagnosis,Congenital ptosis,Congenital ptosis,ICD-9-CM diagnosis,Congenital ptosis,none,none,Q10.0,none,no
238.4,133,diagnosis,Polycythemia vera,Polycythemia vera,Disease,"A rare acquired myeloproliferative neoplasm characterized by an elevated absolute red blood cell mass (RBCM) caused by uncontrolled red blood cell production, frequently associated with uncontrolled white blood cell and platelet production.",ORPHA:729,Polycythemia vera,D45,icd10-exact-E,yes
579.0,134,diagnosis,Celiac disease,Celiac disease,ICD-9-CM diagnosis,Celiac disease,none,none,K90.0,none,no
745.2,135,diagnosis,Tetralogy of fallot,Tetralogy of fallot,Malformation syndrome,"Tetralogy of Fallot is a congenital cardiac malformation that consists of an interventricular communication, also known as a ventricular septal defect, obstruction of the right ventricular outflow tract, override of the ventricular septum by the aortic root, and right ventricular hypertrophy.",ORPHA:3303,Tetralogy of Fallot,Q21.3,name-exact,yes
753.19,136,diagnosis,Other specified cystic kidney disease,Cystic kidney diseas NEC,ICD-9-CM diagnosis,Other specified cystic kidney disease,none,none,Q61.02;Q61.8,none,no
252.01,137,diagnosis,Primary hyperparathyroidism,Primary hyperparathyroid,ICD-9-CM diagnosis,Primary hyperparathyroidism,none,none,E21.0,none,no
245.8,138,diagnosis,Other and unspecified chronic thyroiditis,Chr thyroiditis NEC/NOS,ICD-9-CM diagnosis,Other and unspecified chronic thyroiditis,none,none,E06.5,none,no
451.84,139,diagnosis,"Phlebitis and thrombophlebitis of upper extremities, unspecified",Phlbts vn NOS up extrm,ICD-9-CM diagnosis,"Phlebitis and thrombophlebitis of upper extremities, unspecified",none,none,I80.8,none,no
569.41,140,diagnosis,Ulcer of anus and rectum,Rectal & anal ulcer,ICD-9-CM diagnosis,Ulcer of anus and rectum,none,none,K62.6,none,no
709.8,141,diagnosis,Other specified disorders of skin,Skin disorders NEC,ICD-9-CM diagnosis,Other specified disorders of skin,none,none,L94.2;L98.8,none,no
527.8,142,diagnosis,Other specified diseases of the salivary glands,Salivary gland dis NEC,ICD-9-CM diagnosis,Other specified diseases of the salivary glands,none,none,K11.8,none,no
336.0,143,diagnosis,Syringomyelia and syringobulbia,Syringomyelia,ICD-9-CM diagnosis,Syringomyelia and syringobulbia,none,none,G95.0,none,no
750.3,144,diagnosis,"Tracheoesophageal fistula, esophageal atresia and stenosis",Cong esoph fistula/atres,ICD-9-CM diagnosis,"Tracheoesophageal fistula, esophageal atresia and stenosis",none,none,Q39.0;Q39.1;Q39.2;Q39.3;Q39.4,none,no
751.5,145,diagnosis,Other anomalies of intestine,Intestinal anomaly NEC,ICD-9-CM diagnosis,Other anomalies of intestine,none,none,Q43.4;Q43.5;Q43.7;Q43.8,none,no
287.31,146,diagnosis,Immune thrombocytopenic purpura,Immune thrombocyt purpra,Disease,"A rare autoimmune coagulation disorder characterized by isolated thrombocytopenia (a platelet count <100,000/microL), in the absence of any underlying disorder that may be associated with thrombocytopenia.",ORPHA:3002,Immune thrombocytopenia,D69.3,name-exact,yes
442.81,147,diagnosis,Aneurysm of artery of neck,Aneurysm of neck,ICD-9-CM diagnosis,Aneurysm of artery of neck,none,none,I72.0,none,no
484.6,148,diagnosis,Pneumonia in aspergillosis,Pneum in aspergillosis,ICD-9-CM diagnosis,Pneumonia in aspergillosis,none,none,B44.0,none,no
238.76,149,diagnosis,Myelofibrosis with myeloid metaplasia,Myelofi w myelo metaplas,Disease,"A rare myeloproliferative neoplasm characterized by stem-cell derived clonal over proliferation of mature myeloid lineages, such as erythrocytes, leukocytes, and megakaryocytes, with variable degrees of megakaryocyte atypia, associated with reticulin and/or collagen bone marrow fibrosis, osteosclerosis, ineffective erythropoiesis, angiogenesis, extramedullary hematopoiesis, and abnormal cytokine expression.",ORPHA:824,Primary myelofibrosis,D47.1,name-exact,yes
283.0,150,diagnosis,Autoimmune hemolytic anemias,Autoimmun hemolytic anem,ICD-9-CM diagnosis,Autoimmune hemolytic anemias,none,none,D59.0;D59.1,none,no
427.0,151,diagnosis,Paroxysmal supraventricular tachycardia,Parox atrial tachycardia,ICD-9-CM diagnosis,Paroxysmal supraventricular tachycardia,none,none,I47.1,none,no
62.3,152,procedure,Unilateral orchiectomy,Unilateral orchiectomy,ICD-9-CM procedure,Unilateral orchiectomy,none,none,0VT90ZZ;0VT94ZZ;0VTB0ZZ;0VTB4ZZ,none,no
286.3,153,diagnosis,Congenital deficiency of other clotting factors,Cong def clot factor NEC,ICD-9-CM diagnosis,Congenital deficiency of other clotting factors,none,none,D68.2,none,no
401.0,154,diagnosis,Malignant essential hypertension,Malignant hypertension,ICD-9-CM diagnosis,Malignant essential hypertension,none,none,I10,none,no
287.1,155,diagnosis,Qualitative platelet defects,Thrombocytopathy,ICD-9-CM diagnosis,Qualitative platelet defects,none,none,D69.1,none,no
272.1,156,diagnosis,Pure hyperglyceridemia,Pure hyperglyceridemia,ICD-9-CM diagnosis,Pure hyperglyceridemia,none,none,E78.1,none,no
255.0,157,diagnosis,Cushing's syndrome,Cushing's syndrome,ICD-9-CM diagnosis,Cushing's syndrome,none,none,E24.0;E24.2;E24.3;E24.8;E24.9,none,no
748.0,158,diagnosis,Choanal atresia,Choanal atresia,Morphological anomaly,"Choanal atresia (CA) is a congenital anomaly of the posterior nasal airway characterized by the obstruction of one (unilateral) or both (bilateral) choanal aperture(s), with clinical manifestations ranging from acute respiratory distress to chronic nasal obstruction.",ORPHA:137914,Choanal atresia,Q30.0,name-exact,yes
753.17,159,diagnosis,Medullary sponge kidney,Medullary sponge kidney,Morphological anomaly,"A rare renal tract malformation characterized by dilated malformation of the medullary collecting ducts (typically bilateral), and associated with stone formation, renal colic, hematuria, urinary tract infection, nephrocalcinosis, calcium nephrolithiasis, pyelonephritis, hypercalciuria and hypocitraturia. The disease is associated with abnormal distal tubular functions.",ORPHA:1309,Medullary sponge kidney,Q61.5,name-exact,yes
747.41,160,diagnosis,Total anomalous pulmonary venous connection,Tot anom pulm ven connec,ICD-9-CM diagnosis,Total anomalous pulmonary venous connection,none,none,Q26.2,none,no
193,161,diagnosis,Malignant neoplasm of thyroid gland,Malign neopl thyroid,Group of rare disorders (Orphanet),"Malignant neoplasm of thyroid gland. Its ICD-10 equivalent (C73) is an umbrella under which Orphanet catalogues 6 narrower rare diseases, e.g. Anaplastic thyroid carcinoma; Differentiated thyroid carcinoma; Familial papillary or follicular thyroid carcinoma.",multiple,Anaplastic thyroid carcinoma; Differentiated thyroid carcinoma; Familial papillary or follicular thyroid carcinoma; Familial papillary thyroid carcinoma with renal papillary neoplasia; (+2 more),C73,icd10-ntbt-group,group
564.89,162,diagnosis,Other functional disorders of intestine,Funct dis intestine NEC,ICD-9-CM diagnosis,Other functional disorders of intestine,none,none,K59.8,none,no
530.0,163,diagnosis,Achalasia and cardiospasm,Achalasia & cardiospasm,ICD-9-CM diagnosis,Achalasia and cardiospasm,none,none,K22.0,none,no
701.0,164,diagnosis,Circumscribed scleroderma,Circumscribe scleroderma,ICD-9-CM diagnosis,Circumscribed scleroderma,none,none,L90.0;L94.0;L94.3,none,no
157.8,165,diagnosis,Malignant neoplasm of other specified sites of pancreas,Malig neo pancreas NEC,ICD-9-CM diagnosis,Malignant neoplasm of other specified sites of pancreas,none,none,C25.7;C25.8,none,no
746.85,166,diagnosis,Coronary artery anomaly,Coronary artery anomaly,ICD-9-CM diagnosis,Coronary artery anomaly,none,none,Q24.5,none,no
172.9,167,diagnosis,"Melanoma of skin, site unspecified",Malig melanoma skin NOS,ICD-9-CM diagnosis,"Melanoma of skin, site unspecified",none,none,C43.9;D03.9,none,no
437.3,168,diagnosis,"Cerebral aneurysm, nonruptured",Nonrupt cerebral aneurym,ICD-9-CM diagnosis,"Cerebral aneurysm, nonruptured",none,none,I67.1,none,no
161.8,169,diagnosis,Malignant neoplasm of other specified sites of larynx,Malignant neo larynx NEC,ICD-9-CM diagnosis,Malignant neoplasm of other specified sites of larynx,none,none,C32.8,none,no
451.83,170,diagnosis,Phlebitis and thrombophlebitis of deep veins of upper extremities,Phlbts deep vn up extrm,ICD-9-CM diagnosis,Phlebitis and thrombophlebitis of deep veins of upper extremities,none,none,I80.8,none,no
277.39,171,diagnosis,Other amyloidosis,Amyloidosis NEC,ICD-9-CM diagnosis,Other amyloidosis,none,none,E85.1;E85.3;E85.8,none,no
315.31,172,diagnosis,Expressive language disorder,Expressive language dis,ICD-9-CM diagnosis,Expressive language disorder,none,none,F80.1,none,no
742.4,173,diagnosis,Other specified congenital anomalies of brain,Brain anomaly NEC,ICD-9-CM diagnosis,Other specified congenital anomalies of brain,none,none,Q04.5;Q04.6;Q04.8,none,no
241.1,174,diagnosis,Nontoxic multinodular goiter,Nontox multinodul goiter,Disease,A rare thyroid disease characterized by familial occurrence of thyroid enlargement due to the development of multiple hyperplastic nodules with onset in childhood or adolescence. The condition is commonly associated with the development of other benign or malignant tumors.,ORPHA:276399,Familial multinodular goiter,E04.2,name-tail,yes
191.7,175,diagnosis,Malignant neoplasm of brain stem,Mal neo brain stem,ICD-9-CM diagnosis,Malignant neoplasm of brain stem,none,none,C71.7,none,no
501,176,diagnosis,Asbestosis,Asbestosis,ICD-9-CM diagnosis,Asbestosis,none,none,J61,none,no
754.89,177,diagnosis,Other specified nonteratogenic anomalies,Nonteratogenic anom NEC,ICD-9-CM diagnosis,Other specified nonteratogenic anomalies,none,none,Q67.8;Q68.1;Q74.3,none,no
701.1,178,diagnosis,"Keratoderma, acquired","Keratoderma, acquired",ICD-9-CM diagnosis,"Keratoderma, acquired",none,none,L11.0;L85.0;L85.1;L85.2;L87.0;L87.2,none,no
156.1,179,diagnosis,Malignant neoplasm of extrahepatic bile ducts,Mal neo extrahepat ducts,ICD-9-CM diagnosis,Malignant neoplasm of extrahepatic bile ducts,none,none,C24.0,none,no
357.0,180,diagnosis,Acute infective polyneuritis,Ac infect polyneuritis,ICD-9-CM diagnosis,Acute infective polyneuritis,none,none,G61.0,none,no
771.1,181,diagnosis,Congenital cytomegalovirus infection,Cong cytomegalovirus inf,ICD-9-CM diagnosis,Congenital cytomegalovirus infection,none,none,P35.1,none,no
280.8,182,diagnosis,Other specified iron deficiency anemias,Iron defic anemia NEC,ICD-9-CM diagnosis,Other specified iron deficiency anemias,none,none,D50.1;D50.8,none,no
285.8,183,diagnosis,Other specified anemias,Anemia NEC,ICD-9-CM diagnosis,Other specified anemias,none,none,D64.4;D64.89,none,no
333.6,184,diagnosis,Genetic torsion dystonia,Genetic torsion dystonia,Disease,"A rare movement disorder characterized by involuntary, repetitive, sustained muscle contractions or postures that typically begins in a single limb and, in most individuals, followed by progressive involvement of other limbs and the trunk, typically sparing the cranial and cervical region.",ORPHA:256,Early-onset generalized limb-onset dystonia,G24.1,name-tail,yes
184.0,185,diagnosis,Malignant neoplasm of vagina,Malign neopl vagina,Group of rare disorders (Orphanet),"Malignant neoplasm of vagina. Its ICD-10 equivalent (C52) is an umbrella under which Orphanet catalogues 3 narrower rare diseases, e.g. Malignant germ cell tumor of the vagina; Vaginal carcinoma; Vulvovaginal rhabdomyosarcoma.",multiple,Malignant germ cell tumor of the vagina; Vaginal carcinoma; Vulvovaginal rhabdomyosarcoma,C52,icd10-ntbt-group,group
446.7,186,diagnosis,Takayasu's disease,Takayasu's disease,ICD-9-CM diagnosis,Takayasu's disease,none,none,M31.4,none,no
286.2,187,diagnosis,Congenital factor XI deficiency,Cong factor xi disorder,ICD-9-CM diagnosis,Congenital factor XI deficiency,none,none,D68.1,none,no
156.2,188,diagnosis,Malignant neoplasm of ampulla of vater,Mal neo ampulla of vater,ICD-9-CM diagnosis,Malignant neoplasm of ampulla of vater,none,none,C24.1,none,no
277.4,189,diagnosis,Disorders of bilirubin excretion,Dis bilirubin excretion,ICD-9-CM diagnosis,Disorders of bilirubin excretion,none,none,E80.4;E80.5;E80.6;E80.7,none,no
288.4,190,diagnosis,Hemophagocytic syndromes,Hemophagocytic syndromes,ICD-9-CM diagnosis,Hemophagocytic syndromes,none,none,D76.1;D76.2;D76.3,none,no
322.9,191,diagnosis,"Meningitis, unspecified",Meningitis NOS,ICD-9-CM diagnosis,"Meningitis, unspecified",none,none,G03.9,none,no
153.8,192,diagnosis,Malignant neoplasm of other specified sites of large intestine,Malignant neo colon NEC,ICD-9-CM diagnosis,Malignant neoplasm of other specified sites of large intestine,none,none,C18.8,none,no
151.0,193,diagnosis,Malignant neoplasm of cardia,Mal neo stomach cardia,ICD-9-CM diagnosis,Malignant neoplasm of cardia,none,none,C16.0,none,no
748.61,194,diagnosis,Congenital bronchiectasis,Congen bronchiectasis,ICD-9-CM diagnosis,Congenital bronchiectasis,none,none,Q33.4,none,no
697.0,195,diagnosis,Lichen planus,Lichen planus,ICD-9-CM diagnosis,Lichen planus,none,none,L43.8;L66.1,none,no
368.8,196,diagnosis,Other specified visual disturbances,Visual disturbances NEC,ICD-9-CM diagnosis,Other specified visual disturbances,none,none,H53.8,none,no
281.0,197,diagnosis,Pernicious anemia,Pernicious anemia,Disease,Congenital intrinsic factor deficiency (IFD) is a rare disorder of vitamin B12 (cobalamin) absorption that is characterized by megaloblastic anemia and neurological abnormalities.,ORPHA:332,Congenital intrinsic factor deficiency,D51.0,name-exact,yes
353.0,198,diagnosis,Brachial plexus lesions,Brachial plexus lesions,ICD-9-CM diagnosis,Brachial plexus lesions,none,none,G54.0,none,no
773.2,199,diagnosis,Hemolytic disease of fetus or newborn due to other and unspecified isoimmunization,NB hemolyt dis-isoim NEC,ICD-9-CM diagnosis,Hemolytic disease of fetus or newborn due to other and unspecified isoimmunization,none,none,P55.8;P55.9,none,no
749.20,200,diagnosis,"Cleft palate with cleft lip, unspecified",Cleft palate & lip NOS,ICD-9-CM diagnosis,"Cleft palate with cleft lip, unspecified",none,none,Q37.9,none,no
482.84,201,diagnosis,Pneumonia due to Legionnaires' disease,Legionnaires' disease,ICD-9-CM diagnosis,Pneumonia due to Legionnaires' disease,none,none,A48.1,none,no
519.2,202,diagnosis,Mediastinitis,Mediastinitis,ICD-9-CM diagnosis,Mediastinitis,none,none,J98.5,none,no
753.3,203,diagnosis,Other specified anomalies of kidney,Kidney anomaly NEC,ICD-9-CM diagnosis,Other specified anomalies of kidney,none,none,Q63.0;Q63.1;Q63.2;Q63.3;Q63.8,none,no
253.0,204,diagnosis,Acromegaly and gigantism,Acromegaly and gigantism,ICD-9-CM diagnosis,Acromegaly and gigantism,none,none,E22.0,none,no
453.0,205,diagnosis,Budd-chiari syndrome,Budd-chiari syndrome,Disease,A rare vascular liver disease characterized by obstruction of hepatic venous outflow involving either the hepatic veins or the terminal segment of the inferior vena cava.,ORPHA:131,Budd-Chiari syndrome,I82.0,name-exact,yes
300.11,206,diagnosis,Conversion disorder,Conversion disorder,ICD-9-CM diagnosis,Conversion disorder,none,none,F44.4;F44.6,none,no
153.6,207,diagnosis,Malignant neoplasm of ascending colon,Malig neo ascend colon,ICD-9-CM diagnosis,Malignant neoplasm of ascending colon,none,none,C18.2,none,no
441.1,208,diagnosis,"Thoracic aneurysm, ruptured",Ruptur thoracic aneurysm,ICD-9-CM diagnosis,"Thoracic aneurysm, ruptured",none,none,I71.1,none,no
191.2,209,diagnosis,Malignant neoplasm of temporal lobe,Mal neo temporal lobe,ICD-9-CM diagnosis,Malignant neoplasm of temporal lobe,none,none,C71.2,none,no
705.83,210,diagnosis,Hidradenitis,Hidradenitis,ICD-9-CM diagnosis,Hidradenitis,none,none,L73.2,none,no
779.7,211,diagnosis,Periventricular leukomalacia,Perivent leukomalacia,ICD-9-CM diagnosis,Periventricular leukomalacia,none,none,P91.2,none,no
748.8,212,diagnosis,Other specified anomalies of respiratory system,Respiratory anomaly NEC,ICD-9-CM diagnosis,Other specified anomalies of respiratory system,none,none,Q34.0;Q34.1;Q34.8,none,no
743.59,213,diagnosis,Other congenital anomalies of posterior segment,Post segmnt anom NEC-eye,ICD-9-CM diagnosis,Other congenital anomalies of posterior segment,none,none,Q14.8,none,no
147.1,214,diagnosis,Malignant neoplasm of posterior wall of nasopharynx,Mal neo post nasopharynx,ICD-9-CM diagnosis,Malignant neoplasm of posterior wall of nasopharynx,none,none,C11.1,none,no
62.5,215,procedure,Orchiopexy,Orchiopexy,ICD-9-CM procedure,Orchiopexy,none,none,0VS90ZZ;0VS93ZZ;0VS94ZZ;0VSB0ZZ;0VSB3ZZ;0VSB4ZZ;0VSC0ZZ;0VSC3ZZ;0VSC4ZZ,none,no
227.3,216,diagnosis,Benign neoplasm of pituitary gland and craniopharyngeal duct,Benign neo pituitary,ICD-9-CM diagnosis,Benign neoplasm of pituitary gland and craniopharyngeal duct,none,none,D35.2;D35.3,none,no
253.4,217,diagnosis,Other anterior pituitary disorders,Anter pituitary dis NEC,ICD-9-CM diagnosis,Other anterior pituitary disorders,none,none,E23.6,none,no
256.4,218,diagnosis,Polycystic ovaries,Polycystic ovaries,ICD-9-CM diagnosis,Polycystic ovaries,none,none,E28.2,none,no
446.0,219,diagnosis,Polyarteritis nodosa,Polyarteritis nodosa,ICD-9-CM diagnosis,Polyarteritis nodosa,none,none,M30.0,none,no
581.2,220,diagnosis,Nephrotic syndrome with lesion of membranoproliferative glomerulonephritis,Membranoprolif nephrosis,Disease,"A rare glomerular disease characterized by a pattern of glomerular injury on kidney biopsy with characteristic light microscopic changes: mesangial hypercellularity, endocapillary proliferation, and thickening of the glomerular basement membrane (GBM). On the basis of immunofluorescence (IF) the disorder is divided into C3 glomerulopathy (C3G) or immunoglobulin-mediated membranoproliferative glomerulonephritis. Through electron microscopy C3G is further divided into Dense deposit disease, with highly electrondense deposits in the glomerular basement membrane, and C3 glomerulonephritis, with mesangial, intramembranous, subendothelial and subepithelial deposits. Secondary causes (autoimmune, infectious, malignancies) are excluded.",ORPHA:54370,Primary membranoproliferative glomerulonephritis,N04.3,name-tail,yes
446.6,221,diagnosis,Thrombotic microangiopathy,Thrombot microangiopathy,Clinical group,Thrombotic microangiopathy,ORPHA:93573,Thrombotic microangiopathy,M31.1,name-exact,group
334.1,222,diagnosis,Hereditary spastic paraplegia,Hered spastic paraplegia,Clinical group,"A genetically and clinically heterogeneous group of slowly progressive neurological disorders which in the pure form is characterized by pyramidal signs (weakness, spasticity, brisk tendon reflexes, and extensor plantar responses) predominantly affecting the lower limbs and with possible association of sphincter disturbances and deep sensory loss; and in the complex form by the addition of variable neurological or non-neurological features.",ORPHA:685,Hereditary spastic paraplegia,G11.4,name-exact,group
709.01,223,diagnosis,Vitiligo,Vitiligo,ICD-9-CM diagnosis,Vitiligo,none,none,L80,none,no
150.5,224,diagnosis,Malignant neoplasm of lower third of esophagus,Mal neo lower 3rd esoph,ICD-9-CM diagnosis,Malignant neoplasm of lower third of esophagus,none,none,C15.5,none,no
747.21,225,diagnosis,Anomalies of aortic arch,Anomalies of aortic arch,ICD-9-CM diagnosis,Anomalies of aortic arch,none,none,Q25.4,none,no
747.69,226,diagnosis,Anomalies of other specified sites of peripheral vascular system,Oth spcf prph vscl anoml,ICD-9-CM diagnosis,Anomalies of other specified sites of peripheral vascular system,none,none,Q27.8,none,no
742.3,227,diagnosis,Congenital hydrocephalus,Congenital hydrocephalus,ICD-9-CM diagnosis,Congenital hydrocephalus,none,none,Q03.0;Q03.1;Q03.8,none,no
695.4,228,diagnosis,Lupus erythematosus,Lupus erythematosus,ICD-9-CM diagnosis,Lupus erythematosus,none,none,L93.0;L93.2,none,no
694.5,229,diagnosis,Pemphigoid,Pemphigoid,ICD-9-CM diagnosis,Pemphigoid,none,none,L12.0;L12.8,none,no
378.87,230,diagnosis,Other dissociated deviation of eye movements,"Skew deviation, eye",ICD-9-CM diagnosis,Other dissociated deviation of eye movements,none,none,H51.8,none,no
759.6,231,diagnosis,"Other hamartoses, not elsewhere classified",Hamartoses NEC,ICD-9-CM diagnosis,"Other hamartoses, not elsewhere classified",none,none,Q85.8,none,no
259.2,232,diagnosis,Carcinoid syndrome,Carcinoid syndrome,ICD-9-CM diagnosis,Carcinoid syndrome,none,none,E34.0,none,no
709.09,233,diagnosis,Other dyschromia,Other dyschromia,ICD-9-CM diagnosis,Other dyschromia,none,none,L81.8,none,no
759.7,234,diagnosis,"Multiple congenital anomalies, so described",Mult congen anomal NEC,ICD-9-CM diagnosis,"Multiple congenital anomalies, so described",none,none,Q89.7,none,no
751.3,235,diagnosis,Hirschsprung's disease and other congenital functional disorders of colon,Hirschsprung's disease,ICD-9-CM diagnosis,Hirschsprung's disease and other congenital functional disorders of colon,none,none,Q43.1,none,no
770.4,236,diagnosis,Primary atelectasis,Primary atelectasis,ICD-9-CM diagnosis,Primary atelectasis,none,none,P28.0,none,no
702.8,237,diagnosis,Other specified dermatoses,Other specf dermatoses,ICD-9-CM diagnosis,Other specified dermatoses,none,none,L98.8,none,no
388.61,238,diagnosis,Cerebrospinal fluid otorrhea,Cerebrosp fluid otorrhea,ICD-9-CM diagnosis,Cerebrospinal fluid otorrhea,none,none,G96.0,none,no
350.1,239,diagnosis,Trigeminal neuralgia,Trigeminal neuralgia,Disease,"A rare acquired peripheral neuropathy characterized by paroxysmal, sharp, stabbing, electric-shock-like orofacial pain, that is restricted to one or more of the trigeminal nerve divisions and mostly unilateral. Attacks are brief (few seconds to a maximum of two minutes), but typically occur repeatedly and periodically, can arise spontaneously or be triggered by innocuous stimuli, and are frequently accompanied by tic-like cramps of facial muscles. The condition affects women more often than men.",ORPHA:221091,Trigeminal neuralgia,G50.0,name-exact,yes
571.49,240,diagnosis,Other chronic hepatitis,Chronic hepatitis NEC,ICD-9-CM diagnosis,Other chronic hepatitis,none,none,K73.2;K73.8,none,no
437.5,241,diagnosis,Moyamoya disease,Moyamoya disease,ICD-9-CM diagnosis,Moyamoya disease,none,none,I67.5,none,no
478.25,242,diagnosis,Edema of pharynx or nasopharynx,Edema pharynx/nasopharyx,ICD-9-CM diagnosis,Edema of pharynx or nasopharynx,none,none,J39.2,none,no
289.0,243,diagnosis,"Polycythemia, secondary",Secondary polycythemia,ICD-9-CM diagnosis,"Polycythemia, secondary",none,none,D75.1,none,no
272.2,244,diagnosis,Mixed hyperlipidemia,Mixed hyperlipidemia,ICD-9-CM diagnosis,Mixed hyperlipidemia,none,none,E78.2,none,no
759.2,245,diagnosis,Anomalies of other endocrine glands,Endocrine anomaly NEC,ICD-9-CM diagnosis,Anomalies of other endocrine glands,none,none,Q89.2,none,no
156.9,246,diagnosis,"Malignant neoplasm of biliary tract, part unspecified site",Malig neo biliary NOS,ICD-9-CM diagnosis,"Malignant neoplasm of biliary tract, part unspecified site",none,none,C24.9,none,no
751.62,247,diagnosis,Congenital cystic disease of liver,Cong cystic liver dis,ICD-9-CM diagnosis,Congenital cystic disease of liver,none,none,Q44.6,none,no
356.1,248,diagnosis,Peroneal muscular atrophy,Peroneal muscle atrophy,ICD-9-CM diagnosis,Peroneal muscular atrophy,none,none,G60.0,none,no
155.1,249,diagnosis,Malignant neoplasm of intrahepatic bile ducts,Mal neo intrahepat ducts,ICD-9-CM diagnosis,Malignant neoplasm of intrahepatic bile ducts,none,none,C22.1,none,no
451.89,250,diagnosis,Phlebitis and thrombophlebitis of other sites,Thrombophlebitis NEC,ICD-9-CM diagnosis,Phlebitis and thrombophlebitis of other sites,none,none,I80.8,none,no
199.0,251,diagnosis,Disseminated malignant neoplasm without specification of site,Malig neo disseminated,ICD-9-CM diagnosis,Disseminated malignant neoplasm without specification of site,none,none,C80.0,none,no
753.10,252,diagnosis,"Cystic kidney disease, unspecified",Cystic kidney diseas NOS,ICD-9-CM diagnosis,"Cystic kidney disease, unspecified",none,none,Q61.00;Q61.9,none,no
379.99,253,diagnosis,Other ill-defined disorders of eye,Ill-defined eye dis NEC,ICD-9-CM diagnosis,Other ill-defined disorders of eye,none,none,H57.8,none,no
742.2,254,diagnosis,Congenital reduction deformities of brain,"Reduction deform, brain",ICD-9-CM diagnosis,Congenital reduction deformities of brain,none,none,Q04.1;Q04.2;Q04.3,none,no
746.7,255,diagnosis,Hypoplastic left heart syndrome,Hypoplas left heart synd,Morphological anomaly,"A rare, congenital, non-syndromic, heart malformation characterized by under development of the left-sided cardiac structures (including left ventricle, ascending aorta, aortic arch, and mitral and/or aortic valve) such that the left heart is unable to provide adequate systemic cardiac output.",ORPHA:2248,Hypoplastic left heart syndrome,Q23.4,name-exact,yes
704.8,256,diagnosis,Other specified diseases of hair and hair follicles,Hair diseases NEC,ICD-9-CM diagnosis,Other specified diseases of hair and hair follicles,none,none,L66.3;L73.8,none,no
286.1,257,diagnosis,Congenital factor IX disorder,Cong factor IX disorder,Disease,A rare hematological disorder characterized by spontaneous or prolonged hemorrhages due to factor IX deficiency.,ORPHA:98879,Hemophilia B,D67,icd10-exact-E,yes
366.8,258,diagnosis,Other cataract,Cataract NEC,ICD-9-CM diagnosis,Other cataract,none,none,H26.8,none,no
333.92,259,diagnosis,Neuroleptic malignant syndrome,Neuroleptic malgnt synd,Disease,"A rare neuropsychiatric syndrome associated with administration of antipsychotic or other central dopamine (D2) receptor antagonists, and characterized by hyperthermia, muscular rigidity, autonomic dysfunction and altered consciousness.",ORPHA:94093,Neuroleptic malignant syndrome,G21.0,name-exact,yes
774.30,260,diagnosis,"Neonatal jaundice due to delayed conjugation, cause unspecified",Delay conjugat jaund NOS,ICD-9-CM diagnosis,"Neonatal jaundice due to delayed conjugation, cause unspecified",none,none,P59.8,none,no
202.60,261,diagnosis,"Malignant mast cell tumors, unspecified site, extranodal and solid organ sites",Mlg mast unsp xtrndl org,ICD-9-CM diagnosis,"Malignant mast cell tumors, unspecified site, extranodal and solid organ sites",none,none,C96.2,none,no
746.89,262,diagnosis,Other specified congenital anomalies of heart,Cong heart anomaly NEC,ICD-9-CM diagnosis,Other specified congenital anomalies of heart,none,none,Q23.8;Q24.8,none,no
279.8,263,diagnosis,Other specified disorders involving the immune mechanism,Immune mechanism dis NEC,ICD-9-CM diagnosis,Other specified disorders involving the immune mechanism,none,none,D84.1;D89.89;M35.9,none,no
253.7,264,diagnosis,Iatrogenic pituitary disorders,Iatrogenic pituitary dis,ICD-9-CM diagnosis,Iatrogenic pituitary disorders,none,none,E23.1;E89.3,none,no
446.5,265,diagnosis,Giant cell arteritis,Giant cell arteritis,Disease,"A rare large vessel vasculitis (LVV) characterized by vasculitis predominantly involving the arteries originating from the aortic arch and the extracranial branches of the carotid arteries. Clinical manifestations are variable, the predominant cranial phenotype is characterized by headache, jaw claudication, scalp tenderness and visual symptoms and the predominant LVV type by constitutional symptoms, polymyalgia rheumatica and occasionally limb ischemia. Overlaps between these two phenotypes are common.",ORPHA:397,Giant cell arteritis,M31.6,name-exact,yes
728.71,266,diagnosis,Plantar fascial fibromatosis,Plantar fibromatosis,ICD-9-CM diagnosis,Plantar fascial fibromatosis,none,none,M72.2,none,no
282.60,267,diagnosis,"Sickle-cell disease, unspecified",Sickle cell disease NOS,Category,"Sickle-cell disease, unspecified",ORPHA:275752,Sickle cell disease,D57.1,name-exact,group
251.5,268,diagnosis,Abnormality of secretion of gastrin,Abnorm secretion gastrin,ICD-9-CM diagnosis,Abnormality of secretion of gastrin,none,none,E16.4,none,no
253.8,269,diagnosis,Other disorders of the pituitary and other syndromes of diencephalohypophyseal origin,Pituitary disorder NEC,ICD-9-CM diagnosis,Other disorders of the pituitary and other syndromes of diencephalohypophyseal origin,none,none,E23.6,none,no
389.10,270,diagnosis,"Sensorineural hearing loss, unspecified",Sensorneur hear loss NOS,ICD-9-CM diagnosis,"Sensorineural hearing loss, unspecified",none,none,H90.5,none,no
747.61,271,diagnosis,Gastrointestinal vessel anomaly,Gstrontest vesl anomaly,ICD-9-CM diagnosis,Gastrointestinal vessel anomaly,none,none,Q26.5,none,no
349.89,272,diagnosis,Other specified disorders of nervous system,Cns disorder NEC,Group of rare disorders (Orphanet),"Other specified disorders of nervous system. Its ICD-10 equivalent (G96.8,G98.8) is an umbrella under which Orphanet catalogues 3 narrower rare diseases, e.g. Alternating hemiplegia of childhood; Diffuse cerebral and cerebellar atrophy-intractable seizures-progressive microcephaly syndrome; Microcephaly-brain defect-spasticity-hypernatremia syndrome.",multiple,Alternating hemiplegia of childhood; Diffuse cerebral and cerebellar atrophy-intractable seizures-progressive microcephaly syndrome; Microcephaly-brain defect-spasticity-hypernatremia syndrome,G96.8;G98.8,icd10-ntbt-group,group
565.1,273,diagnosis,Anal fistula,Anal fistula,Particular clinical situation in a disease or syndrome,"A rare intestinal condition characterized by an abnormal communication between the lower rectum and the perianal skin, which usually develops after an acute perianal abscess. A fistulous traject may be established on either side of the anus (never in the midline) and mucous or fecal discharge can appear. The skin around the external orifice can be irritated. Males are more often affected than females.",ORPHA:228113,Anal fistula,K60.3;K60.4;K60.5,name-exact,group
745.61,274,diagnosis,Ostium primum defect,Ostium primum defect,ICD-9-CM diagnosis,Ostium primum defect,none,none,Q21.2,none,no
751.7,275,diagnosis,Anomalies of pancreas,Pancreas anomalies,ICD-9-CM diagnosis,Anomalies of pancreas,none,none,Q45.0;Q45.1;Q45.3,none,no
447.4,276,diagnosis,Celiac artery compression syndrome,Celiac art compress syn,Disease,"A rare disease caused by compression of the celiac axis by an abnormally shaped arcuate ligament (the part of the diaphragm in which both pillars join in the midline around the aorta). Patients have recurrent abdominal pain, anorexia and weight loss. The pain is epigastric, and diarrhea or constipation may be present as well. Onset of pain will usually, although not always, be after food intake, and may be associated with nausea and emesis. Other symptoms may include lassitude, exercise intolerance and vomiting. Occasionally, a patient may show an abdominal murmur upon auscultation.",ORPHA:293208,Celiac artery compression syndrome,I77.4,name-exact,yes
756.83,277,diagnosis,Ehlers-Danlos syndrome,Ehlers-danlos syndrome,Clinical group,"A heterogeneous group of diseases characterized by fragility of the soft connective tissues resulting in widespread skin, ligament, joint, blood vessel and/or internal organ manifestations. Clinical spectrum is highly variable, ranging from mild skin and joint hyperlaxity to severe physical disability and life-threatening vascular complications. Overlap with osteogenesis imperfecta may be observed resulting in an EDS/osteogenesis imperfecta overlap phenotype. Diseases in this group include classical Ehlers-Danlos syndrome (EDS), musculocontractural EDS, hypermobile EDS, vascular EDS, arthrochalasia EDS, dermatosparaxis EDS, periodontal EDS, X-linked EDS, brittle cornea syndrome, classical-like EDS type 1 and type 2, cardiac-valvular EDS, spondylodysplastic EDS, myopathic EDS, and kyphoscoliotic EDS.",ORPHA:98249,Ehlers-Danlos syndrome,Q79.6,name-exact,group
333.0,278,diagnosis,Other degenerative diseases of the basal ganglia,Degen basal ganglia NEC,ICD-9-CM diagnosis,Other degenerative diseases of the basal ganglia,none,none,G23.0;G23.1;G23.2;G23.8,none,no
356.2,279,diagnosis,Hereditary sensory neuropathy,Hered sensory neuropathy,ICD-9-CM diagnosis,Hereditary sensory neuropathy,none,none,G60.0,none,no
748.4,280,diagnosis,Congenital cystic lung,Congenital cystic lung,Malformation syndrome,"A rare respiratory malformation characterized by a hamartomatous mass of non-functioning lung tissue of variable extent and with variable degrees of cystic or adenomatoid change. Clinical presentation, prognosis, and presence of associated abnormalities depend on the subtype of the lesion. Based on histopathological findings, five subtypes (types 0 to 4) can be differentiated.",ORPHA:2444,Congenital pulmonary airway malformation,Q33.0,name-exact,yes
153.5,281,diagnosis,Malignant neoplasm of appendix vermiformis,Malignant neo appendix,ICD-9-CM diagnosis,Malignant neoplasm of appendix vermiformis,none,none,C18.1,none,no
749.00,282,diagnosis,"Cleft palate, unspecified",Cleft palate NOS,Clinical group,A fissure type embryopathy that affects the soft and hard palate to varying degrees.,ORPHA:2014,Cleft palate,Q35.9,icd10-exact-E,group
710.5,283,diagnosis,Eosinophilia myalgia syndrome,Eosinophilia myalgia snd,ICD-9-CM diagnosis,Eosinophilia myalgia syndrome,none,none,M35.8,none,no
426.6,284,diagnosis,Other heart block,Other heart block,ICD-9-CM diagnosis,Other heart block,none,none,I45.5,none,no
156.0,285,diagnosis,Malignant neoplasm of gallbladder,Malig neo gallbladder,ICD-9-CM diagnosis,Malignant neoplasm of gallbladder,none,none,C23,none,no
755.01,286,diagnosis,Polydactyly of fingers,"Polydactyly, fingers",ICD-9-CM diagnosis,Polydactyly of fingers,none,none,Q69.0;Q69.1,none,no
299.80,287,diagnosis,"Other specified pervasive developmental disorders, current or active state",Pervasv dev dis-cur NEC,ICD-9-CM diagnosis,"Other specified pervasive developmental disorders, current or active state",none,none,F84.5;F84.8,none,no
289.7,288,diagnosis,Methemoglobinemia,Methemoglobinemia,ICD-9-CM diagnosis,Methemoglobinemia,none,none,D74.0;D74.8;D74.9,none,no
211.5,289,diagnosis,Benign neoplasm of liver and biliary passages,Ben neo liver/bile ducts,ICD-9-CM diagnosis,Benign neoplasm of liver and biliary passages,none,none,D13.4;D13.5,none,no
709.3,290,diagnosis,Degenerative skin disorders,Degenerative skin disord,ICD-9-CM diagnosis,Degenerative skin disorders,none,none,L92.1;L94.2;L98.8,none,no
695.13,291,diagnosis,Stevens-Johnson syndrome,Stevens-Johnson syndrome,Clinical subtype,"A limited form of Stevens-Johnson syndrome/toxic epidermal necrolysis spectrum characterized by destruction and detachment of the skin epithelium, involving less than 10% of the body surface area, and mucous membranes. Onset usually occurs 4-28 days after administration of the causal medication and is most frequently associated with anticonvulsants, antibacterial sulfonamides, allopurinol, nevirapine, and oxicams (non-steroidal anti-inflammatory drugs), but many other medications have also been implicated. The disease is not induced by medication in 15% of cases. Histology is characterized by an epidermal necrolysis. Multiple disabling long-term sequelae (especially cutaneous, ocular and psychological) are frequent.",ORPHA:36426,Stevens-Johnson syndrome,L51.1,name-exact,yes
753.13,292,diagnosis,"Polycystic kidney, autosomal dominant",Polycyst kid-autosom dom,ICD-9-CM diagnosis,"Polycystic kidney, autosomal dominant",none,none,Q61.2,none,no
295.20,293,diagnosis,"Catatonic type schizophrenia, unspecified",Catatonia-unspec,ICD-9-CM diagnosis,"Catatonic type schizophrenia, unspecified",none,none,F20.2,none,no
528.5,294,diagnosis,Diseases of lips,Diseases of lips,ICD-9-CM diagnosis,Diseases of lips,none,none,K13.0,none,no
211.6,295,diagnosis,"Benign neoplasm of pancreas, except islets of Langerhans",Benign neoplasm pancreas,ICD-9-CM diagnosis,"Benign neoplasm of pancreas, except islets of Langerhans",none,none,D13.6,none,no
142.0,296,diagnosis,Malignant neoplasm of parotid gland,Malig neo parotid,ICD-9-CM diagnosis,Malignant neoplasm of parotid gland,none,none,C07,none,no
752.89,297,diagnosis,Other specified anomalies of genital organs,Genital organ anom NEC,ICD-9-CM diagnosis,Other specified anomalies of genital organs,none,none,Q52.8;Q55.0;Q55.1;Q55.21;Q55.29;Q55.3;Q55.8,none,no
171.4,298,diagnosis,Malignant neoplasm of connective and other soft tissue of thorax,Mal neo soft tis thorax,ICD-9-CM diagnosis,Malignant neoplasm of connective and other soft tissue of thorax,none,none,C49.3,none,no
698.8,299,diagnosis,Other specified pruritic conditions,Pruritic conditions NEC,ICD-9-CM diagnosis,Other specified pruritic conditions,none,none,L29.8,none,no
448.9,300,diagnosis,Other and unspecified capillary diseases,Capillary dis NEC/NOS,ICD-9-CM diagnosis,Other and unspecified capillary diseases,none,none,I78.8;I78.9,none,no
748.3,301,diagnosis,"Other anomalies of larynx, trachea, and bronchus",Laryngotrach anomaly NEC,ICD-9-CM diagnosis,"Other anomalies of larynx, trachea, and bronchus",none,none,Q31.1;Q31.3;Q31.8;Q32.1;Q32.4,none,no
446.29,302,diagnosis,Other specified hypersensitivity angiitis,Hypersensit angiitis NEC,ICD-9-CM diagnosis,Other specified hypersensitivity angiitis,none,none,M31.0,none,no
331.5,303,diagnosis,Idiopathic normal pressure hydrocephalus (INPH),Norml pressure hydroceph,ICD-9-CM diagnosis,Idiopathic normal pressure hydrocephalus (INPH),none,none,G91.2,none,no
582.2,304,diagnosis,Chronic glomerulonephritis with lesion of membranoproliferative glomerulonephritis,Chr membranoprolif nephr,Disease,"A rare glomerular disease characterized by a pattern of glomerular injury on kidney biopsy with characteristic light microscopic changes: mesangial hypercellularity, endocapillary proliferation, and thickening of the glomerular basement membrane (GBM). On the basis of immunofluorescence (IF) the disorder is divided into C3 glomerulopathy (C3G) or immunoglobulin-mediated membranoproliferative glomerulonephritis. Through electron microscopy C3G is further divided into Dense deposit disease, with highly electrondense deposits in the glomerular basement membrane, and C3 glomerulonephritis, with mesangial, intramembranous, subendothelial and subepithelial deposits. Secondary causes (autoimmune, infectious, malignancies) are excluded.",ORPHA:54370,Primary membranoproliferative glomerulonephritis,N03.5,name-tail,yes
695.81,305,diagnosis,Ritter's disease,Ritter's disease,Disease,"A rare staphylococcal toxemia caused by epidermolytic toxins of <i>Staphylococcus aureus</i> and characterized by the appearance of widespread erythematous patches, on which large blisters develop. Upon rupture of these blisters, the skin appears reddish and scalded. The lesions typically begin in the face and rapidly expand to other parts of the body. The disease may be complicated by pneumonia and sepsis. It most commonly affects newborns and infants.",ORPHA:36236,Staphylococcal scalded skin syndrome,L00,icd10-exact-E,yes
255.8,306,diagnosis,Other specified disorders of adrenal glands,Adrenal disorder NEC,ICD-9-CM diagnosis,Other specified disorders of adrenal glands,none,none,E27.8,none,no
299.00,307,diagnosis,"Autistic disorder, current or active state",Autistic disord-current,ICD-9-CM diagnosis,"Autistic disorder, current or active state",none,none,F84.0,none,no
348.2,308,diagnosis,Benign intracranial hypertension,Pseudotumor cerebri,Disease,"Idiopathic intracranial hypertension is a neurological disorder characterized by isolated increased intracranial pressure manifesting with recurrent and persistent headaches, nausea, vomiting, progressive and transient obstruction of the visual field, papilledema. Visual loss can be irreversible.",ORPHA:238624,Idiopathic intracranial hypertension,G93.2,name-exact,yes
341.0,309,diagnosis,Neuromyelitis optica,Neuromyelitis optica,ICD-9-CM diagnosis,Neuromyelitis optica,none,none,G36.0,none,no
780.59,310,diagnosis,Other sleep disturbances,Sleep disturbances NEC,ICD-9-CM diagnosis,Other sleep disturbances,none,none,G47.8,none,no
757.1,311,diagnosis,Ichthyosis congenita,Ichthyosis congenita,ICD-9-CM diagnosis,Ichthyosis congenita,none,none,Q80.3;Q80.4;Q80.9,none,no
349.81,312,diagnosis,Cerebrospinal fluid rhinorrhea,Cerebrospinal rhinorrhea,ICD-9-CM diagnosis,Cerebrospinal fluid rhinorrhea,none,none,G96.0,none,no
742.1,313,diagnosis,Microcephalus,Microcephalus,Group of rare disorders (Orphanet),"Microcephalus. Its ICD-10 equivalent (Q02) is an umbrella under which Orphanet catalogues 10 narrower rare diseases, e.g. Amish lethal microcephaly; Autosomal dominant primary microcephaly; Autosomal recessive primary microcephaly.",multiple,Amish lethal microcephaly; Autosomal dominant primary microcephaly; Autosomal recessive primary microcephaly; Isolated congenital microcephaly; (+6 more),Q02,icd10-ntbt-group,group
742.59,314,diagnosis,Other specified congenital anomalies of spinal cord,Spinal cord anomaly NEC,ICD-9-CM diagnosis,Other specified congenital anomalies of spinal cord,none,none,Q06.0;Q06.1;Q06.3;Q06.8,none,no
611.1,315,diagnosis,Hypertrophy of breast,Hypertrophy of breast,ICD-9-CM diagnosis,Hypertrophy of breast,none,none,N62,none,no
31.0,316,procedure,Injection of larynx,Injection of larynx,ICD-9-CM procedure,Injection of larynx,none,none,3E0F3GC;3E0F7GC;3E0F8GC,none,no
751.1,317,diagnosis,Atresia and stenosis of small intestine,Atresia small intestine,ICD-9-CM diagnosis,Atresia and stenosis of small intestine,none,none,Q41.9,none,no
320.1,318,diagnosis,Pneumococcal meningitis,Pneumococcal meningitis,Disease,"A rare infectious disease of the nervous system caused by the bacterium Streptococcus pneumoniae, which is commonly part of the bacterial flora colonizing the nasopharyngeal mucosa. The disease is clinically characterized by typical symptoms of acute leptomeningitis, like fever, headache, neck stiffness, vomiting, and clouding of consciousness. It is frequently fatal and, in surviving patients, often accompanied by long-term sequelae, especially focal neurological deficits, hearing loss, cognitive impairment, and epilepsy.",ORPHA:55655,Pneumococcal meningitis,G00.1,name-exact,yes
552.29,319,diagnosis,Other ventral hernia with obstruction,Obstr ventral hernia NEC,ICD-9-CM diagnosis,Other ventral hernia with obstruction,none,none,K43.6,none,no
273.3,320,diagnosis,Macroglobulinemia,Macroglobulinemia,ICD-9-CM diagnosis,Macroglobulinemia,none,none,C88.0,none,no
188.3,321,diagnosis,Malignant neoplasm of anterior wall of urinary bladder,Mal neo bladder-anterior,ICD-9-CM diagnosis,Malignant neoplasm of anterior wall of urinary bladder,none,none,C67.3,none,no
569.9,322,diagnosis,Unspecified disorder of intestine,Intestinal disorder NOS,ICD-9-CM diagnosis,Unspecified disorder of intestine,none,none,K63.9,none,no
590.11,323,diagnosis,Acute pyelonephritis with lesion of renal medullary necrosis,Ac pyelonephr w med necr,ICD-9-CM diagnosis,Acute pyelonephritis with lesion of renal medullary necrosis,none,none,N10,none,no
154.2,324,diagnosis,Malignant neoplasm of anal canal,Malig neopl anal canal,ICD-9-CM diagnosis,Malignant neoplasm of anal canal,none,none,C21.1,none,no
778.8,325,diagnosis,Other specified conditions involving the integument of fetus and newborn,NB integument cond NEC,ICD-9-CM diagnosis,Other specified conditions involving the integument of fetus and newborn,none,none,P83.8,none,no
745.69,326,diagnosis,Other endocardial cushion defects,Endocard cushion def NEC,ICD-9-CM diagnosis,Other endocardial cushion defects,none,none,Q21.2,none,no
216.5,327,diagnosis,"Benign neoplasm of skin of trunk, except scrotum",Benign neo skin trunk,ICD-9-CM diagnosis,"Benign neoplasm of skin of trunk, except scrotum",none,none,D23.5,none,no
225.1,328,diagnosis,Benign neoplasm of cranial nerves,Benign neo cranial nerve,ICD-9-CM diagnosis,Benign neoplasm of cranial nerves,none,none,D33.3,none,no
45.92,329,procedure,Anastomosis of small intestine to rectal stump,Sm bowel-rect stump anas,ICD-9-CM procedure,Anastomosis of small intestine to rectal stump,none,none,0D1A0ZP;0D1A4ZP;0D1A8ZP;0D1B0ZP;0D1B4ZP;0D1B8ZP;0D1H8ZP,none,no
750.4,330,diagnosis,Other specified anomalies of esophagus,Esophageal anomaly NEC,ICD-9-CM diagnosis,Other specified anomalies of esophagus,none,none,Q39.5;Q39.6;Q39.8,none,no
425.3,331,diagnosis,Endocardial fibroelastosis,Endocard fibroelastosis,Disease,A rare cardiac disease characterized by thickening of the endocardium due to deposition of collagen and elastic fibers and leading to dilated cardiomyopathy-like phenotypes more often than to restrictive forms. It predominantly occurs in infants and children and may be observed as an isolated disorder or in association with congenital heart conditions.,ORPHA:2022,Endocardial fibroelastosis,I42.4,name-exact,yes
359.1,332,diagnosis,Hereditary progressive muscular dystrophy,Hered prog musc dystrphy,Category,Hereditary progressive muscular dystrophy,ORPHA:206644,Progressive muscular dystrophy,G71.0,name-exact,group
746.2,333,diagnosis,Ebstein's anomaly,Ebstein's anomaly,ICD-9-CM diagnosis,Ebstein's anomaly,none,none,Q22.5,none,no
755.64,334,diagnosis,Congenital deformity of knee (joint),Cong knee deformity,ICD-9-CM diagnosis,Congenital deformity of knee (joint),none,none,Q68.2;Q74.1,none,no
746.84,335,diagnosis,"Obstructive anomalies of heart, not elsewhere classified",Obstruct heart anom NEC,ICD-9-CM diagnosis,"Obstructive anomalies of heart, not elsewhere classified",none,none,Q24.8,none,no
714.9,336,diagnosis,Unspecified inflammatory polyarthropathy,Inflamm polyarthrop NOS,ICD-9-CM diagnosis,Unspecified inflammatory polyarthropathy,none,none,M06.4,none,no
757.32,337,diagnosis,Vascular hamartomas,Vascular hamartomas,ICD-9-CM diagnosis,Vascular hamartomas,none,none,Q82.5,none,no
519.8,338,diagnosis,"Other diseases of respiratory system, not elsewhere classified",Resp system disease NEC,ICD-9-CM diagnosis,"Other diseases of respiratory system, not elsewhere classified",none,none,J98.8,none,no
277.30,339,diagnosis,"Amyloidosis, unspecified",Amyloidosis NOS,ICD-9-CM diagnosis,"Amyloidosis, unspecified",none,none,E85.9,none,no
191.0,340,diagnosis,"Malignant neoplasm of cerebrum, except lobes and ventricles",Malign neopl cerebrum,ICD-9-CM diagnosis,"Malignant neoplasm of cerebrum, except lobes and ventricles",none,none,C71.0,none,no
356.8,341,diagnosis,Other specified idiopathic peripheral neuropathy,Idio periph neurpthy NEC,ICD-9-CM diagnosis,Other specified idiopathic peripheral neuropathy,none,none,G60.8,none,no
389.12,342,diagnosis,"Neural hearing loss, bilateral","Neural hearng loss,bilat",ICD-9-CM diagnosis,"Neural hearing loss, bilateral",none,none,H90.3,none,no
756.6,343,diagnosis,Anomalies of diaphragm,Anomalies of diaphragm,ICD-9-CM diagnosis,Anomalies of diaphragm,none,none,Q79.0;Q79.1,none,no
757.5,344,diagnosis,Specified anomalies of nails,Nail anomalies NEC,ICD-9-CM diagnosis,Specified anomalies of nails,none,none,Q84.3;Q84.4;Q84.5;Q84.6,none,no
747.10,345,diagnosis,Coarctation of aorta (preductal) (postductal),Coarctation of aorta,ICD-9-CM diagnosis,Coarctation of aorta (preductal) (postductal),none,none,Q25.1,none,no
754.0,346,diagnosis,"Congenital musculoskeletal deformities of skull, face, and jaw",Cong skull/face/jaw def,ICD-9-CM diagnosis,"Congenital musculoskeletal deformities of skull, face, and jaw",none,none,Q67.0;Q67.1;Q67.2;Q67.3;Q67.4,none,no
757.39,347,diagnosis,Other specified anomalies of skin,Skin anomaly NEC,ICD-9-CM diagnosis,Other specified anomalies of skin,none,none,Q81.9;Q82.8,none,no
282.2,348,diagnosis,Anemias due to disorders of glutathione metabolism,Glutathione dis anemia,ICD-9-CM diagnosis,Anemias due to disorders of glutathione metabolism,none,none,D55.0;D55.1,none,no
417.8,349,diagnosis,Other specified diseases of pulmonary circulation,Pulmon circulat dis NEC,ICD-9-CM diagnosis,Other specified diseases of pulmonary circulation,none,none,I28.8,none,no
279.01,350,diagnosis,Selective IgA immunodeficiency,Selective iga immunodef,ICD-9-CM diagnosis,Selective IgA immunodeficiency,none,none,D80.2,none,no
758.5,351,diagnosis,Other conditions due to autosomal anomalies,Autosomal anomalies NEC,ICD-9-CM diagnosis,Other conditions due to autosomal anomalies,none,none,Q92.8,none,no
389.22,352,diagnosis,"Mixed hearing loss, bilateral","Mixed hearing loss,bilat",ICD-9-CM diagnosis,"Mixed hearing loss, bilateral",none,none,H90.6,none,no
690.18,353,diagnosis,Other seborrheic dermatitis,Sebrrheic dermatitis NEC,ICD-9-CM diagnosis,Other seborrheic dermatitis,none,none,L21.8,none,no
389.18,354,diagnosis,"Sensorineural hearing loss, bilateral","Sensonrl hear loss,bilat",ICD-9-CM diagnosis,"Sensorineural hearing loss, bilateral",none,none,H90.3,none,no
237.0,355,diagnosis,Neoplasm of uncertain behavior of pituitary gland and craniopharyngeal duct,Unc behav neo pituitary,ICD-9-CM diagnosis,Neoplasm of uncertain behavior of pituitary gland and craniopharyngeal duct,none,none,D44.3;D44.4,none,no
751.60,356,diagnosis,"Unspecified anomaly of gallbladder, bile ducts, and liver",Biliary & liver anom NOS,ICD-9-CM diagnosis,"Unspecified anomaly of gallbladder, bile ducts, and liver",none,none,Q44.1;Q44.5;Q44.7,none,no
283.11,357,diagnosis,Hemolytic-uremic syndrome,Hemolytic uremic synd,Clinical group,Hemolytic-uremic syndrome,ORPHA:544458,Hemolytic uremic syndrome,D59.3,name-exact,group
447.8,358,diagnosis,Other specified disorders of arteries and arterioles,Arterial disease NEC,ICD-9-CM diagnosis,Other specified disorders of arteries and arterioles,none,none,I77.3;I77.89,none,no
740.2,359,diagnosis,Iniencephaly,Iniencephaly,ICD-9-CM diagnosis,Iniencephaly,none,none,Q00.2,none,no
478.20,360,diagnosis,Unspecified disease of pharynx,Disease of pharynx NOS,ICD-9-CM diagnosis,Unspecified disease of pharynx,none,none,J39.2,none,no
151.9,361,diagnosis,"Malignant neoplasm of stomach, unspecified site",Malig neopl stomach NOS,ICD-9-CM diagnosis,"Malignant neoplasm of stomach, unspecified site",none,none,C16.9,none,no
259.4,362,diagnosis,"Dwarfism, not elsewhere classified",Dwarfism NEC,ICD-9-CM diagnosis,"Dwarfism, not elsewhere classified",none,none,E34.3,none,no
757.0,363,diagnosis,Hereditary edema of legs,Hereditary edema of legs,ICD-9-CM diagnosis,Hereditary edema of legs,none,none,Q82.0,none,no
756.9,364,diagnosis,Other and unspecified anomalies of musculoskeletal system,Musculoskel anom NEC/NOS,ICD-9-CM diagnosis,Other and unspecified anomalies of musculoskeletal system,none,none,Q68.8;Q79.8;Q79.9,none,no
478.9,365,diagnosis,Other and unspecified diseases of upper respiratory tract,Upper resp dis NEC/NOS,ICD-9-CM diagnosis,Other and unspecified diseases of upper respiratory tract,none,none,J39.8;J39.9,none,no
270.7,366,diagnosis,Other disturbances of straight-chain amino-acid metabolism,Straig amin-acid met NEC,ICD-9-CM diagnosis,Other disturbances of straight-chain amino-acid metabolism,none,none,E72.3;E72.8,none,no
745.8,367,diagnosis,Other bulbus cordis anomalies and anomalies of cardiac septal closure,Septal closure anom NEC,ICD-9-CM diagnosis,Other bulbus cordis anomalies and anomalies of cardiac septal closure,none,none,Q20.8;Q21.8,none,no
746.83,368,diagnosis,Infundibular pulmonic stenosis,Infundib pulmon stenosis,ICD-9-CM diagnosis,Infundibular pulmonic stenosis,none,none,Q24.3,none,no
273.2,369,diagnosis,Other paraproteinemias,Paraproteinemia NEC,ICD-9-CM diagnosis,Other paraproteinemias,none,none,D89.1,none,no
448.0,370,diagnosis,Hereditary hemorrhagic telangiectasia,Heredit hemorr telangiec,Disease,An inherited disorder of angiogenesis characterized by mucocutaneous telangiectases and visceral arteriovenous malformations.,ORPHA:774,Hereditary hemorrhagic telangiectasia,I78.0,name-exact,yes
695.15,371,diagnosis,Toxic epidermal necrolysis,Toxic epidrml necrolysis,Clinical subtype,"An extended form of Stevens-Johnson syndrome/toxic epidermal necrolysis spectrum characterized by destruction and detachment of the skin epithelium, involving 30% or more of the body surface area, and mucous membranes. Onset usually occurs 4-28 days after administration of the causal medication and is most frequently associated with anticonvulsants, antibacterial sulfonamides, allopurinol, nevirapine, and oxicams (non-steroidal anti-inflammatory drugs), but many other medications have also been implicated. The disease is not induced by medication in 15% of cases. Histology is characterized by an epidermal necrolysis. Multiple disabling long-term sequelae (especially cutaneous, ocular and psychological) are frequent.",ORPHA:537,Toxic epidermal necrolysis,L51.2,name-exact,yes
164.9,372,diagnosis,"Malignant neoplasm of mediastinum, part unspecified",Mal neo mediastinum NOS,ICD-9-CM diagnosis,"Malignant neoplasm of mediastinum, part unspecified",none,none,C38.3,none,no
283.2,373,diagnosis,Hemoglobinuria due to hemolysis from external causes,Hemolytic hemoglobinuria,ICD-9-CM diagnosis,Hemoglobinuria due to hemolysis from external causes,none,none,D59.5;D59.6;D59.8,none,no
747.20,374,diagnosis,"Anomaly of aorta, unspecified",Cong anom of aorta NOS,ICD-9-CM diagnosis,"Anomaly of aorta, unspecified",none,none,Q25.4,none,no
756.89,375,diagnosis,"Other specified anomalies of muscle, tendon, fascia, and connective tissue",Soft tissue anomaly NEC,ICD-9-CM diagnosis,"Other specified anomalies of muscle, tendon, fascia, and connective tissue",none,none,Q79.8,none,no
759.5,376,diagnosis,Tuberous sclerosis,Tuberous sclerosis,Disease,"A rare neurocutaneous disorder characterized by multisystem hamartomas, most commonly involving the skin, brain, kidneys, lungs, eye, and heart, and associated with neuropsychiatric disorders.",ORPHA:805,Tuberous sclerosis complex,Q85.1,name-exact,yes
758.6,377,diagnosis,Gonadal dysgenesis,Gonadal dysgenesis,ICD-9-CM diagnosis,Gonadal dysgenesis,none,none,Q96.9,none,no
747.29,378,diagnosis,Other anomalies of aorta,Cong anom of aorta NEC,ICD-9-CM diagnosis,Other anomalies of aorta,none,none,Q25.4,none,no
334.2,379,diagnosis,Primary cerebellar degeneration,Primary cerebellar degen,ICD-9-CM diagnosis,Primary cerebellar degeneration,none,none,G11.0;G11.2,none,no
228.1,380,diagnosis,"Lymphangioma, any site","Lymphangioma, any site",ICD-9-CM diagnosis,"Lymphangioma, any site",none,none,D18.1,none,no
158.9,381,diagnosis,"Malignant neoplasm of peritoneum, unspecified",Mal neo peritoneum NOS,ICD-9-CM diagnosis,"Malignant neoplasm of peritoneum, unspecified",none,none,C48.2,none,no
393,382,diagnosis,Chronic rheumatic pericarditis,Chr rheumatic pericard,ICD-9-CM diagnosis,Chronic rheumatic pericarditis,none,none,I09.2,none,no
674.54,383,diagnosis,"Peripartum cardiomyopathy, postpartum condition or complication",Peripartum card-postpart,ICD-9-CM diagnosis,"Peripartum cardiomyopathy, postpartum condition or complication",none,none,O90.3,none,no
437.4,384,diagnosis,Cerebral arteritis,Cerebral arteritis,ICD-9-CM diagnosis,Cerebral arteritis,none,none,I67.7,none,no
152.9,385,diagnosis,"Malignant neoplasm of small intestine, unspecified site",Mal neo small bowel NOS,ICD-9-CM diagnosis,"Malignant neoplasm of small intestine, unspecified site",none,none,C17.9,none,no
751.0,386,diagnosis,Meckel's diverticulum,Meckel's diverticulum,ICD-9-CM diagnosis,Meckel's diverticulum,none,none,Q43.0,none,no
287.0,387,diagnosis,Allergic purpura,Allergic purpura,ICD-9-CM diagnosis,Allergic purpura,none,none,D69.0,none,no
611.0,388,diagnosis,Inflammatory disease of breast,Inflam disease of breast,Group of rare disorders (Orphanet),"Inflammatory disease of breast. Its ICD-10 equivalent (N61) is an umbrella under which Orphanet catalogues 2 narrower rare diseases, e.g. Granulomatous mastitis; Lymphocytic mastitis.",multiple,Granulomatous mastitis; Lymphocytic mastitis,N61,icd10-ntbt-group,group
238.1,389,diagnosis,Neoplasm of uncertain behavior of connective and other soft tissue,Unc behav neo soft tissu,ICD-9-CM diagnosis,Neoplasm of uncertain behavior of connective and other soft tissue,none,none,D48.1,none,no
164.0,390,diagnosis,Malignant neoplasm of thymus,Malignant neopl thymus,Group of rare disorders (Orphanet),"Malignant neoplasm of thymus. Its ICD-10 equivalent (C37) is an umbrella under which Orphanet catalogues 9 narrower rare diseases, e.g. Moderately-differentiated thymic neuroendocrine carcinoma; Poorly differentiated thymic neuroendocrine carcinoma; Thymic carcinoma.",multiple,Moderately-differentiated thymic neuroendocrine carcinoma; Poorly differentiated thymic neuroendocrine carcinoma; Thymic carcinoma; Thymic neuroendocrine carcinoma; (+5 more),C37,icd10-ntbt-group,group
341.8,391,diagnosis,Other demyelinating diseases of central nervous system,Cns demyelination NEC,ICD-9-CM diagnosis,Other demyelinating diseases of central nervous system,none,none,G37.1;G37.2;G37.8,none,no
238.0,392,diagnosis,Neoplasm of uncertain behavior of bone and articular cartilage,Unc behav neo bone,ICD-9-CM diagnosis,Neoplasm of uncertain behavior of bone and articular cartilage,none,none,D48.0,none,no
756.16,393,diagnosis,Klippel-Feil syndrome,Klippel-feil syndrome,ICD-9-CM diagnosis,Klippel-Feil syndrome,none,none,Q76.1,none,no
704.09,394,diagnosis,Other alopecia,Alopecia NEC,ICD-9-CM diagnosis,Other alopecia,none,none,L65.8;L66.0;L66.2;L66.8,none,no
581.89,395,diagnosis,Nephrotic syndrome with other specified pathological lesion in kidney,Nephrotic syndrome NEC,ICD-9-CM diagnosis,Nephrotic syndrome with other specified pathological lesion in kidney,none,none,N04.8,none,no
146.8,396,diagnosis,Malignant neoplasm of other specified sites of oropharynx,Mal neo oropharynx NEC,ICD-9-CM diagnosis,Malignant neoplasm of other specified sites of oropharynx,none,none,C10.4;C10.8,none,no
237.1,397,diagnosis,Neoplasm of uncertain behavior of pineal gland,Unc behav neo pineal,ICD-9-CM diagnosis,Neoplasm of uncertain behavior of pineal gland,none,none,D44.5,none,no
446.21,398,diagnosis,Goodpasture's syndrome,Goodpasture's syndrome,ICD-9-CM diagnosis,Goodpasture's syndrome,none,none,M31.0,none,no
708.8,399,diagnosis,Other specified urticaria,Urticaria NEC,ICD-9-CM diagnosis,Other specified urticaria,none,none,L50.6;L50.8,none,no
161.1,400,diagnosis,Malignant neoplasm of supraglottis,Malig neo supraglottis,ICD-9-CM diagnosis,Malignant neoplasm of supraglottis,none,none,C32.1,none,no
237.3,401,diagnosis,Neoplasm of uncertain behavior of paraganglia,Unc behav neo paragang,ICD-9-CM diagnosis,Neoplasm of uncertain behavior of paraganglia,none,none,D44.6;D44.7,none,no
287.2,402,diagnosis,Other nonthrombocytopenic purpuras,Purpura NOS,ICD-9-CM diagnosis,Other nonthrombocytopenic purpuras,none,none,D69.2,none,no
334.3,403,diagnosis,Other cerebellar ataxia,Cerebellar ataxia NEC,ICD-9-CM diagnosis,Other cerebellar ataxia,none,none,G11.1,none,no
746.09,404,diagnosis,Other congenital anomalies of pulmonary valve,Pulmonary valve anom NEC,ICD-9-CM diagnosis,Other congenital anomalies of pulmonary valve,none,none,Q22.2,none,no
194.1,405,diagnosis,Malignant neoplasm of parathyroid gland,Malig neo parathyroid,ICD-9-CM diagnosis,Malignant neoplasm of parathyroid gland,none,none,C75.0,none,no
742.8,406,diagnosis,Other specified congenital anomalies of nervous system,Nervous system anom NEC,ICD-9-CM diagnosis,Other specified congenital anomalies of nervous system,none,none,G90.1;Q07.8,none,no
759.3,407,diagnosis,Situs inversus,Situs inversus,Morphological anomaly,"A rare, genetic, developmental defect during embryogenesis characterized by total mirror-image transposition of both thoracic and abdominal viscera across the left-right axis of the body. Congenital abnormalities, such as primary ciliary dyskinesia, Kartagener type, polysplenia syndrome, biliary atresia, congenital heart disease, and midgut malrotation, as well as vascular anomalies (e.g. absence of retrohepatic inferior vena cava, preduodenal portal vein, aberrant hepatic arterial anatomy) and malignancy, are frequently associated.",ORPHA:101063,Situs inversus totalis,Q89.3,name-exact,yes
743.62,408,diagnosis,Congenital deformities of eyelids,Congenital eyelid deform,ICD-9-CM diagnosis,Congenital deformities of eyelids,none,none,Q10.1;Q10.2;Q10.3,none,no
746.81,409,diagnosis,Subaortic stenosis,Cong subaortic stenosis,ICD-9-CM diagnosis,Subaortic stenosis,none,none,Q24.4,none,no
607.85,410,diagnosis,Peyronie's disease,Peyronie's disease,ICD-9-CM diagnosis,Peyronie's disease,none,none,N48.6,none,no
152.0,411,diagnosis,Malignant neoplasm of duodenum,Malignant neopl duodenum,ICD-9-CM diagnosis,Malignant neoplasm of duodenum,none,none,C17.0,none,no
520.0,412,diagnosis,Anodontia,Anodontia,ICD-9-CM diagnosis,Anodontia,none,none,K00.0,none,no
151.6,413,diagnosis,"Malignant neoplasm of greater curvature of stomach, unspecified",Mal neo stom great curv,ICD-9-CM diagnosis,"Malignant neoplasm of greater curvature of stomach, unspecified",none,none,C16.6,none,no
701.2,414,diagnosis,Acquired acanthosis nigricans,Acq acanthosis nigricans,ICD-9-CM diagnosis,Acquired acanthosis nigricans,none,none,L83,none,no
282.7,415,diagnosis,Other hemoglobinopathies,Hemoglobinopathies NEC,ICD-9-CM diagnosis,Other hemoglobinopathies,none,none,D56.4;D58.2,none,no
273.0,416,diagnosis,Polyclonal hypergammaglobulinemia,Polyclon hypergammaglobu,ICD-9-CM diagnosis,Polyclonal hypergammaglobulinemia,none,none,D89.0,none,no
121.1,417,diagnosis,Clonorchiasis,Clonorchiasis,ICD-9-CM diagnosis,Clonorchiasis,none,none,B66.1,none,no
711.20,418,diagnosis,"Arthropathy in Behcet's syndrome, site unspecified",Behcet arthritis-unspec,ICD-9-CM diagnosis,"Arthropathy in Behcet's syndrome, site unspecified",none,none,M35.2,none,no
136.1,419,diagnosis,Behcet's syndrome,Behcet's syndrome,ICD-9-CM diagnosis,Behcet's syndrome,none,none,M35.2,none,no
686.01,420,diagnosis,Pyoderma gangrenosum,Pyoderma gangrenosum,Disease,"A rare inflammatory neutrophilic dermatosis characterized by painful cutaneous ulcerations with a violaceous and undermined border affecting the lower extremities; however, any hair-bearing area can be affected.",ORPHA:48104,Pyoderma gangrenosum,L88,icd10-exact-E,yes
272.5,421,diagnosis,Lipoprotein deficiencies,Lipoprotein deficiencies,ICD-9-CM diagnosis,Lipoprotein deficiencies,none,none,E78.6,none,no
238.2,422,diagnosis,Neoplasm of uncertain behavior of skin,Unc behav neo skin,ICD-9-CM diagnosis,Neoplasm of uncertain behavior of skin,none,none,D48.5,none,no
771.2,423,diagnosis,Other congenital infections specific to the perinatal period,Congenital infec NEC,ICD-9-CM diagnosis,Other congenital infections specific to the perinatal period,none,none,P35.2;P37.0;P37.1;P37.2;P37.3;P37.4;P37.8,none,no
321.0,424,diagnosis,Cryptococcal meningitis,Cryptococcal meningitis,ICD-9-CM diagnosis,Cryptococcal meningitis,none,none,B45.1,none,no
756.17,425,diagnosis,Spina bifida occulta,Spina bifida occulta,Clinical group,"A rare group of spinal dysraphisms, also referred to as spina bifida occulta, with a high variability in terms of severity,characterized by the absence of exposed neural tissue. The skin overlying the abnormality remains intact although the skin itself may be abnormal with features such as hairy patch of skin, crater or haemangioma. These skin features are known as the cutaneous stigmata of spinal dysraphism.",ORPHA:645202,Closed spinal dysraphism,Q76.0,name-exact,group
755.59,426,diagnosis,"Other anomalies of upper limb, including shoulder girdle",Upper limb anomaly NEC,ICD-9-CM diagnosis,"Other anomalies of upper limb, including shoulder girdle",none,none,Q74.0,none,no
756.51,427,diagnosis,Osteogenesis imperfecta,Osteogenesis imperfecta,Disease,"A rare, genetic, primary bone dysplasias characterized by increased bone fragility, low bone mass, and susceptibility to bone fractures. The clinical severity is heterogeneous.",ORPHA:666,Osteogenesis imperfecta,Q78.0,name-exact,yes
759.81,428,diagnosis,Prader-Willi syndrome,Prader-willi syndrome,Disease,"A rare genetic, neurodevelopmental syndrome characterized by hypothalamic-pituitary dysfunction with severe hypotonia and feeding deficits during the neonatal period followed by an excessive weight gain period with hyperphagia with a risk of severe obesity during childhood and adulthood, learning difficulties, deficits of social skills and behavioral problems or severe psychiatric problems.",ORPHA:739,Prader-Willi syndrome,Q87.1,name-exact,yes
150.1,429,diagnosis,Malignant neoplasm of thoracic esophagus,Mal neo thoracic esophag,ICD-9-CM diagnosis,Malignant neoplasm of thoracic esophagus,none,none,C15.4,none,no
753.7,430,diagnosis,Anomalies of urachus,Anomalies of urachus,ICD-9-CM diagnosis,Anomalies of urachus,none,none,Q64.4,none,no
216.9,431,diagnosis,"Benign neoplasm of skin, site unspecified",Benign neoplasm skin NOS,ICD-9-CM diagnosis,"Benign neoplasm of skin, site unspecified",none,none,D23.9,none,no
330.1,432,diagnosis,Cerebral lipidoses,Cerebral lipidoses,ICD-9-CM diagnosis,Cerebral lipidoses,none,none,E75.02;E75.19;E75.4,none,no
567.1,433,diagnosis,Pneumococcal peritonitis,Pneumococcal peritonitis,ICD-9-CM diagnosis,Pneumococcal peritonitis,none,none,K65.8,none,no
70.52,434,procedure,Repair of rectocele,Rectocele repair,ICD-9-CM procedure,Repair of rectocele,none,none,0JQC0ZZ;0JQC3ZZ,none,no
333.79,435,diagnosis,Other acquired torsion dystonia,Acq torsion dystonia NEC,ICD-9-CM diagnosis,Other acquired torsion dystonia,none,none,G24.8,none,no
758.81,436,diagnosis,Other conditions due to sex chromosome anomalies,Oth cond due to sex chrm,ICD-9-CM diagnosis,Other conditions due to sex chromosome anomalies,none,none,Q97.0;Q97.1;Q97.2;Q97.8;Q98.5;Q98.7;Q98.8;Q99.8,none,no
335.23,437,diagnosis,Pseudobulbar palsy,Pseudobulbar palsy,ICD-9-CM diagnosis,Pseudobulbar palsy,none,none,G12.8,none,no
265.2,438,diagnosis,Pellagra,Pellagra,Disease,"Pellagra is a nutritional disorder caused by a deficiency in niacin (vitamin B3) or its precursor (tryptophan) that is mainly observed in Asia and Africa where it is generally due to poor nutrition. It is characterized by dermatitis (symmetrical photodistributed erythema that may be accompanied by vesicles and bullae, and that develops into hyperkeratotic and hyperpigmented skin), gastrointestinal symptoms (diarrhea), and neuropsychiatric disorders (dementia). It can be life-threatening without a correct management.",ORPHA:97352,Pellagra,E52,icd10-exact-E,yes
745.60,439,diagnosis,"Endocardial cushion defect, unspecified type",Endocard cushion def NOS,ICD-9-CM diagnosis,"Endocardial cushion defect, unspecified type",none,none,Q21.2,none,no
752.2,440,diagnosis,Doubling of uterus,Doubling of uterus,ICD-9-CM diagnosis,Doubling of uterus,none,none,Q51.10;Q51.2,none,no
755.55,441,diagnosis,Acrocephalosyndactyly,Acrocephalosyndactyly,ICD-9-CM diagnosis,Acrocephalosyndactyly,none,none,Q87.0,none,no
778.0,442,diagnosis,Hydrops fetalis not due to isoimmunization,Hydrops fetalis no isoim,ICD-9-CM diagnosis,Hydrops fetalis not due to isoimmunization,none,none,P83.2,none,no
341.20,443,diagnosis,Acute (transverse) myelitis NOS,Acute myelitis NOS,ICD-9-CM diagnosis,Acute (transverse) myelitis NOS,none,none,G37.3,none,no
295.22,444,diagnosis,"Catatonic type schizophrenia, chronic",Catatonia-chronic,ICD-9-CM diagnosis,"Catatonic type schizophrenia, chronic",none,none,F20.2,none,no
761.8,445,diagnosis,Other specified maternal complications of pregnancy affecting fetus or newborn,Matern compl NEC aff NB,ICD-9-CM diagnosis,Other specified maternal complications of pregnancy affecting fetus or newborn,none,none,P01.8,none,no
350.2,446,diagnosis,Atypical face pain,Atypical face pain,ICD-9-CM diagnosis,Atypical face pain,none,none,G50.1,none,no
333.4,447,diagnosis,Huntington's chorea,Huntington's chorea,Disease,"Huntington disease (HD) is a rare neurodegenerative disorder of the central nervous system characterized by unwanted choreatic movements, behavioral and psychiatric disturbances and dementia.",ORPHA:399,Huntington disease,G10,icd10-exact-E,yes
352.6,448,diagnosis,Multiple cranial nerve palsies,Mult cranial nerve palsy,ICD-9-CM diagnosis,Multiple cranial nerve palsies,none,none,G52.7,none,no
746.6,449,diagnosis,Congenital mitral insufficiency,Cong mitral insufficienc,ICD-9-CM diagnosis,Congenital mitral insufficiency,none,none,Q23.3,none,no
307.23,450,diagnosis,Tourette's disorder,Tourette's disorder,ICD-9-CM diagnosis,Tourette's disorder,none,none,F95.2,none,no
259.8,451,diagnosis,Other specified endocrine disorders,Endocrine disorders NEC,ICD-9-CM diagnosis,Other specified endocrine disorders,none,none,E34.8,none,no
379.92,452,diagnosis,Swelling or mass of eye,Swelling or mass of eye,ICD-9-CM diagnosis,Swelling or mass of eye,none,none,H57.8,none,no
733.3,453,diagnosis,Hyperostosis of skull,Hyperostosis of skull,ICD-9-CM diagnosis,Hyperostosis of skull,none,none,M85.2,none,no
747.49,454,diagnosis,Other anomalies of great veins,Great vein anomaly NEC,ICD-9-CM diagnosis,Other anomalies of great veins,none,none,Q26.0;Q26.1;Q26.8,none,no
379.93,455,diagnosis,Redness or discharge of eye,Redness/discharge of eye,ICD-9-CM diagnosis,Redness or discharge of eye,none,none,H57.8,none,no
748.2,456,diagnosis,Web of larynx,Laryngeal web,Category,Web of larynx,ORPHA:156249,Larynx anomaly,Q31.0,icd10-exact-E,group
746.87,457,diagnosis,Malposition of heart and cardiac apex,Malposition of heart,ICD-9-CM diagnosis,Malposition of heart and cardiac apex,none,none,Q24.0;Q24.1;Q24.8,none,no
11.51,458,procedure,Suture of corneal laceration,Suture cornea laceration,ICD-9-CM procedure,Suture of corneal laceration,none,none,08Q8XZZ;08Q9XZZ,none,no
359.3,459,diagnosis,Periodic paralysis,Periodic paralysis,Clinical group,Periodic paralysis,ORPHA:206976,Periodic paralysis,G72.3,name-exact,group
70.23,460,procedure,Biopsy of cul-de-sac,Cul-de-sac biopsy,ICD-9-CM procedure,Biopsy of cul-de-sac,none,none,0U9F0ZX;0U9F3ZX;0U9F4ZX;0U9F7ZX;0U9F8ZX;0UBF0ZX;0UBF3ZX;0UBF4ZX;0UBF7ZX;0UBF8ZX,none,no
749.02,461,diagnosis,"Cleft palate, unilateral, incomplete",Unilat cleft palate-inc,Clinical group,A fissure type embryopathy that affects the soft and hard palate to varying degrees.,ORPHA:2014,Cleft palate,Q35.7;Q35.9,icd10-exact-E,group
748.1,462,diagnosis,Other anomalies of nose,Nose anomaly NEC,ICD-9-CM diagnosis,Other anomalies of nose,none,none,Q30.1;Q30.2;Q30.8,none,no
253.3,463,diagnosis,Pituitary dwarfism,Pituitary dwarfism,ICD-9-CM diagnosis,Pituitary dwarfism,none,none,E23.0,none,no
279.11,464,diagnosis,Digeorge's syndrome,Digeorge's syndrome,ICD-9-CM diagnosis,Digeorge's syndrome,none,none,D82.1,none,no
756.3,465,diagnosis,Other anomalies of ribs and sternum,Rib & sternum anomal NEC,ICD-9-CM diagnosis,Other anomalies of ribs and sternum,none,none,Q76.6;Q76.7;Q77.2,none,no
255.2,466,diagnosis,Adrenogenital disorders,Adrenogenital disorders,ICD-9-CM diagnosis,Adrenogenital disorders,none,none,E25.0;E25.8;E25.9,none,no
334.8,467,diagnosis,Other spinocerebellar diseases,Spinocerebellar dis NEC,ICD-9-CM diagnosis,Other spinocerebellar diseases,none,none,G11.3;G11.8,none,no
756.4,468,diagnosis,Chondrodystrophy,Chondrodystrophy,ICD-9-CM diagnosis,Chondrodystrophy,none,none,Q77.1;Q77.4;Q77.8;Q78.4,none,no
750.16,469,diagnosis,Microglossia,Microglossia,ICD-9-CM diagnosis,Microglossia,none,none,Q38.3,none,no
379.8,470,diagnosis,Other specified disorders of eye and adnexa,Eye disorders NEC,ICD-9-CM diagnosis,Other specified disorders of eye and adnexa,none,none,H57.8,none,no
750.19,471,diagnosis,Other congenital anomalies of tongue,Tongue anomaly NEC,ICD-9-CM diagnosis,Other congenital anomalies of tongue,none,none,Q38.3,none,no
148.1,472,diagnosis,Malignant neoplasm of pyriform sinus,Mal neo pyriform sinus,ICD-9-CM diagnosis,Malignant neoplasm of pyriform sinus,none,none,C12,none,no
180.0,473,diagnosis,Malignant neoplasm of endocervix,Malig neo endocervix,ICD-9-CM diagnosis,Malignant neoplasm of endocervix,none,none,C53.0,none,no
446.20,474,diagnosis,"Hypersensitivity angiitis, unspecified",Hypersensit angiitis NOS,ICD-9-CM diagnosis,"Hypersensitivity angiitis, unspecified",none,none,M31.0,none,no
191.6,475,diagnosis,Malignant neoplasm of cerebellum nos,Mal neo cerebellum NOS,ICD-9-CM diagnosis,Malignant neoplasm of cerebellum nos,none,none,C71.6,none,no
742.0,476,diagnosis,Encephalocele,Encephalocele,Clinical group,Encephalocele,ORPHA:268817,Cephalocele,Q01.9,icd10-exact-E,group
238.8,477,diagnosis,Neoplasm of uncertain behavior of other specified sites,Uncert behavior neo NEC,ICD-9-CM diagnosis,Neoplasm of uncertain behavior of other specified sites,none,none,D48.7,none,no
152.2,478,diagnosis,Malignant neoplasm of ileum,Malignant neoplasm ileum,ICD-9-CM diagnosis,Malignant neoplasm of ileum,none,none,C17.2,none,no
751.4,479,diagnosis,Anomalies of intestinal fixation,Intestinal fixation anom,ICD-9-CM diagnosis,Anomalies of intestinal fixation,none,none,Q43.3,none,no
221.0,480,diagnosis,Benign neoplasm of fallopian tube and uterine ligaments,Ben neo fallopian tube,ICD-9-CM diagnosis,Benign neoplasm of fallopian tube and uterine ligaments,none,none,D28.2,none,no
159.9,481,diagnosis,Malignant neoplasm of ill-defined sites within the digestive organs and peritoneum,Mal neo GI tract ill-def,ICD-9-CM diagnosis,Malignant neoplasm of ill-defined sites within the digestive organs and peritoneum,none,none,C26.9,none,no
752.62,482,diagnosis,Epispadias,Epispadias,ICD-9-CM diagnosis,Epispadias,none,none,Q64.0,none,no
157.3,483,diagnosis,Malignant neoplasm of pancreatic duct,Mal neo pancreatic duct,ICD-9-CM diagnosis,Malignant neoplasm of pancreatic duct,none,none,C25.3,none,no
110.0,484,diagnosis,Dermatophytosis of scalp and beard,Dermatophyt scalp/beard,ICD-9-CM diagnosis,Dermatophytosis of scalp and beard,none,none,B35.0,none,no
755.69,485,diagnosis,"Other anomalies of lower limb, including pelvic girdle",Lower limb anomaly NEC,ICD-9-CM diagnosis,"Other anomalies of lower limb, including pelvic girdle",none,none,Q74.2,none,no
743.30,486,diagnosis,"Congenital cataract, unspecified",Congenital cataract NOS,ICD-9-CM diagnosis,"Congenital cataract, unspecified",none,none,Q12.0,none,no
744.41,487,diagnosis,Branchial cleft sinus or fistula,Branch cleft sinus/fistu,ICD-9-CM diagnosis,Branchial cleft sinus or fistula,none,none,Q18.0,none,no
743.63,488,diagnosis,Other specified congenital anomalies of eyelid,Spec anom of eyelid NEC,ICD-9-CM diagnosis,Other specified congenital anomalies of eyelid,none,none,Q10.3,none,no
194.3,489,diagnosis,Malignant neoplasm of pituitary gland and craniopharyngeal duct,Malig neo pituitary,ICD-9-CM diagnosis,Malignant neoplasm of pituitary gland and craniopharyngeal duct,none,none,C75.1;C75.2,none,no
757.2,490,diagnosis,Dermatoglyphic anomalies,Dermatoglyphic anomalies,ICD-9-CM diagnosis,Dermatoglyphic anomalies,none,none,Q82.8,none,no
746.86,491,diagnosis,Congenital heart block,Congenital heart block,Disease,"Congenital heart block (CHB) is a rare disorder of atrioventricular conduction, characterized by absence of conduction of atrial impulses to the ventricles with slower ventricular rhythm (atrioventricular dissociation). CHB can occur in association with immunological evidence of maternal connective disease (autoimmune CHD), fetal structural CHD or can be idiopathic.",ORPHA:60041,Congenital heart block,Q24.6,name-exact,yes
695.12,492,diagnosis,Erythema multiforme major,Erythema multiforme maj,Disease,"A rare skin disease characterized most typically by targetoid papules with 3-rings of concentric color variation (dark center, surrounded by lighter pink ring and an outer red ring) symmetrically distributed on the extensor surfaces of the extremities, or more diffuse, accompanied by 2 or more mucosal involvements (erosions of the oral, genital, anal mucosa, conjunctivitis, pseudomembranes). The condition is commonly proceeded by prodromal symptoms of malaise, fever, and myalgias, and is usually self-limiting, resolving within a few weeks; although, there is a risk of recurrence. The disease is mostly triggered by infectious agents (herpes virus, <i>mycoplasma pneumoniae</i>) but a subset of patients have auto-antibodies targeting plakins. Rare cases of severe mucosal sequelae have been described.",ORPHA:502499,Erythema multiforme major,L51.8,name-exact,yes
745.10,493,diagnosis,Complete transposition of great vessels,Compl transpos great ves,ICD-9-CM diagnosis,Complete transposition of great vessels,none,none,Q20.3,none,no
62.0,494,procedure,Incision of testis,Incision of testes,ICD-9-CM procedure,Incision of testis,none,none,0V9900Z;0V990ZZ;0V9B00Z;0V9B0ZZ;0V9C00Z;0V9C0ZZ;0VC90ZZ;0VC93ZZ;0VC94ZZ;0VCB0ZZ;0VCB3ZZ;0VCB4ZZ;0VCC0ZZ;0VCC3ZZ;0VCC4ZZ;0VPD0JZ,none,no
359.0,495,diagnosis,Congenital hereditary muscular dystrophy,Cong hered musc dystrphy,ICD-9-CM diagnosis,Congenital hereditary muscular dystrophy,none,none,G71.2,none,no
744.42,496,diagnosis,Branchial cleft cyst,Branchial cleft cyst,ICD-9-CM diagnosis,Branchial cleft cyst,none,none,Q18.0,none,no
288.1,497,diagnosis,Functional disorders of polymorphonuclear neutrophils,Function dis neutrophils,Group of rare disorders (Orphanet),"Functional disorders of polymorphonuclear neutrophils. Its ICD-10 equivalent (D71) is an umbrella under which Orphanet catalogues 5 narrower rare diseases, e.g. Aggressive periodontitis; Chronic granulomatous disease; Congenital neutropenia-combined immunodeficiency due to MKL1 deficiency.",multiple,Aggressive periodontitis; Chronic granulomatous disease; Congenital neutropenia-combined immunodeficiency due to MKL1 deficiency; Infantile LAD-like disease due to RAC2 deficiency; (+1 more),D71,icd10-ntbt-group,group
140.1,498,diagnosis,"Malignant neoplasm of lower lip, vermilion border",Mal neo lower vermilion,ICD-9-CM diagnosis,"Malignant neoplasm of lower lip, vermilion border",none,none,C00.1,none,no
343.8,499,diagnosis,Other specified infantile cerebral palsy,Cerebral palsy NEC,ICD-9-CM diagnosis,Other specified infantile cerebral palsy,none,none,G80.8,none,no
214.9,500,diagnosis,"Lipoma, unspecified site",Lipoma NOS,ICD-9-CM diagnosis,"Lipoma, unspecified site",none,none,D17.9,none,no
341.1,501,diagnosis,Schilder's disease,Schilder's disease,ICD-9-CM diagnosis,Schilder's disease,none,none,G37.0;G37.5,none,no
750.26,502,diagnosis,Other specified anomalies of mouth,Mouth anomaly NEC,ICD-9-CM diagnosis,Other specified anomalies of mouth,none,none,Q38.6,none,no
437.6,503,diagnosis,Nonpyogenic thrombosis of intracranial venous sinus,Nonpyogen thrombos sinus,ICD-9-CM diagnosis,Nonpyogenic thrombosis of intracranial venous sinus,none,none,I67.6,none,no
370.8,504,diagnosis,Other forms of keratitis,Keratitis NEC,ICD-9-CM diagnosis,Other forms of keratitis,none,none,H16.8,none,no
746.82,505,diagnosis,Cor triatriatum,Cor triatriatum,Clinical group,Cor triatriatum,ORPHA:1463,Triatrial heart,Q24.2,name-exact,group
334.0,506,diagnosis,Friedreich's ataxia,Friedreich's ataxia,Disease,"Friedreich ataxia (FRDA) is an inherited neurodegenerative disorder classically characterized by progressive gait and limb ataxia, dysarthria, dysphagia, oculomotor dysfunction, loss of deep tendon reflexes, pyramidal tract signs, scoliosis, and in some, cardiomyopathy, diabetes mellitus, visual loss and defective hearing.",ORPHA:95,Friedreich ataxia,G11.1,name-exact,yes
774.31,507,diagnosis,Neonatal jaundice due to delayed conjugation in diseases classified elsewhere,Neonat jaund in oth dis,ICD-9-CM diagnosis,Neonatal jaundice due to delayed conjugation in diseases classified elsewhere,none,none,P59.8,none,no
692.3,508,diagnosis,Contact dermatitis and other eczema due to drugs and medicines in contact with skin,Topical med dermatitis,ICD-9-CM diagnosis,Contact dermatitis and other eczema due to drugs and medicines in contact with skin,none,none,L25.1,none,no
335.11,509,diagnosis,Kugelberg-Welander disease,Kugelberg-welander dis,Clinical subtype,"A rare, genetic proximal spinal muscular atrophy characterized by degeneration of alpha motor neurons in the anterior horns of the spinal cord and lower brain stem manifesting with onset of progressive proximal muscle weakness (legs greater than arms) between 18 months and adulthood. Motor development is heterogeneous but walking is typically acquired.",ORPHA:83419,Proximal spinal muscular atrophy type 3,G12.1,name-exact,yes
756.71,510,diagnosis,Prune belly syndrome,Prune belly syndrome,Malformation syndrome,"A rare lower urinary tract obstruction (LUTO) characterized by varying degrees of an enlarged urinary bladder, dilated ureters, hydronephrosis, and poorly contractile and disorganized detrusor and ureteral smooth muscle, in association with hypoplastic or absent midline abdominal skeletal musculature, and bilaterally undescended testes in males.",ORPHA:2970,Prune belly syndrome,Q79.4;Q79.51,name-exact,yes
744.01,511,diagnosis,Absence of external ear,Cong absence ext ear,ICD-9-CM diagnosis,Absence of external ear,none,none,Q16.0,none,no
744.23,512,diagnosis,Microtia,Microtia,ICD-9-CM diagnosis,Microtia,none,none,Q17.2,none,no
443.1,513,diagnosis,Thromboangiitis obliterans [Buerger's disease],Thromboangiit obliterans,ICD-9-CM diagnosis,Thromboangiitis obliterans [Buerger's disease],none,none,I73.1,none,no
744.89,514,diagnosis,Other specified congenital anomalies of face and neck,Cong face/neck anom NEC,ICD-9-CM diagnosis,Other specified congenital anomalies of face and neck,none,none,Q18.8,none,no
791.3,515,diagnosis,Myoglobinuria,Myoglobinuria,ICD-9-CM diagnosis,Myoglobinuria,none,none,R82.1,none,no
390,516,diagnosis,Rheumatic fever without mention of heart involvement,Rheum fev w/o hrt involv,ICD-9-CM diagnosis,Rheumatic fever without mention of heart involvement,none,none,I00,none,no
151.5,517,diagnosis,"Malignant neoplasm of lesser curvature of stomach, unspecified",Mal neo stom lesser curv,ICD-9-CM diagnosis,"Malignant neoplasm of lesser curvature of stomach, unspecified",none,none,C16.5,none,no
745.0,518,diagnosis,Common truncus,Common truncus,ICD-9-CM diagnosis,Common truncus,none,none,Q20.0,none,no
743.20,519,diagnosis,"Buphthalmos, unspecified",Buphthalmos NOS,ICD-9-CM diagnosis,"Buphthalmos, unspecified",none,none,Q15.0,none,no
529.6,520,diagnosis,Glossodynia,Glossodynia,ICD-9-CM diagnosis,Glossodynia,none,none,K14.6,none,no
258.1,521,diagnosis,Other combinations of endocrine dysfunction,Comb endocr dysfunct NEC,ICD-9-CM diagnosis,Other combinations of endocrine dysfunction,none,none,E31.0,none,no
282.43,522,diagnosis,Alpha thalassemia,Alpha thalassemia,Clinical group,A rare inherited hemoglobinopathy characterized by impaired synthesis of two to all four alpha-globin chains leading to a variable clinical picture depending on the number of affected alleles.,ORPHA:846,Alpha-thalassemia,D56.0,name-exact,group
755.10,523,diagnosis,Syndactyly of multiple and unspecified sites,"Syndactyly, multiple/NOS",ICD-9-CM diagnosis,Syndactyly of multiple and unspecified sites,none,none,Q70.4;Q70.9,none,no
366.46,524,diagnosis,Cataract associated with radiation and other physical influences,Cataract w radiation,ICD-9-CM diagnosis,Cataract associated with radiation and other physical influences,none,none,H26.8,none,no
749.22,525,diagnosis,"Cleft palate with cleft lip, unilateral, incomplete",Unil cleft palat/lip-inc,ICD-9-CM diagnosis,"Cleft palate with cleft lip, unilateral, incomplete",none,none,Q37.9,none,no
176.5,526,diagnosis,"Kaposi's sarcoma, lymph nodes",Lym nds - kpsi's sarcoma,ICD-9-CM diagnosis,"Kaposi's sarcoma, lymph nodes",none,none,C46.3,none,no
389.06,527,diagnosis,"Conductive hearing loss, bilateral","Condctv hear loss, bilat",ICD-9-CM diagnosis,"Conductive hearing loss, bilateral",none,none,H90.0,none,no
114.9,528,diagnosis,"Coccidioidomycosis, unspecified",Coccidioidomycosis NOS,ICD-9-CM diagnosis,"Coccidioidomycosis, unspecified",none,none,B38.9,none,no
743.43,529,diagnosis,"Other corneal opacities, congenital",Cong corneal opacit NEC,ICD-9-CM diagnosis,"Other corneal opacities, congenital",none,none,Q13.3,none,no
282.1,530,diagnosis,Hereditary elliptocytosis,Heredit elliptocytosis,ICD-9-CM diagnosis,Hereditary elliptocytosis,none,none,D58.1,none,no
333.5,531,diagnosis,Other choreas,Chorea NEC,ICD-9-CM diagnosis,Other choreas,none,none,G25.4;G25.5,none,no
281.3,532,diagnosis,Other specified megaloblastic anemias not elsewhere classified,Megaloblastic anemia NEC,ICD-9-CM diagnosis,Other specified megaloblastic anemias not elsewhere classified,none,none,D53.1,none,no
747.89,533,diagnosis,Other specified anomalies of circulatory system,Circulatory anomaly NEC,ICD-9-CM diagnosis,Other specified anomalies of circulatory system,none,none,Q28.8,none,no
282.8,534,diagnosis,Other specified hereditary hemolytic anemias,Hered hemolytic anem NEC,ICD-9-CM diagnosis,Other specified hereditary hemolytic anemias,none,none,D58.8,none,no
295.24,535,diagnosis,"Catatonic type schizophrenia, chronic with acute exacerbation",Catatonia-chr/exacerb,ICD-9-CM diagnosis,"Catatonic type schizophrenia, chronic with acute exacerbation",none,none,F20.2,none,no
694.0,536,diagnosis,Dermatitis herpetiformis,Dermatitis herpetiformis,Disease,"A chronic autoimmune subepidermal bullous disease characterized by grouped pruritic lesions such as papules, urticarial plaques, erythema, and herpetiform vesiculae, with a predominantly symmetrical distribution on extensor surfaces of the elbows (90%), knees (30%), shoulders, buttocks, sacral region, and face of children and adults. Erosions, excoriations and hyperpigmentation usually follow. It may also appear as a consequence of gluten intolerance.",ORPHA:1656,Dermatitis herpetiformis,L13.0,name-exact,yes
745.11,537,diagnosis,Double outlet right ventricle,Double outlet rt ventric,Morphological anomaly,"A rare cono-truncal anomaly in which both the aorta and pulmonary artery originate, either entirely or predominantly, from the morphologic right ventricle.",ORPHA:3426,Double outlet right ventricle,Q20.1,name-exact,yes
447.3,538,diagnosis,Hyperplasia of renal artery,Renal artery hyperplasia,ICD-9-CM diagnosis,Hyperplasia of renal artery,none,none,I77.3,none,no
282.0,539,diagnosis,Hereditary spherocytosis,Hereditary spherocytosis,ICD-9-CM diagnosis,Hereditary spherocytosis,none,none,D58.0,none,no
159.8,540,diagnosis,Malignant neoplasm of other sites of digestive system and intra-abdominal organs,Mal neo gi/intra-abd NEC,ICD-9-CM diagnosis,Malignant neoplasm of other sites of digestive system and intra-abdominal organs,none,none,C26.9,none,no
110.6,541,diagnosis,Deep seated dermatophytosis,Deep dermatophytosis,ICD-9-CM diagnosis,Deep seated dermatophytosis,none,none,B35.8,none,no
79.89,542,procedure,Open reduction of dislocation of other specified sites,Open reduc-dislocat NEC,ICD-9-CM procedure,Open reduction of dislocation of other specified sites,none,none,0RS004Z;0RS00ZZ;0RS104Z;0RS10ZZ;0RS404Z;0RS40ZZ;0RS604Z;0RS60ZZ;0RSA04Z;0RSA0ZZ;0SS004Z;0SS00ZZ;0SS304Z;0SS30ZZ;0SS504Z;0SS50ZZ;0SS604Z;0SS60ZZ;0SS704Z;0SS70ZZ;0SS804Z;0SS80ZZ,none,no
690.12,543,diagnosis,Seborrheic infantile dermatitis,Sbrheic infantl drmtitis,ICD-9-CM diagnosis,Seborrheic infantile dermatitis,none,none,L20.83;L21.1,none,no
152.1,544,diagnosis,Malignant neoplasm of jejunum,Malignant neopl jejunum,ICD-9-CM diagnosis,Malignant neoplasm of jejunum,none,none,C17.1,none,no
315.39,545,diagnosis,Other developmental speech or language disorder,Speech/language dis NEC,ICD-9-CM diagnosis,Other developmental speech or language disorder,none,none,F80.0;F80.89,none,no
692.79,546,diagnosis,Other dermatitis due to solar radiation,Oth dermatitis solar rad,ICD-9-CM diagnosis,Other dermatitis due to solar radiation,none,none,L56.8,none,no
590.01,547,diagnosis,Chronic pyelonephritis with lesion of renal medullary necrosis,Chr pyeloneph w med necr,ICD-9-CM diagnosis,Chronic pyelonephritis with lesion of renal medullary necrosis,none,none,N11.0;N11.8,none,no
45.90,548,procedure,"Intestinal anastomosis, not otherwise specified",Intestinal anastom NOS,ICD-9-CM procedure,"Intestinal anastomosis, not otherwise specified",none,none,0D190Z9;0D190ZA;0D190ZB;0D190ZL;0D194Z9;0D194ZA;0D194ZB;0D194ZL;0D198Z9;0D198ZA;0D198ZB;0D198ZL;0D1A0ZA;0D1A0ZB;0D1A0ZH;0D1A0ZK;0D1A0ZL;0D1A0ZM;0D1A0ZN;0D1A0ZP;0D1A4ZA;0D1A4ZB;0D1A4ZH;0D1A4ZK;0D1A4ZL;0D1A4ZM;0D1A4ZN;0D1A4ZP;0D1A8ZA;0D1A8ZB;0D1A8ZH;0D1A8ZK;0D1A8ZL;0D1A8ZM;0D1A8ZN;0D1A8ZP;0D1B0ZB;0D1B0ZH;0D1B0ZK;0D1B0ZL;0D1B0ZM;0D1B0ZN;0D1B0ZP;0D1B4ZB;0D1B4ZH;0D1B4ZK;0D1B4ZL;0D1B4ZM;0D1B4ZN;0D1B4ZP;0D1B8ZB;0D1B8ZH;0D1B8ZK;0D1B8ZL;0D1B8ZM;0D1B8ZN;0D1B8ZP;0D1H0ZH;0D1H0ZK;0D1H0ZL;0D1H0ZM;0D1H0ZN;0D1H0ZP;0D1H4ZH;0D1H4ZK;0D1H4ZL;0D1H4ZM;0D1H4ZN;0D1H4ZP;0D1H8ZH;0D1H8ZK;0D1H8ZL;0D1H8ZM;0D1H8ZN;0D1H8ZP;0D1K0ZK;0D1K0ZL;0D1K0ZM;0D1K0ZN;0D1K0ZP;0D1K4ZK;0D1K4ZL;0D1K4ZM;0D1K4ZN;0D1K4ZP;0D1K8ZK;0D1K8ZL;0D1K8ZM;0D1K8ZN;0D1K8ZP;0D1L0Z4;0D1L0ZL;0D1L0ZM;0D1L0ZN;0D1L0ZP;0D1L4Z4;0D1L4ZL;0D1L4ZM;0D1L4ZN;0D1L4ZP;0D1L8ZL;0D1L8ZM;0D1L8ZN;0D1L8ZP;0D1M0Z4;0D1M0ZM;0D1M0ZN;0D1M0ZP;0D1M4Z4;0D1M4ZM;0D1M4ZN;0D1M4ZP;0D1M8ZM;0D1M8ZN;0D1M8ZP;0D1N0Z4;0D1N0ZN;0D1N0ZP;0D1N4Z4;0D1N4ZN;0D1N4ZP;0D1N8ZN;0D1N8ZP,none,no
750.10,549,diagnosis,"Congenital anomaly of tongue, unspecified",Tongue anomaly NOS,ICD-9-CM diagnosis,"Congenital anomaly of tongue, unspecified",none,none,Q38.3,none,no
745.12,550,diagnosis,Corrected transposition of great vessels,Correct transpos grt ves,ICD-9-CM diagnosis,Corrected transposition of great vessels,none,none,Q20.5,none,no
216.4,551,diagnosis,Benign neoplasm of scalp and skin of neck,Ben neo scalp/skin neck,ICD-9-CM diagnosis,Benign neoplasm of scalp and skin of neck,none,none,D23.4,none,no
70.33,552,procedure,Excision or destruction of lesion of vagina,Excision vaginal lesion,ICD-9-CM procedure,Excision or destruction of lesion of vagina,none,none,0U5G0ZZ;0U5G3ZZ;0U5G4ZZ;0U5G7ZZ;0U5G8ZZ;0U5GXZZ;0UBG0ZZ;0UBG3ZZ;0UBG4ZZ;0UBG7ZZ;0UBG8ZZ;0UBGXZZ,none,no
277.31,553,diagnosis,Familial Mediterranean fever,Fam Mediterranean fever,Disease,"Familial Mediterranean fever (FMF) is an autoinflammatory disorder characterized by recurrent short episodes of fever and serositis resulting in pain in the abdomen, chest, joints and muscles.",ORPHA:342,Familial Mediterranean fever,E85.0,name-exact,yes
258.8,554,diagnosis,Other specified polyglandular dysfunction,Polyglandul dysfunc NEC,ICD-9-CM diagnosis,Other specified polyglandular dysfunction,none,none,E31.20;E31.8,none,no
26.0,555,procedure,Incision of salivary gland or duct,Incis salivary glnd/duct,ICD-9-CM procedure,Incision of salivary gland or duct,none,none,0C9800Z;0C980ZZ;0C9830Z;0C983ZZ;0C9900Z;0C990ZZ;0C9930Z;0C993ZZ;0C9B00Z;0C9B0ZZ;0C9B30Z;0C9B3ZZ;0C9C00Z;0C9C0ZZ;0C9C30Z;0C9C3ZZ;0C9D00Z;0C9D0ZZ;0C9D30Z;0C9D3ZZ;0C9F00Z;0C9F0ZZ;0C9F30Z;0C9F3ZZ;0C9G00Z;0C9G0ZZ;0C9G30Z;0C9G3ZZ;0C9H00Z;0C9H0ZZ;0C9H30Z;0C9H3ZZ;0C9J00Z;0C9J0ZZ;0C9J30Z;0C9J3ZZ;0CC80ZZ;0CC83ZZ;0CC90ZZ;0CC93ZZ;0CCB0ZZ;0CCB3ZZ;0CCC0ZZ;0CCC3ZZ;0CCD0ZZ;0CCD3ZZ;0CCF0ZZ;0CCF3ZZ;0CCG0ZZ;0CCG3ZZ;0CCH0ZZ;0CCH3ZZ;0CCJ0ZZ;0CCJ3ZZ;0CFB0ZZ;0CFB3ZZ;0CFB7ZZ;0CFC0ZZ;0CFC3ZZ;0CFC7ZZ,none,no
211.7,556,diagnosis,Benign neoplasm of islets of Langerhans,Ben neo islets langerhan,ICD-9-CM diagnosis,Benign neoplasm of islets of Langerhans,none,none,D13.7,none,no
448.1,557,diagnosis,"Nevus, non-neoplastic","Nevus, non-neoplastic",ICD-9-CM diagnosis,"Nevus, non-neoplastic",none,none,I78.1,none,no
271.8,558,diagnosis,Other specified disorders of carbohydrate transport and metabolism,Dis carbohydr metab NEC,ICD-9-CM diagnosis,Other specified disorders of carbohydrate transport and metabolism,none,none,E72.52;E72.53;E74.4;E74.8;E77.1,none,no
755.60,559,diagnosis,Unspecified anomaly of lower limb,Lower limb anomaly NOS,ICD-9-CM diagnosis,Unspecified anomaly of lower limb,none,none,Q74.2,none,no
754.40,560,diagnosis,Genu recurvatum,Cong genu recurvatum,Clinical subtype,"A rare congenital knee dislocation characterized by hyperextension of the knee greater than 0° associated with limited flexion, with prominence of the femoral condyles in the popliteal fossa and increased transverse skin folds over the anterior surface of the knee. It can be unilateral or bilateral and may occur as an isolated malformation, be associated with other orthopedic abnormalities (like developmental dysplasia of the hip or clubfoot) or be part of a syndrome (e. g. Larsen's syndrome).",ORPHA:295229,Congenital genu recurvatum,Q68.2,name-exact,yes
759.83,561,diagnosis,Fragile X syndrome,Fragile x syndrome,Malformation syndrome,"A rare genetic disease associated with mild to severe intellectual deficit that may be associated with behavioral disorders and characteristic physical features including a high forehead, prominent and large ears, hyperextensible finger joints, flat feet with pronation and, in adolescent and adult males, macroorchidism.",ORPHA:908,Fragile X syndrome,Q99.2,name-exact,yes
62.2,562,procedure,Excision or destruction of testicular lesion,Testicular les destruct,ICD-9-CM procedure,Excision or destruction of testicular lesion,none,none,0V590ZZ;0V593ZZ;0V594ZZ;0V5B0ZZ;0V5B3ZZ;0V5B4ZZ;0V5C0ZZ;0V5C3ZZ;0V5C4ZZ;0VB90ZZ;0VB93ZZ;0VB94ZZ;0VBB0ZZ;0VBB3ZZ;0VBB4ZZ;0VBC0ZZ;0VBC3ZZ;0VBC4ZZ,none,no
63.1,563,procedure,Excision of varicocele and hydrocele of spermatic cord,Exc spermatic varicocele,ICD-9-CM procedure,Excision of varicocele and hydrocele of spermatic cord,none,none,0VBF0ZZ;0VBF3ZZ;0VBF4ZZ;0VBG0ZZ;0VBG3ZZ;0VBG4ZZ;0VBH0ZZ;0VBH3ZZ;0VBH4ZZ,none,no
282.44,564,diagnosis,Beta thalassemia,Beta thalassemia,Clinical group,Beta-thalassemia (BT) is characterized by deficiency (Beta+) or absence (Beta0) of synthesis of the beta globin chains of hemoglobin (Hb).,ORPHA:848,Beta-thalassemia,D56.1,name-exact,group
352.2,565,diagnosis,Other disorders of glossopharyngeal [9th] nerve,Glossophar nerve dis NEC,ICD-9-CM diagnosis,Other disorders of glossopharyngeal [9th] nerve,none,none,G52.1,none,no
277.09,566,diagnosis,Cystic fibrosis with other manifestations,Cystic fibrosis NEC,Disease,"A rare, genetic pulmonary disorder characterized by sweat, thick mucus secretions causing multisystem disease, chronic infections of the lungs, bulky diarrhea and short stature.",ORPHA:586,Cystic fibrosis,E84.8,icd10-exact-E,yes
755.57,567,diagnosis,Macrodactylia (fingers),Macrodactylia (fingers),ICD-9-CM diagnosis,Macrodactylia (fingers),none,none,Q74.0,none,no
