icd_9,label_index,test_gold_support,scope,ngram_rank,ngram,n_notes_peaking_here,mean_attention,max_attention
401.9,1,1441,all_test,1,consciousness alert interactive activity,16,0.00211,0.00264
401.9,1,1441,all_test,2,alert interactive activity status,10,0.00259,0.00345
401.9,1,1441,all_test,3,non contributory physical exam,10,0.00258,0.00473
401.9,1,1441,all_test,4,cigarette smoked yes x,8,0.00284,0.00392
401.9,1,1441,all_test,5,nc physical exam exam,7,0.00478,0.01036
401.9,1,1441,all_test,6,tobacco quit year ago,7,0.00442,0.00472
401.9,1,1441,all_test,7,bp hr r o2sats,7,0.0039,0.00537
401.9,1,1441,all_test,8,child retired etoh use,7,0.00368,0.00368
401.9,1,1441,all_test,9,exam bp hr r,7,0.0034,0.00488
401.9,1,1441,all_test,10,electrical activity noted monitor,7,0.00248,0.00248
401.9,1,1441,gold_notes,1,pertinent result small bowel,1,0.04772,0.04772
401.9,1,1441,gold_notes,2,making decision today unknown,1,0.032,0.032
401.9,1,1441,gold_notes,3,af intubated gen intubated,1,0.02479,0.02479
401.9,1,1441,gold_notes,4,instruction none followup instruction,1,0.02082,0.02082
401.9,1,1441,gold_notes,5,physical exam bp hr,2,0.01915,0.03588
401.9,1,1441,gold_notes,6,lopressor protonix synthroid asa,1,0.01847,0.01847
401.9,1,1441,gold_notes,7,noncontributory physical exam deceased,1,0.01618,0.01618
401.9,1,1441,gold_notes,8,hr r19 o2sats100ra gen,1,0.0146,0.0146
401.9,1,1441,gold_notes,9,neuro ox3 ambulatory chest,1,0.01453,0.01453
401.9,1,1441,gold_notes,10,etoh use hcp dnr,1,0.01422,0.01422
272.0,3,278,all_test,1,mg tablet sig tablet,52,0.00295,0.01001
272.0,3,278,all_test,2,tablet sig tablet po,36,0.00294,0.01349
272.0,3,278,all_test,3,tablet sig two tablet,14,0.00249,0.00573
272.0,3,278,all_test,4,sig tablet po daily,10,0.00214,0.00362
272.0,3,278,all_test,5,po q6h every hour,9,0.00172,0.0025
272.0,3,278,all_test,6,mg tablet tablet mouth,8,0.00528,0.00714
272.0,3,278,all_test,7,wbc rbc hgb hct,8,0.0038,0.00556
272.0,3,278,all_test,8,capsule sig capsule po,8,0.00309,0.00446
272.0,3,278,all_test,9,using inhaler home p,7,0.00652,0.00652
272.0,3,278,all_test,10,generalized pain sharp stabbing,7,0.00322,0.00322
272.0,3,278,gold_notes,1,code status dnr dni,1,0.03716,0.03716
272.0,3,278,gold_notes,2,p q h percocet,1,0.02981,0.02981
272.0,3,278,gold_notes,3,psychotherapist married smoke take,1,0.02838,0.02838
272.0,3,278,gold_notes,4,physical exam bp hr,1,0.02812,0.02812
272.0,3,278,gold_notes,5,appendectomy open cholecystectomy social,1,0.02689,0.02689
272.0,3,278,gold_notes,6,previously lived alone apartment,1,0.02289,0.02289
272.0,3,278,gold_notes,7,ago heavy smoking prior,1,0.02254,0.02254
272.0,3,278,gold_notes,8,per work dishwasher typer,1,0.02054,0.02054
272.0,3,278,gold_notes,9,ed neurosurgery evaluation arrival,1,0.02015,0.02015
272.0,3,278,gold_notes,10,per son daughter ni,1,0.01959,0.01959
427.89,18,212,all_test,1,awoke neurologically intact extubated,10,0.00271,0.00353
427.89,18,212,all_test,2,support beta blocker initiated,9,0.00273,0.00362
427.89,18,212,all_test,3,beta blocker initiated gently,8,0.00189,0.00253
427.89,18,212,all_test,4,performed obvious p wave,7,0.00838,0.00838
427.89,18,212,all_test,5,mental status associated tachycardia,7,0.00325,0.00325
427.89,18,212,all_test,6,urean creat na k,7,0.00268,0.00517
427.89,18,212,all_test,7,empty drain frequently record,7,0.00226,0.00242
427.89,18,212,all_test,8,unasyn 3g iv q6h,7,0.0015,0.0015
427.89,18,212,all_test,9,tube became somnolent variety,7,0.00143,0.00143
427.89,18,212,all_test,10,became lethargic prior thus,6,0.00666,0.00666
427.89,18,212,gold_notes,1,ventricular escape rhythm atropine,1,0.01259,0.01259
427.89,18,212,gold_notes,2,bradycardia following pvi persistently,1,0.01253,0.01253
427.89,18,212,gold_notes,3,oral lopressor iv adenosine,1,0.01182,0.01182
427.89,18,212,gold_notes,4,bradycardia continued un rifaximin,1,0.0118,0.0118
427.89,18,212,gold_notes,5,tachycardia ep consult confirmed,1,0.01109,0.01109
427.89,18,212,gold_notes,6,failure supraventricular tachycardia supraventricular,1,0.01107,0.01107
427.89,18,212,gold_notes,7,130s associated calf pain,1,0.01067,0.01067
427.89,18,212,gold_notes,8,long qtc ecg thought,1,0.01065,0.01065
427.89,18,212,gold_notes,9,lowest sbp received 6mg,1,0.01044,0.01044
427.89,18,212,gold_notes,10,tachycardia presentation pt sinus,1,0.01035,0.01035
425.4,16,128,all_test,1,pain medication sudden change,41,0.00318,0.00507
425.4,16,128,all_test,2,cardiomyopathy sudden cardiac death,15,0.00331,0.00629
425.4,16,128,all_test,3,tablet sig tablet po,13,0.00173,0.00366
425.4,16,128,all_test,4,arrhythmia cardiomyopathy sudden cardiac,12,0.0027,0.00355
425.4,16,128,all_test,5,maintain strength assist wound,12,0.00216,0.00369
425.4,16,128,all_test,6,call physician immediately experience,10,0.00222,0.00267
425.4,16,128,all_test,7,beat variability left ventricular,9,0.00319,0.00374
425.4,16,128,all_test,8,wbc rbc hgb hct,9,0.00233,0.00379
425.4,16,128,all_test,9,mg tablet sig tablet,9,0.0021,0.00398
425.4,16,128,all_test,10,cardiac death otherwise non,8,0.00389,0.00775
425.4,16,128,gold_notes,1,p dual chamber icd,1,0.04188,0.04188
425.4,16,128,gold_notes,2,cardiomyopathy lvef ranging echo,1,0.03493,0.03493
425.4,16,128,gold_notes,3,cardiomyopathy lvef thought attributed,1,0.03416,0.03416
425.4,16,128,gold_notes,4,fraction hypertension hypogonadism ibs,1,0.02893,0.02893
425.4,16,128,gold_notes,5,viral myocarditis year ago,2,0.02782,0.03827
425.4,16,128,gold_notes,6,p biventricular pacemaker icd,1,0.0254,0.0254
425.4,16,128,gold_notes,7,cardiomyopathy p bivicd placement,1,0.02518,0.02518
425.4,16,128,gold_notes,8,w ef cause unknown,1,0.02347,0.02347
425.4,16,128,gold_notes,9,ef aflutter dabigatran biv,1,0.02299,0.02299
425.4,16,128,gold_notes,10,cardiomyopathy systolic chf lvef,1,0.02265,0.02265
427.1,42,110,all_test,1,tablet sig tablet po,20,0.00214,0.0034
427.1,42,110,all_test,2,mg tablet sig tablet,16,0.00185,0.00314
427.1,42,110,all_test,3,bowel sound present rebound,12,0.00177,0.00343
427.1,42,110,all_test,4,day cycle bendamustine mg,10,0.00616,0.00773
427.1,42,110,all_test,5,guarding organomegaly gu foley,9,0.00307,0.00462
427.1,42,110,all_test,6,acetaminophen mg tablet sig,9,0.00174,0.00235
427.1,42,110,all_test,7,well summer developed evidence,7,0.00442,0.00442
427.1,42,110,all_test,8,mental status associated tachycardia,7,0.00302,0.00302
427.1,42,110,all_test,9,within hour weaned sedation,7,0.00236,0.0032
427.1,42,110,all_test,10,ext warm well perfused,7,0.00197,0.00206
427.1,42,110,gold_notes,1,nsvt longest run nsvt,1,0.01437,0.01437
427.1,42,110,gold_notes,2,ectopy run nsvt telemetry,1,0.01327,0.01327
427.1,42,110,gold_notes,3,run non sustained vtach,1,0.01183,0.01183
427.1,42,110,gold_notes,4,beat run non sustained,1,0.01109,0.01109
427.1,42,110,gold_notes,5,tachycardia given low ejection,1,0.01075,0.01075
427.1,42,110,gold_notes,6,became bradycardic given atropine,1,0.01036,0.01036
427.1,42,110,gold_notes,7,remained hemodynamically stable episode,1,0.01024,0.01024
427.1,42,110,gold_notes,8,vtach beat run foley,1,0.01005,0.01005
427.1,42,110,gold_notes,9,route ed started amiodorome,1,0.00972,0.00972
427.1,42,110,gold_notes,10,shock day impression diuresis,1,0.00944,0.00944
560.1,11,83,all_test,1,tablet sig tablet po,15,0.00228,0.00336
560.1,11,83,all_test,2,rel particle crystal po,14,0.00188,0.00238
560.1,11,83,all_test,3,sust rel particle crystal,13,0.00232,0.00575
560.1,11,83,all_test,4,mg tablet sig tablet,11,0.00195,0.00357
560.1,11,83,all_test,5,rbc hgb hct mcv,10,0.00203,0.00294
560.1,11,83,all_test,6,keep leg straight someone,9,0.00343,0.00468
560.1,11,83,all_test,7,particle crystal po q12h,9,0.0021,0.00266
560.1,11,83,all_test,8,tab sust rel particle,9,0.00205,0.00269
560.1,11,83,all_test,9,neck supple jvp elevated,8,0.00137,0.00189
560.1,11,83,all_test,10,peripheral blood smear showed,7,0.00421,0.00421
560.1,11,83,gold_notes,1,funnction tolerating po upon,1,0.03694,0.03694
560.1,11,83,gold_notes,2,operative ileus ngt replaced,1,0.02069,0.02069
560.1,11,83,gold_notes,3,kub obtained consistent ileus,1,0.01485,0.01485
560.1,11,83,gold_notes,4,requiring nasogastric tube tpn,1,0.01266,0.01266
560.1,11,83,gold_notes,5,surgery consulted reccommendations appreciated,1,0.01166,0.01166
560.1,11,83,gold_notes,6,tube intermittent suction ileus,1,0.01143,0.01143
560.1,11,83,gold_notes,7,abdomen distended bowel movement,1,0.01129,0.01129
560.1,11,83,gold_notes,8,successfully decompressed another kub,1,0.01117,0.01117
560.1,11,83,gold_notes,9,ileus kept npo bowel,1,0.011,0.011
560.1,11,83,gold_notes,10,resolved diet slowly advanced,1,0.01078,0.01078
286.9,28,78,all_test,1,hct mcv mch mchc,11,0.00229,0.00333
286.9,28,78,all_test,2,dtrs name2 ni tri,8,0.00156,0.00261
286.9,28,78,all_test,3,dic requiring multiple transfusion,7,0.00455,0.00455
286.9,28,78,all_test,4,sense proprioception throughout extinction,7,0.0021,0.00316
286.9,28,78,all_test,5,doctor duration cxr showing,7,0.00138,0.00138
286.9,28,78,all_test,6,metas myelos nuc rbc,7,0.00133,0.00133
286.9,28,78,all_test,7,cephalosporin carbacephems carbapenems beta,7,0.00119,0.00139
286.9,28,78,all_test,8,indicating dic increasing wbc,6,0.00579,0.00579
286.9,28,78,all_test,9,inr dobhoff placed tube,6,0.00402,0.00402
286.9,28,78,all_test,10,next several hour awoke,6,0.00375,0.00375
286.9,28,78,gold_notes,1,sepsis dic lab normal,1,0.01923,0.01923
286.9,28,78,gold_notes,2,distal esophageal gastric necrosis,1,0.01835,0.01835
286.9,28,78,gold_notes,3,known varicies given septic,1,0.01058,0.01058
286.9,28,78,gold_notes,4,failure likewise worsened tbili,1,0.00926,0.00926
286.9,28,78,gold_notes,5,vitamin k address nutritional,1,0.00798,0.00798
286.9,28,78,gold_notes,6,prbc unit cryoprecipitate unit,1,0.00789,0.00789
286.9,28,78,gold_notes,7,increased neosynephrine added given,1,0.00775,0.00775
286.9,28,78,gold_notes,8,side effect antibiotic known,1,0.00773,0.00773
286.9,28,78,gold_notes,9,condition relatively hypoxic post,1,0.00728,0.00728
286.9,28,78,gold_notes,10,acidosis hypoalbuminemia together concerning,1,0.00666,0.00666
401.1,114,72,all_test,1,procedure well post operatively,12,0.00194,0.00279
401.1,114,72,all_test,2,medicine allergy known allergy,12,0.00141,0.00192
401.1,114,72,all_test,3,brief mr known lastname,11,0.0019,0.00358
401.1,114,72,all_test,4,md number completed,11,0.00188,0.00259
401.1,114,72,all_test,5,k cl hco3 angap,11,0.00163,0.0019
401.1,114,72,all_test,6,tenderness guarding organomegaly gu,10,0.00107,0.00118
401.1,114,72,all_test,7,operatively transferred cvicu stable,9,0.00215,0.00333
401.1,114,72,all_test,8,mg tablet sig tablet,8,0.00222,0.00288
401.1,114,72,all_test,9,well post operatively transferred,8,0.00193,0.00243
401.1,114,72,all_test,10,cardiothoracic allergy recorded known,7,0.00216,0.00328
401.1,114,72,gold_notes,1,sedated made dnr dni,1,0.00572,0.00572
401.1,114,72,gold_notes,2,made cmo transferred floor,1,0.00424,0.00424
401.1,114,72,gold_notes,3,right tka present illness,1,0.00371,0.00371
401.1,114,72,gold_notes,4,time needed uti dose,1,0.00309,0.00309
401.1,114,72,gold_notes,5,revascularization surgical detail please,1,0.00306,0.00306
401.1,114,72,gold_notes,6,patient severe infection multi,1,0.00275,0.00275
401.1,114,72,gold_notes,7,including thrombocytopenia coagulopathy medical,1,0.00269,0.00269
401.1,114,72,gold_notes,8,repair fortuantely remained hemodynamically,1,0.00243,0.00243
401.1,114,72,gold_notes,9,inr received vitamin k,1,0.00241,0.00241
401.1,114,72,gold_notes,10,rebound gu foley catheter,1,0.00231,0.00231
785.51,27,65,all_test,1,tablet sig tablet po,22,0.0025,0.00642
785.51,27,65,all_test,2,mg tablet sig tablet,12,0.00253,0.00456
785.51,27,65,all_test,3,condition recovery invasive monitoring,9,0.00206,0.00266
785.51,27,65,all_test,4,age complication congestive heart,8,0.00123,0.00128
785.51,27,65,all_test,5,tablet sig two tablet,7,0.00438,0.00762
785.51,27,65,all_test,6,present rebound tenderness guarding,7,0.00236,0.00307
785.51,27,65,all_test,7,vomiting cannot keep fluid,7,0.00214,0.00308
785.51,27,65,all_test,8,vp shunt placement w,7,0.00193,0.00193
785.51,27,65,all_test,9,stain approximately cell immunophenotypic,7,0.00187,0.00187
785.51,27,65,all_test,10,nadolol lasix spironolactone medication,7,0.00173,0.00173
785.51,27,65,gold_notes,1,converted pea regained pulse,1,0.00733,0.00733
785.51,27,65,gold_notes,2,support problem ni given,1,0.00728,0.00728
785.51,27,65,gold_notes,3,disease iabp placed cardiogenic,1,0.00525,0.00525
785.51,27,65,gold_notes,4,shock presented feature cardiogenic,1,0.00524,0.00524
785.51,27,65,gold_notes,5,shock pod tte confirmed,1,0.00474,0.00474
785.51,27,65,gold_notes,6,postoperative respiratory acquired pneumonia,1,0.00473,0.00473
785.51,27,65,gold_notes,7,found severe three vessel,1,0.00467,0.00467
785.51,27,65,gold_notes,8,culteres ribosomal pcr sample,1,0.00445,0.00445
785.51,27,65,gold_notes,9,atrial fibrillation sinus rhythm,1,0.00423,0.00423
785.51,27,65,gold_notes,10,cardiogenic shock found developed,1,0.00406,0.00406
518.89,48,65,all_test,1,parking ward garage,21,0.00158,0.00207
518.89,48,65,all_test,2,drainage incision bleeding groin,19,0.00345,0.00435
518.89,48,65,all_test,3,cleared surgeon look incision,17,0.00173,0.0032
518.89,48,65,all_test,4,swimming cleared surgeon look,13,0.00151,0.00173
518.89,48,65,all_test,5,md md number,11,0.00158,0.00209
518.89,48,65,all_test,6,urean creat na k,11,0.00135,0.00184
518.89,48,65,all_test,7,condition mental status clear,9,0.00197,0.00245
518.89,48,65,all_test,8,clear coherent level consciousness,8,0.0024,0.00294
518.89,48,65,all_test,9,md number completed,8,0.00199,0.00252
518.89,48,65,all_test,10,medicine allergy recorded known,8,0.0019,0.00366
518.89,48,65,gold_notes,1,incidental ct scan outpt,1,0.00859,0.00859
518.89,48,65,gold_notes,2,nodule month dr stitle,1,0.00646,0.00646
518.89,48,65,gold_notes,3,x ray thoracic surgery,1,0.00623,0.00623
518.89,48,65,gold_notes,4,lower extremity report posturing,1,0.0062,0.0062
518.89,48,65,gold_notes,5,ct noted requires follow,1,0.00557,0.00557
518.89,48,65,gold_notes,6,nodule mm lung nodule,1,0.00488,0.00488
518.89,48,65,gold_notes,7,disease obstructive lung disease,1,0.00461,0.00461
518.89,48,65,gold_notes,8,scan recommended follow potential,1,0.00446,0.00446
518.89,48,65,gold_notes,9,name8 md md md,1,0.00393,0.00393
518.89,48,65,gold_notes,10,pulmonary nodule noted ct,1,0.00385,0.00385
430,17,54,all_test,1,delayed release e c,182,0.00184,0.00402
430,17,54,all_test,2,tablet delayed release e,123,0.00196,0.00377
430,17,54,all_test,3,release e c sig,81,0.00193,0.00443
430,17,54,all_test,4,sig tablet delayed release,79,0.00228,0.00498
430,17,54,all_test,5,c sig tablet delayed,72,0.00205,0.00415
430,17,54,all_test,6,release e c po,64,0.00213,0.00402
430,17,54,all_test,7,e c sig tablet,57,0.00186,0.00329
430,17,54,all_test,8,capsule delayed release e,50,0.00181,0.00304
430,17,54,all_test,9,mg tablet delayed release,41,0.0018,0.00289
430,17,54,all_test,10,mg capsule delayed release,31,0.00199,0.00381
430,17,54,gold_notes,1,discussion held made dnr,1,0.0093,0.0093
430,17,54,gold_notes,2,effect 10mm rightward ml,1,0.00835,0.00835
430,17,54,gold_notes,3,hr rr sao2 neurosurgery,1,0.00739,0.00739
430,17,54,gold_notes,4,showed large cerebellar hemorrhage,1,0.00597,0.00597
430,17,54,gold_notes,5,source sah morning underwent,1,0.00491,0.00491
430,17,54,gold_notes,6,sylvian cistern close proximity,1,0.00483,0.00483
430,17,54,gold_notes,7,head ct showed sah,1,0.00473,0.00473
430,17,54,gold_notes,8,admitting resident note code,1,0.00472,0.00472
430,17,54,gold_notes,9,angio avm successfully embolized,1,0.00442,0.00442
430,17,54,gold_notes,10,small saccular dilatation site,1,0.0044,0.0044
576.1,15,49,all_test,1,rel particle crystal po,12,0.0019,0.00225
576.1,15,49,all_test,2,glucose urean creat na,8,0.00226,0.00417
576.1,15,49,all_test,3,liver pork liver mayonnaise,8,0.0022,0.00275
576.1,15,49,all_test,4,medicine prescribed exercise limited,8,0.00193,0.00263
576.1,15,49,all_test,5,capsule sig capsule po,8,0.00192,0.00294
576.1,15,49,all_test,6,telephone fax completed,8,0.00184,0.0022
576.1,15,49,all_test,7,recommended ercp rule cholangitis,7,0.00319,0.00319
576.1,15,49,all_test,8,fax time completed,7,0.00201,0.00278
576.1,15,49,all_test,9,correct complete information obtained,7,0.00196,0.00266
576.1,15,49,all_test,10,general alert oriented acute,7,0.00193,0.00248
576.1,15,49,gold_notes,1,diagnosis cholangitis biliary sepsis,1,0.00919,0.00919
576.1,15,49,gold_notes,2,due elevated inr likely,1,0.00743,0.00743
576.1,15,49,gold_notes,3,ercp afebrile stable vital,1,0.00648,0.00648
576.1,15,49,gold_notes,4,medicine biliary sepsis sepsis,1,0.00631,0.00631
576.1,15,49,gold_notes,5,anticipation ercp went directly,1,0.00606,0.00606
576.1,15,49,gold_notes,6,diffuse biliary dilation multiple,1,0.00579,0.00579
576.1,15,49,gold_notes,7,surgical invasive procedure ercp,1,0.00569,0.00569
576.1,15,49,gold_notes,8,duct cbd dilation pt,1,0.00551,0.00551
576.1,15,49,gold_notes,9,choledocholithiasis p ercp sphincterotomy,1,0.0055,0.0055
576.1,15,49,gold_notes,10,biliary obstruction taken ercp,1,0.00539,0.00539
253.6,80,45,all_test,1,delayed release e c,81,0.00177,0.00345
253.6,80,45,all_test,2,release e c po,56,0.00167,0.0032
253.6,80,45,all_test,3,tablet delayed release e,54,0.00176,0.00324
253.6,80,45,all_test,4,sig tablet delayed release,37,0.00194,0.00384
253.6,80,45,all_test,5,capsule delayed release e,37,0.0017,0.0033
253.6,80,45,all_test,6,c po daily daily,35,0.00186,0.00311
253.6,80,45,all_test,7,e c sig tablet,32,0.00171,0.0034
253.6,80,45,all_test,8,release e c sig,30,0.00205,0.00302
253.6,80,45,all_test,9,c sig tablet delayed,27,0.00146,0.00234
253.6,80,45,all_test,10,e c po daily,24,0.00174,0.00285
253.6,80,45,gold_notes,1,likely combination two suspected,1,0.01488,0.01488
253.6,80,45,gold_notes,2,siadh intracranial process management,1,0.01126,0.01126
253.6,80,45,gold_notes,3,malignancy etiology siadh mass,1,0.01039,0.01039
253.6,80,45,gold_notes,4,also diuresed iv po,1,0.00919,0.00919
253.6,80,45,gold_notes,5,improvement fluid restriction continue,1,0.00873,0.00873
253.6,80,45,gold_notes,6,acute exacerbation thought consequence,1,0.00833,0.00833
253.6,80,45,gold_notes,7,siadh exacerbated excessive po,1,0.00832,0.00832
253.6,80,45,gold_notes,8,siadh need limit fluid,1,0.00823,0.00823
253.6,80,45,gold_notes,9,showed change previous ct,1,0.00751,0.00751
253.6,80,45,gold_notes,10,uncertain risk factor siadh,1,0.00743,0.00743
745.5,43,41,all_test,1,foramen ovale present left,11,0.00519,0.00746
745.5,43,41,all_test,2,pork liver mayonnaise margarine,8,0.0021,0.00261
745.5,43,41,all_test,3,splenomegaly htn stress neg,7,0.00174,0.00174
745.5,43,41,all_test,4,male appering comfortable nad,7,0.00156,0.00156
745.5,43,41,all_test,5,exam vital sign bp,7,0.00145,0.00145
745.5,43,41,all_test,6,sclera anicteric perrl eomi,7,0.00141,0.00238
745.5,43,41,all_test,7,ha medical obesity h,7,0.00137,0.00137
745.5,43,41,all_test,8,atrial appendage patent foramen,6,0.00495,0.00686
745.5,43,41,all_test,9,non contributory physical exam,6,0.00304,0.00415
745.5,43,41,all_test,10,patent foramen ovale present,6,0.00288,0.0034
745.5,43,41,gold_notes,1,ovale present left right,1,0.01181,0.01181
745.5,43,41,gold_notes,2,reflux disease patent foramen,1,0.00992,0.00992
745.5,43,41,gold_notes,3,anticardiolipin antibody protein c,1,0.00762,0.00762
745.5,43,41,gold_notes,4,cardiac catheterization assess significance,1,0.00679,0.00679
745.5,43,41,gold_notes,5,v pfo atrial fibrillation,1,0.00665,0.00665
745.5,43,41,gold_notes,6,negative medical cva pfo,1,0.00658,0.00658
745.5,43,41,gold_notes,7,though pfo h pfo,1,0.00634,0.00634
745.5,43,41,gold_notes,8,closure patent foramen ovale,2,0.00633,0.00677
745.5,43,41,gold_notes,9,head neck cta demonstrated,1,0.00616,0.00616
745.5,43,41,gold_notes,10,foramen ovale cxr tip,1,0.00614,0.00614
519.19,87,40,all_test,1,major surgical invasive procedure,14,0.00214,0.00443
519.19,87,40,all_test,2,review system notable absence,14,0.0015,0.00246
519.19,87,40,all_test,3,disposition extended care facility,12,0.00221,0.00267
519.19,87,40,all_test,4,dry x intact x,12,0.00192,0.00323
519.19,87,40,all_test,5,system negative cardiac review,12,0.00185,0.00291
519.19,87,40,all_test,6,v vii facial strength,10,0.00212,0.00273
519.19,87,40,all_test,7,cardiac review system notable,9,0.00214,0.0027
519.19,87,40,all_test,8,x intact x heent,8,0.00214,0.00263
519.19,87,40,all_test,9,mr known lastname admitted,8,0.00173,0.00237
519.19,87,40,all_test,10,x eomi x neck,7,0.00214,0.00229
519.19,87,40,gold_notes,1,showed severe laryngeal stenosis,1,0.01146,0.01146
519.19,87,40,gold_notes,2,subglottis approximately original caliber,1,0.00905,0.00905
519.19,87,40,gold_notes,3,transferred hospital1 evaluation tracheobronchomalacia,1,0.00863,0.00863
519.19,87,40,gold_notes,4,known lastname year old,1,0.0074,0.0074
519.19,87,40,gold_notes,5,bronchus bronchus intermedius bronchoplasty,1,0.00709,0.00709
519.19,87,40,gold_notes,6,bronchoscopy removal tracheal metal,1,0.00698,0.00698
519.19,87,40,gold_notes,7,dm htn tracheobronchomalacia multiple,1,0.00694,0.00694
519.19,87,40,gold_notes,8,evening tracheobronchomalacia ip assessment,1,0.00613,0.00613
519.19,87,40,gold_notes,9,steroid copd tracheobronchomalacia multiple,1,0.00608,0.00608
519.19,87,40,gold_notes,10,panick attack respiratory compromise,1,0.00601,0.00601
557.0,2,39,all_test,1,mg tablet sig tablet,44,0.00219,0.00414
557.0,2,39,all_test,2,tablet sig tablet po,34,0.00207,0.00578
557.0,2,39,all_test,3,delayed release e c,24,0.00149,0.00221
557.0,2,39,all_test,4,mg tablet delayed release,23,0.00167,0.00401
557.0,2,39,all_test,5,hcl mg tablet sig,21,0.00207,0.00285
557.0,2,39,all_test,6,sig tablet po daily,21,0.0018,0.00372
557.0,2,39,all_test,7,tablet sig two tablet,16,0.00169,0.00278
557.0,2,39,all_test,8,tablet delayed release e,16,0.00161,0.00345
557.0,2,39,all_test,9,tablet po daily daily,15,0.00214,0.00458
557.0,2,39,all_test,10,medicine allergy recorded known,13,0.00189,0.00336
557.0,2,39,gold_notes,1,immediately cvicu care upon,1,0.01297,0.01297
557.0,2,39,gold_notes,2,visceral necrosis surgical candidate,1,0.01131,0.01131
557.0,2,39,gold_notes,3,numerous spinal fracture right,1,0.00822,0.00822
557.0,2,39,gold_notes,4,exploratory laparotomy given concern,1,0.00722,0.00722
557.0,2,39,gold_notes,5,viable tissue preserve abdomen,1,0.00681,0.00681
557.0,2,39,gold_notes,6,closed surgical staple ileostomy,1,0.0053,0.0053
557.0,2,39,gold_notes,7,laparotomy procedure underwent superior,1,0.00489,0.00489
557.0,2,39,gold_notes,8,laparotomy small bowel resection,1,0.00474,0.00474
557.0,2,39,gold_notes,9,tolerated procedure well taken,1,0.00423,0.00423
557.0,2,39,gold_notes,10,flexure takedown rigid sigmoidoscopy,1,0.00321,0.00321
441.4,19,38,all_test,1,please shower daily including,23,0.00224,0.00449
441.4,19,38,all_test,2,instruction please shower daily,22,0.00199,0.00329
441.4,19,38,all_test,3,parking ward garage,19,0.00197,0.00318
441.4,19,38,all_test,4,shower daily including washing,13,0.0021,0.00337
441.4,19,38,all_test,5,md number completed,12,0.00228,0.00456
441.4,19,38,all_test,6,ward garage completed,11,0.00162,0.00194
441.4,19,38,all_test,7,alt ast ld ldh,8,0.00138,0.00331
441.4,19,38,all_test,8,md md number,7,0.00369,0.00671
441.4,19,38,all_test,9,nitrate powder sig appl,7,0.00266,0.00325
441.4,19,38,all_test,10,aaa repair sister coronary,7,0.00255,0.00255
441.4,19,38,gold_notes,1,aneurysm repair present illness,1,0.02481,0.02481
441.4,19,38,gold_notes,2,stone pe ivc filter,1,0.01942,0.01942
441.4,19,38,gold_notes,3,aortic aneurysm present illness,1,0.01449,0.01449
441.4,19,38,gold_notes,4,tube graft present illness,1,0.01427,0.01427
441.4,19,38,gold_notes,5,revealed three vessel coronary,1,0.01427,0.01427
441.4,19,38,gold_notes,6,mural thrombus aaa cm,1,0.01347,0.01347
441.4,19,38,gold_notes,7,catherization present illness mr,1,0.01207,0.01207
441.4,19,38,gold_notes,8,anemia cataract cm abdominal,1,0.01118,0.01118
441.4,19,38,gold_notes,9,hematuria resolved aaa 3cm,1,0.00928,0.00928
441.4,19,38,gold_notes,10,low abdominal back pai,1,0.00817,0.00817
255.41,6,37,all_test,1,present illness year old,10,0.00381,0.01127
255.41,6,37,all_test,2,major surgical invasive procedure,10,0.00263,0.0042
255.41,6,37,all_test,3,unit unit unit unit,8,0.00183,0.00261
255.41,6,37,all_test,4,prednisone started adrenal insufficiency,7,0.00304,0.00304
255.41,6,37,all_test,5,dose chemotherapy good response,7,0.00166,0.00166
255.41,6,37,all_test,6,ct intracranial hemorrhage parenchymal,7,0.00156,0.00156
255.41,6,37,all_test,7,oral mucosa xanthalesma neck,7,0.00146,0.00198
255.41,6,37,all_test,8,doppler test location anesthesia,7,0.00131,0.00158
255.41,6,37,all_test,9,ago describes gassy pain,7,0.00123,0.00123
255.41,6,37,all_test,10,brought operating room right,6,0.00302,0.00302
255.41,6,37,gold_notes,1,recommendation transplant surgery dr,1,0.01144,0.01144
255.41,6,37,gold_notes,2,etiology likely etiology episode,1,0.00585,0.00585
255.41,6,37,gold_notes,3,low sodium level viral,1,0.00471,0.00471
255.41,6,37,gold_notes,4,adrenal crisis unsure precipitant,1,0.00462,0.00462
255.41,6,37,gold_notes,5,started stress dose steroid,1,0.00433,0.00433
255.41,6,37,gold_notes,6,sepsis initially stress dose,1,0.00388,0.00388
255.41,6,37,gold_notes,7,adrenal insufficiency due recent,1,0.00367,0.00367
255.41,6,37,gold_notes,8,gout need continue prednisone,1,0.00363,0.00363
255.41,6,37,gold_notes,9,hydrocortisone though blood pressure,1,0.00362,0.00362
255.41,6,37,gold_notes,10,stress dose steroid wit,1,0.00352,0.00352
693.0,49,37,all_test,1,healing well erythema drainage,32,0.00226,0.00364
693.0,49,37,all_test,2,powder sig appl topical,17,0.00282,0.00366
693.0,49,37,all_test,3,tablet sig tablet po,17,0.00264,0.00643
693.0,49,37,all_test,4,right left healing well,17,0.00221,0.00299
693.0,49,37,all_test,5,well erythema drainage edema,14,0.00235,0.00355
693.0,49,37,all_test,6,left healing well erythema,14,0.00229,0.00347
693.0,49,37,all_test,7,incision sternal healing well,12,0.00183,0.0027
693.0,49,37,all_test,8,qid time needed rash,10,0.00437,0.00574
693.0,49,37,all_test,9,sig appl topical qid,7,0.00633,0.01082
693.0,49,37,all_test,10,cream sig appl topical,7,0.0048,0.00636
693.0,49,37,gold_notes,1,prior rash thought part,1,0.01606,0.01606
693.0,49,37,gold_notes,2,since transfer osh levoquin,1,0.0146,0.0146
693.0,49,37,gold_notes,3,drug rash ctx ceftazidime,1,0.01432,0.01432
693.0,49,37,gold_notes,4,qid time needed triamcinolone,1,0.0138,0.0138
693.0,49,37,gold_notes,5,elevated serum eosinophil rash,1,0.01369,0.01369
693.0,49,37,gold_notes,6,rash treated symptomatically well,1,0.01069,0.01069
693.0,49,37,gold_notes,7,consistent hypersensitvity type reaction,1,0.01023,0.01023
693.0,49,37,gold_notes,8,miconazole nitrate powder range,1,0.00959,0.00959
693.0,49,37,gold_notes,9,cipro iv po cipro,1,0.00907,0.00907
693.0,49,37,gold_notes,10,rash pustule improving inital,1,0.00837,0.00837
332.0,52,37,all_test,1,mg tablet sig tablet,28,0.00215,0.0057
332.0,52,37,all_test,2,cd19 positive refractory relapsed,14,0.00331,0.00433
332.0,52,37,all_test,3,sig tablet po daily,13,0.00251,0.00384
332.0,52,37,all_test,4,tablet po daily daily,11,0.00186,0.00268
332.0,52,37,all_test,5,fainting blacking extreme fatigue,9,0.00203,0.00234
332.0,52,37,all_test,6,tablet sig tablet po,8,0.00322,0.00646
332.0,52,37,all_test,7,understanding verbalized agreement plan,8,0.0028,0.00428
332.0,52,37,all_test,8,known lastname year old,8,0.00188,0.00259
332.0,52,37,all_test,9,medicine allergy recorded known,8,0.00133,0.00194
332.0,52,37,all_test,10,alert oriented x3 nonfocal,7,0.00333,0.0036
332.0,52,37,gold_notes,1,sleep apnea hyperlipidemia asthma,1,0.01992,0.01992
332.0,52,37,gold_notes,2,resegaline appear cause appetite,1,0.01987,0.01987
332.0,52,37,gold_notes,3,parkinson disease carbidopa levodopa,1,0.01829,0.01829
332.0,52,37,gold_notes,4,anxiety social life alone,1,0.01749,0.01749
332.0,52,37,gold_notes,5,procedure month ago parkinson,1,0.01722,0.01722
332.0,52,37,gold_notes,6,residual defecits osteoporosis parkinson,2,0.01607,0.01888
332.0,52,37,gold_notes,7,c b urinary incontinence,1,0.01561,0.01561
332.0,52,37,gold_notes,8,parkinson disease depression benign,1,0.0153,0.0153
332.0,52,37,gold_notes,9,tid rocephin zithromax since,1,0.01441,0.01441
332.0,52,37,gold_notes,10,dz stable continued home,1,0.01398,0.01398
441.2,10,36,all_test,1,present illness year old,20,0.00402,0.01054
441.2,10,36,all_test,2,surgery allergy recorded known,11,0.00151,0.00288
441.2,10,36,all_test,3,condition mental status clear,10,0.0028,0.00389
441.2,10,36,all_test,4,illness mr known lastname,10,0.00213,0.00318
441.2,10,36,all_test,5,medicine allergy recorded known,10,0.00211,0.0034
441.2,10,36,all_test,6,illness year old female,9,0.00238,0.00314
441.2,10,36,all_test,7,illness m known lastname,8,0.00296,0.00623
441.2,10,36,all_test,8,law firm largest location,8,0.00207,0.00252
441.2,10,36,all_test,9,f medicine allergy aspirin,8,0.00157,0.0022
441.2,10,36,all_test,10,tracheostomy vac placement bronchoscopy,7,0.0028,0.0028
441.2,10,36,gold_notes,1,saccular aneurysm pseudoaneurysm underside,1,0.0111,0.0111
441.2,10,36,gold_notes,2,previously brief brought icu,1,0.01066,0.01066
441.2,10,36,gold_notes,3,mm gelweave tube graft,1,0.00909,0.00909
441.2,10,36,gold_notes,4,aaa repair diverticulosis hx,1,0.00888,0.00888
441.2,10,36,gold_notes,5,aortic arch focal dissection,1,0.00804,0.00804
441.2,10,36,gold_notes,6,ascending aortic aneurysm inferior,1,0.00772,0.00772
441.2,10,36,gold_notes,7,p ascending aorta replacement,1,0.00734,0.00734
441.2,10,36,gold_notes,8,showed aneurysm increased 3cm,2,0.007,0.00799
441.2,10,36,gold_notes,9,aneurysm aortic replacement mm,1,0.00654,0.00654
441.2,10,36,gold_notes,10,medical thoracic ascending aneurysm,1,0.00639,0.00639
746.4,9,35,all_test,1,eat nutritious food option,15,0.00301,0.00474
746.4,9,35,all_test,2,present illness year old,14,0.00492,0.00996
746.4,9,35,all_test,3,disease p coronary artery,9,0.00298,0.00485
746.4,9,35,all_test,4,known lastname year old,8,0.0029,0.00496
746.4,9,35,all_test,5,mental status clear coherent,8,0.0027,0.00562
746.4,9,35,all_test,6,ulcer poor po intake,7,0.00406,0.00406
746.4,9,35,all_test,7,deferasirox exjade social life,7,0.00287,0.00287
746.4,9,35,all_test,8,hypercalcemia smv thrombosis hepatic,7,0.00281,0.00281
746.4,9,35,all_test,9,male nad heent sclerae,7,0.00195,0.00195
746.4,9,35,all_test,10,referred cardiac catheterization surgical,6,0.00745,0.00745
746.4,9,35,gold_notes,1,medical bicuspid aortic valve,1,0.00862,0.00862
746.4,9,35,gold_notes,2,referred cardiac catheterization surgical,1,0.00745,0.00745
746.4,9,35,gold_notes,3,medical hypertension hyperlipidemia bicuspid,1,0.00678,0.00678
746.4,9,35,gold_notes,4,avr medical aortic insufficiency,1,0.00672,0.00672
746.4,9,35,gold_notes,5,old male bicuspid aortic,1,0.00596,0.00596
746.4,9,35,gold_notes,6,aortic valve stable ascending,1,0.00587,0.00587
746.4,9,35,gold_notes,7,aortic valve aortic insufficiency,2,0.00574,0.00725
746.4,9,35,gold_notes,8,ileal conduit concerning intraoperative,1,0.0056,0.0056
746.4,9,35,gold_notes,9,aortic valve peak gradient,1,0.00552,0.00552
746.4,9,35,gold_notes,10,aortic valve leaflet moderately,1,0.00511,0.00511
576.2,30,35,all_test,1,tablet sig tablet po,42,0.0018,0.00411
576.2,30,35,all_test,2,sig tablet po daily,30,0.00186,0.00511
576.2,30,35,all_test,3,mg tablet sig tablet,23,0.00217,0.00476
576.2,30,35,all_test,4,sust rel particle crystal,23,0.00186,0.00275
576.2,30,35,all_test,5,particle crystal sig tab,18,0.00154,0.00209
576.2,30,35,all_test,6,tablet po daily daily,18,0.00153,0.00259
576.2,30,35,all_test,7,rel particle crystal po,16,0.00192,0.00328
576.2,30,35,all_test,8,particle crystal po q12h,14,0.00161,0.00234
576.2,30,35,all_test,9,calf pain review system,14,0.00153,0.00209
576.2,30,35,all_test,10,crystal sig tab sust,14,0.00148,0.00213
576.2,30,35,gold_notes,1,level consciousness alert interactive,1,0.00397,0.00397
576.2,30,35,gold_notes,2,va pancreatic mass felt,1,0.00384,0.00384
576.2,30,35,gold_notes,3,bolus low uop given,1,0.00282,0.00282
576.2,30,35,gold_notes,4,procedure left hepatic lobectomy,1,0.00256,0.00256
576.2,30,35,gold_notes,5,high still required oxygen,1,0.00253,0.00253
576.2,30,35,gold_notes,6,biliary duct ptc repositioned,1,0.00243,0.00243
576.2,30,35,gold_notes,7,presumed diagnosis gallstone pancreatitis,1,0.00242,0.00242
576.2,30,35,gold_notes,8,extremity deep venous thrombosis,1,0.00194,0.00194
576.2,30,35,gold_notes,9,jaundice previous biliary stent,1,0.00189,0.00189
576.2,30,35,gold_notes,10,showed fresh blood ampulla,1,0.00189,0.00189
427.81,44,35,all_test,1,major surgical invasive procedure,31,0.00212,0.00548
427.81,44,35,all_test,2,fludarabine cytoxan rituxan cycle,14,0.00208,0.00295
427.81,44,35,all_test,3,examination time anemia low,9,0.00338,0.00365
427.81,44,35,all_test,4,invasive procedure none present,9,0.00205,0.00468
427.81,44,35,all_test,5,cardiothoracic allergy recorded known,9,0.00187,0.00304
427.81,44,35,all_test,6,blocker initiated gently diuresed,8,0.00251,0.00347
427.81,44,35,all_test,7,eos basos atyps metas,8,0.00156,0.00176
427.81,44,35,all_test,8,hct mcv mch mchc,7,0.00531,0.0134
427.81,44,35,all_test,9,considered resistant penicillin cephalosporin,7,0.00183,0.00198
427.81,44,35,all_test,10,good effect also started,7,0.00179,0.00179
427.81,44,35,gold_notes,1,brady tachy syndrome remained,1,0.00895,0.00895
427.81,44,35,gold_notes,2,sick sinus syndrome also,1,0.00836,0.00836
427.81,44,35,gold_notes,3,sick sinus syndrome requiring,1,0.00805,0.00805
427.81,44,35,gold_notes,4,tachy brady syndrome night,1,0.00733,0.00733
427.81,44,35,gold_notes,5,medication hypothyroidism syncopal episode,1,0.00644,0.00644
427.81,44,35,gold_notes,6,alert interactive activity status,1,0.00577,0.00577
427.81,44,35,gold_notes,7,junctional escape rhythm etiology,1,0.00536,0.00536
427.81,44,35,gold_notes,8,consulted amiodarone continued rapid,1,0.00484,0.00484
427.81,44,35,gold_notes,9,placement groin hematoma hypothyroidism,1,0.00445,0.00445
427.81,44,35,gold_notes,10,maker placement e coli,1,0.00413,0.00413
577.1,25,34,all_test,1,status clear coherent level,18,0.0014,0.00211
577.1,25,34,all_test,2,condition mental status clear,14,0.00153,0.00236
577.1,25,34,all_test,3,location un numeric identifier,14,0.00121,0.00175
577.1,25,34,all_test,4,sig tablet po daily,9,0.00235,0.0053
577.1,25,34,all_test,5,concern please resume regular,9,0.00176,0.00252
577.1,25,34,all_test,6,urean creat na k,9,0.00145,0.00216
577.1,25,34,all_test,7,wbc rbc hgb hct,8,0.00161,0.00222
577.1,25,34,all_test,8,glucose urean creat na,8,0.00152,0.0023
577.1,25,34,all_test,9,blood pt ptt inr,8,0.00147,0.00236
577.1,25,34,all_test,10,unit location un numeric,8,0.00125,0.00153
577.1,25,34,gold_notes,1,pint vodka etoh pancreatitis,1,0.00445,0.00445
577.1,25,34,gold_notes,2,gallstone pancreatitis pancreatic pseudocyst,1,0.00316,0.00316
577.1,25,34,gold_notes,3,mental status clear coherent,1,0.00311,0.00311
577.1,25,34,gold_notes,4,prior dts active withdrawal,1,0.00302,0.00302
577.1,25,34,gold_notes,5,pain nausea symptom reported,1,0.003,0.003
577.1,25,34,gold_notes,6,found elevated ct abd,1,0.00294,0.00294
577.1,25,34,gold_notes,7,condition good instruction please,1,0.00275,0.00275
577.1,25,34,gold_notes,8,ir transferred hospital1 management,1,0.00253,0.00253
577.1,25,34,gold_notes,9,surgical cholecystectomy left dismembered,1,0.00225,0.00225
577.1,25,34,gold_notes,10,pancreatitis c b pseudocyst,1,0.00222,0.00222
437.3,168,33,all_test,1,present illness year old,26,0.00415,0.01584
437.3,168,33,all_test,2,illness year old male,17,0.00401,0.00808
437.3,168,33,all_test,3,artery bypass graft x,9,0.0034,0.00508
437.3,168,33,all_test,4,splenomegaly htn stress neg,7,0.00301,0.00301
437.3,168,33,all_test,5,asthma htn mitral valve,7,0.00285,0.00361
437.3,168,33,all_test,6,morbid obesity possible tia,7,0.00232,0.00232
437.3,168,33,all_test,7,known lastname overweight 28yo,7,0.00172,0.00172
437.3,168,33,all_test,8,status post allogeneic transplant,7,0.00168,0.00168
437.3,168,33,all_test,9,bowel resection anterior enterostomy,6,0.00642,0.00642
437.3,168,33,all_test,10,patent foramen ovale present,6,0.00551,0.00678
437.3,168,33,gold_notes,1,43f incidental finding r,1,0.01277,0.01277
437.3,168,33,gold_notes,2,lastname female subarachnoid hemorrhage,1,0.01244,0.01244
437.3,168,33,gold_notes,3,pcomm aneurysm present illness,1,0.011,0.011
437.3,168,33,gold_notes,4,small refilling coiled aneurysm,1,0.01073,0.01073
437.3,168,33,gold_notes,5,known giant suprasellar aneurysm,1,0.00853,0.00853
437.3,168,33,gold_notes,6,illness 52f incidental finding,1,0.00826,0.00826
437.3,168,33,gold_notes,7,right ica aneurysm left,1,0.00821,0.00821
437.3,168,33,gold_notes,8,coiling right ica pcom,1,0.00813,0.00813
437.3,168,33,gold_notes,9,cerebral angiogram coiling pcomm,1,0.00807,0.00807
437.3,168,33,gold_notes,10,anterior communicating artery aneurysm,1,0.00756,0.00756
458.0,0,31,all_test,1,major surgical invasive procedure,8,0.00126,0.00207
458.0,0,31,all_test,2,platelet count borderline low,7,0.00308,0.00308
458.0,0,31,all_test,3,perirectal area incontinence found,7,0.00266,0.00266
458.0,0,31,all_test,4,gait steady sternal pain,7,0.00175,0.00188
458.0,0,31,all_test,5,continues present altered mental,7,0.00156,0.00156
458.0,0,31,all_test,6,location anesthesia west cardiac,7,0.00142,0.00176
458.0,0,31,all_test,7,unasyn 3g iv q6h,7,0.00121,0.00121
458.0,0,31,all_test,8,feed started poor oral,6,0.00317,0.00317
458.0,0,31,all_test,9,steroid initially prophylaxis atra,6,0.00298,0.00298
458.0,0,31,all_test,10,location un area vna,6,0.00282,0.00405
458.0,0,31,gold_notes,1,remained stable noted orthostatic,1,0.00687,0.00687
458.0,0,31,gold_notes,2,fluid bolus orthostatic drop,1,0.00668,0.00668
458.0,0,31,gold_notes,3,per omr daughter discharged,1,0.00486,0.00486
458.0,0,31,gold_notes,4,management given relative stability,1,0.00415,0.00415
458.0,0,31,gold_notes,5,dysfunction w orthostatic hypotension,1,0.00408,0.00408
458.0,0,31,gold_notes,6,f took bp found,1,0.00387,0.00387
458.0,0,31,gold_notes,7,cause mr known lastname,1,0.00353,0.00353
458.0,0,31,gold_notes,8,expired diagnosis cardiopulmonary arrest,1,0.00336,0.00336
458.0,0,31,gold_notes,9,fluctuated widely early home,1,0.0032,0.0032
458.0,0,31,gold_notes,10,poor po bleeding could,1,0.00316,0.00316
185,105,30,all_test,1,clear coherent level consciousness,13,0.00187,0.00241
185,105,30,all_test,2,prostate cancer p xrt,12,0.00282,0.00364
185,105,30,all_test,3,mental status clear coherent,11,0.00234,0.00606
185,105,30,all_test,4,sust rel particle crystal,10,0.00228,0.00453
185,105,30,all_test,5,cardiothoracic allergy recorded known,9,0.00204,0.00314
185,105,30,all_test,6,status clear coherent level,9,0.00195,0.00272
185,105,30,all_test,7,identifier phone telephone fax,9,0.00156,0.00176
185,105,30,all_test,8,alert interactive activity status,8,0.00238,0.00314
185,105,30,all_test,9,hypertension diabetes least paternal,7,0.00252,0.00252
185,105,30,all_test,10,subclavian cvl communication wife,7,0.00225,0.00225
185,105,30,gold_notes,1,cancer core prostate needle,1,0.0107,0.0107
185,105,30,gold_notes,2,illness male t2dm htn,1,0.00768,0.00768
185,105,30,gold_notes,3,p appy p rih,1,0.0071,0.0071
185,105,30,gold_notes,4,spanish speaking male esrd,1,0.00632,0.00632
185,105,30,gold_notes,5,colon prostate stomach cancer,1,0.00498,0.00498
185,105,30,gold_notes,6,secondary diagnosis depression hypertension,1,0.0048,0.0048
185,105,30,gold_notes,7,palliative xrt obstructive uropathy,1,0.00467,0.00467
185,105,30,gold_notes,8,active issue regarding prostate,1,0.00466,0.00466
185,105,30,gold_notes,9,conduit concerning intraoperative event,1,0.00445,0.00445
185,105,30,gold_notes,10,tube recent diagnosis malignancy,1,0.00414,0.00414
286.7,22,28,all_test,1,tablet sig tablet po,33,0.0017,0.00302
286.7,22,28,all_test,2,mg tablet sig tablet,23,0.00229,0.00552
286.7,22,28,all_test,3,medication acetaminophen mg tablet,11,0.00195,0.00331
286.7,22,28,all_test,4,tablet po daily daily,10,0.00197,0.00348
286.7,22,28,all_test,5,gen wd wn comfortable,9,0.00238,0.00373
286.7,22,28,all_test,6,wbc rbc hgb hct,9,0.00211,0.00305
286.7,22,28,all_test,7,sig tablet po daily,8,0.00202,0.00299
286.7,22,28,all_test,8,metoprolol tartrate mg tablet,7,0.00292,0.00523
286.7,22,28,all_test,9,aspirin mg tablet sig,7,0.0025,0.00256
286.7,22,28,all_test,10,daily zyrtec tab daily,7,0.00184,0.00184
286.7,22,28,gold_notes,1,k inr fell followed,1,0.00393,0.00393
286.7,22,28,gold_notes,2,abdominial bruits extremity cool,1,0.00363,0.00363
286.7,22,28,gold_notes,3,abdomen supportive measure continued,1,0.00219,0.00219
286.7,22,28,gold_notes,4,tap starting diuretic small,1,0.00207,0.00207
286.7,22,28,gold_notes,5,brother polio ni disease,1,0.00199,0.00199
286.7,22,28,gold_notes,6,50mg hospital1 simvastatin 20mg,1,0.00186,0.00186
286.7,22,28,gold_notes,7,result bleeding posterior nasopharynx,1,0.00185,0.00185
286.7,22,28,gold_notes,8,near son ni son,1,0.00158,0.00158
286.7,22,28,gold_notes,9,full code medication digoxin,1,0.00147,0.00147
286.7,22,28,gold_notes,10,care tobacco denies illicit,1,0.00142,0.00142
238.71,112,28,all_test,1,tablet sig tablet po,29,0.00222,0.00406
238.71,112,28,all_test,2,mg tablet sig tablet,22,0.00262,0.00719
238.71,112,28,all_test,3,tablet po daily daily,18,0.0018,0.00356
238.71,112,28,all_test,4,rbc hgb hct mcv,11,0.00218,0.0051
238.71,112,28,all_test,5,sig tablet po daily,11,0.00175,0.00283
238.71,112,28,all_test,6,beta blocker initiated gently,11,0.00163,0.00224
238.71,112,28,all_test,7,leg straight someone apply,8,0.00368,0.00484
238.71,112,28,all_test,8,acetaminophen mg tablet sig,8,0.00291,0.00344
238.71,112,28,all_test,9,tablet po bid time,8,0.00258,0.00266
238.71,112,28,all_test,10,sig tablet po bid,8,0.00252,0.00287
238.71,112,28,gold_notes,1,elevated since high could,1,0.00755,0.00755
238.71,112,28,gold_notes,2,stable likely related anemia,1,0.00586,0.00586
238.71,112,28,gold_notes,3,consistent chronic disease hct,1,0.00485,0.00485
238.71,112,28,gold_notes,4,possibly due trauma inflammation,1,0.00396,0.00396
238.71,112,28,gold_notes,5,allergy team consulted desensitization,1,0.00393,0.00393
238.71,112,28,gold_notes,6,guaiac ostomy thrombocytosis likely,1,0.00378,0.00378
238.71,112,28,gold_notes,7,intake monitored trended downward,1,0.00365,0.00365
238.71,112,28,gold_notes,8,inr trended developed post,1,0.00362,0.00362
238.71,112,28,gold_notes,9,fe load transfusion need,1,0.00352,0.00352
238.71,112,28,gold_notes,10,bacteremia reactive thrombocytosis anemia,1,0.00333,0.00333
340,12,26,all_test,1,multiple dose dose escalation,14,0.00551,0.00718
340,12,26,all_test,2,verbalized agreement plan medication,8,0.00281,0.00557
340,12,26,all_test,3,condition alert oriented x3,8,0.00245,0.00286
340,12,26,all_test,4,teaching follow instruction understanding,8,0.00195,0.00207
340,12,26,all_test,5,known lastname year old,7,0.00247,0.00395
340,12,26,all_test,6,fe overload chelation therapy,7,0.00163,0.00163
340,12,26,all_test,7,paroxysmal supraventricular tachucardia paroxysmal,7,0.00158,0.00158
340,12,26,all_test,8,started smv thrombosis subtherapeutic,7,0.0013,0.0013
340,12,26,all_test,9,tablet po tid time,7,0.00112,0.00112
340,12,26,all_test,10,present illness year old,6,0.00366,0.00527
340,12,26,gold_notes,1,progressive multiple sclerosis worsening,1,0.01585,0.01585
340,12,26,gold_notes,2,ongoing right sided weakness,1,0.01361,0.01361
340,12,26,gold_notes,3,relapsing m chronic medication,1,0.0129,0.0129
340,12,26,gold_notes,4,yo rhw relapsing remitting,1,0.01128,0.01128
340,12,26,gold_notes,5,sclerosis neurogenic bladder w,2,0.01078,0.01413
340,12,26,gold_notes,6,pt atch peripheral neuropathy,1,0.01041,0.01041
340,12,26,gold_notes,7,continued prednisone home dose,1,0.00967,0.00967
340,12,26,gold_notes,8,sclerosis initially presenting complicated,1,0.00915,0.00915
340,12,26,gold_notes,9,disease hypertension hyperlipidemia osteoporosis,1,0.00878,0.00878
340,12,26,gold_notes,10,cervical dysplasia significant cholecystectomy,1,0.00851,0.00851
266.2,37,26,all_test,1,patent foramen ovale present,10,0.0022,0.00284
266.2,37,26,all_test,2,osteopenia atraumatic vertebral fracture,8,0.00172,0.00204
266.2,37,26,all_test,3,contrast none tech quality,8,0.00141,0.00175
266.2,37,26,all_test,4,conjunctiva pink pallor cyanosis,8,0.00138,0.00171
266.2,37,26,all_test,5,mg tablet sig tablet,8,0.00118,0.00122
266.2,37,26,all_test,6,tablet sig tablet po,7,0.00251,0.00438
266.2,37,26,all_test,7,year ago previously pack,7,0.00214,0.00214
266.2,37,26,all_test,8,married life wife dog,7,0.00186,0.00186
266.2,37,26,all_test,9,see bladder stone cystoscopic,7,0.00156,0.00168
266.2,37,26,all_test,10,chronic constipation avascular necrosis,7,0.00132,0.00132
266.2,37,26,gold_notes,1,deficiency level borderline year,1,0.01168,0.01168
266.2,37,26,gold_notes,2,diagnosed b12 level given,1,0.00768,0.00768
266.2,37,26,gold_notes,3,deficiency recently started b12,1,0.00754,0.00754
266.2,37,26,gold_notes,4,acid 5mg daily cyanocobalamin,1,0.00658,0.00658
266.2,37,26,gold_notes,5,deficiency erectile dysfunction seborrheic,1,0.00601,0.00601
266.2,37,26,gold_notes,6,htn hyperlipidemia copd b12,1,0.00596,0.00596
266.2,37,26,gold_notes,7,continued vitamin b12 mcg,1,0.00593,0.00593
266.2,37,26,gold_notes,8,chronic renal insufficiency p,1,0.0054,0.0054
266.2,37,26,gold_notes,9,monthly due fosamax mg,1,0.0053,0.0053
266.2,37,26,gold_notes,10,bph p craniectomy condition,1,0.00441,0.00441
40.3,5,24,all_test,1,present illness year old,15,0.00288,0.00464
40.3,5,24,all_test,2,fcr enrolled protocol phase,14,0.00221,0.0031
40.3,5,24,all_test,3,known lastname year old,12,0.00326,0.00537
40.3,5,24,all_test,4,illness year old male,12,0.00322,0.00407
40.3,5,24,all_test,5,cpap morbid obesity possible,7,0.00232,0.00232
40.3,5,24,all_test,6,post allogeneic transplant subsequent,7,0.00231,0.00231
40.3,5,24,all_test,7,portal hypertension varix splenomegaly,7,0.00214,0.00214
40.3,5,24,all_test,8,surgery allergy morphine heparin,7,0.00118,0.00118
40.3,5,24,all_test,9,present illness male p,6,0.00476,0.00476
40.3,5,24,all_test,10,correct complete information obtained,6,0.00348,0.00436
40.3,5,24,gold_notes,1,thorascopic surgery left upper,1,0.00814,0.00814
40.3,5,24,gold_notes,2,illness 69m invasive bladder,1,0.00742,0.00742
40.3,5,24,gold_notes,3,lobectomy thoracic lymphadenectomy flexible,1,0.00693,0.00693
40.3,5,24,gold_notes,4,procedure radical cystoprostatectomy ileal,1,0.00681,0.00681
40.3,5,24,gold_notes,5,buttress partial pulmonary decortication,1,0.00533,0.00533
40.3,5,24,gold_notes,6,radical open cystectomy prostatectomy,1,0.00494,0.00494
40.3,5,24,gold_notes,7,dissection present illness 59m,1,0.00444,0.00444
40.3,5,24,gold_notes,8,namepattern2 prostate cancer major,1,0.00361,0.00361
40.3,5,24,gold_notes,9,left thoractomy left upper,1,0.00323,0.00323
40.3,5,24,gold_notes,10,via mediastinoscopy done outside,1,0.00323,0.00323
451.82,14,24,all_test,1,tablet sig tablet po,31,0.00175,0.00295
451.82,14,24,all_test,2,disposition extended care facility,18,0.00212,0.00424
451.82,14,24,all_test,3,mg tablet sig tablet,15,0.00157,0.00311
451.82,14,24,all_test,4,mg capsule sig capsule,12,0.00262,0.0042
451.82,14,24,all_test,5,lotion powder ointment incision,12,0.00173,0.00271
451.82,14,24,all_test,6,capsule po q6h every,10,0.00136,0.00157
451.82,14,24,all_test,7,every hour throughout night,9,0.00165,0.00211
451.82,14,24,all_test,8,capsule sig capsule po,9,0.00159,0.00174
451.82,14,24,all_test,9,sig appl topical qid,9,0.00141,0.00153
451.82,14,24,all_test,10,alcohol povidone dropperette sig,8,0.00223,0.00423
451.82,14,24,gold_notes,1,thrombophlebitis arm followup instruction,1,0.00572,0.00572
451.82,14,24,gold_notes,2,superficial venous clot believe,1,0.00513,0.00513
451.82,14,24,gold_notes,3,two paired right brachial,1,0.00474,0.00474
451.82,14,24,gold_notes,4,make steady progress post,1,0.00447,0.00447
451.82,14,24,gold_notes,5,started kefzol briefly continued,1,0.00436,0.00436
451.82,14,24,gold_notes,6,left forearm osh subsequently,1,0.00408,0.00408
451.82,14,24,gold_notes,7,right arm elbow thrombophlebitis,1,0.00392,0.00392
451.82,14,24,gold_notes,8,dvt right upper extremity,1,0.00392,0.00392
451.82,14,24,gold_notes,9,mobility abx started phlebitis,1,0.00381,0.00381
451.82,14,24,gold_notes,10,cephalic vein evidence deep,1,0.00284,0.00284
286.6,29,24,all_test,1,delayed release e c,310,0.00291,0.00697
286.6,29,24,all_test,2,tablet delayed release e,203,0.00294,0.0063
286.6,29,24,all_test,3,release e c sig,170,0.00276,0.00707
286.6,29,24,all_test,4,release e c po,112,0.00361,0.01418
286.6,29,24,all_test,5,sig tablet delayed release,110,0.00345,0.00781
286.6,29,24,all_test,6,c sig tablet delayed,101,0.00288,0.00616
286.6,29,24,all_test,7,capsule delayed release e,80,0.0027,0.00669
286.6,29,24,all_test,8,e c sig tablet,74,0.00309,0.00525
286.6,29,24,all_test,9,e c po daily,70,0.00302,0.00993
286.6,29,24,all_test,10,c sig capsule delayed,45,0.00262,0.00503
286.6,29,24,gold_notes,1,evening present bedside pastoral,1,0.0065,0.0065
286.6,29,24,gold_notes,2,discus poor prognosis associted,1,0.00403,0.00403
286.6,29,24,gold_notes,3,ooze line site notably,1,0.00393,0.00393
286.6,29,24,gold_notes,4,_ _ _ _,1,0.00392,0.00392
286.6,29,24,gold_notes,5,alendronate mg po q,1,0.00372,0.00372
286.6,29,24,gold_notes,6,liver probable dic requiring,1,0.00299,0.00299
286.6,29,24,gold_notes,7,time death worsening transaminitis,1,0.00287,0.00287
286.6,29,24,gold_notes,8,c w dic providing,1,0.00283,0.00283
286.6,29,24,gold_notes,9,basis two smear showed,1,0.00252,0.00252
286.6,29,24,gold_notes,10,creatinine multiple discussion held,1,0.00243,0.00243
569.83,61,24,all_test,1,mg tablet sig tablet,10,0.00211,0.00535
569.83,61,24,all_test,2,known allergy adverse drug,8,0.00212,0.00228
569.83,61,24,all_test,3,collard mustard green parsley,8,0.00185,0.00245
569.83,61,24,all_test,4,md number completed,7,0.0027,0.00353
569.83,61,24,all_test,5,denies tobacco use alcohol,7,0.00212,0.00317
569.83,61,24,all_test,6,surgery allergy known allergy,7,0.00204,0.00309
569.83,61,24,all_test,7,leak however scrutiny determined,7,0.00179,0.00179
569.83,61,24,all_test,8,recevied intra thecal methotrexate,7,0.00173,0.00173
569.83,61,24,all_test,9,initially electively admitted allo,7,0.00154,0.00154
569.83,61,24,all_test,10,cta b cor rrr,7,0.00108,0.00108
569.83,61,24,gold_notes,1,intubated sedated pressor medical,1,0.00835,0.00835
569.83,61,24,gold_notes,2,mucous fistula ileostomy gj,1,0.00542,0.00542
569.83,61,24,gold_notes,3,fistula operative stable 200cc,1,0.00496,0.00496
569.83,61,24,gold_notes,4,essentially became anuric kub,1,0.00368,0.00368
569.83,61,24,gold_notes,5,transverse colon fecal peritonitis,1,0.00354,0.00354
569.83,61,24,gold_notes,6,ago less severe normal,1,0.0031,0.0031
569.83,61,24,gold_notes,7,taken icu postoperatively remained,1,0.00304,0.00304
569.83,61,24,gold_notes,8,note detail brief uneventful,1,0.00258,0.00258
569.83,61,24,gold_notes,9,facility clipper hospital1 location,1,0.00248,0.00248
569.83,61,24,gold_notes,10,laparotomy ileocecostomy low anterior,1,0.00248,0.00248
577.2,33,23,all_test,1,rbc hgb hct mcv,30,0.00162,0.00365
577.2,33,23,all_test,2,mg tablet sig tablet,20,0.00169,0.00285
577.2,33,23,all_test,3,wbc rbc hgb hct,20,0.00148,0.00255
577.2,33,23,all_test,4,hct mcv mch mchc,19,0.00335,0.01438
577.2,33,23,all_test,5,tablet sig tablet po,19,0.0015,0.00261
577.2,33,23,all_test,6,mchc rdw plt ct,17,0.00236,0.00402
577.2,33,23,all_test,7,mcv mch mchc rdw,17,0.00185,0.00489
577.2,33,23,all_test,8,site sudden severe bleeding,13,0.00301,0.00476
577.2,33,23,all_test,9,blood wbc rbc hgb,12,0.00236,0.00382
577.2,33,23,all_test,10,capsule sig capsule po,10,0.00213,0.00405
577.2,33,23,gold_notes,1,extremity pertinent result wbc,1,0.00308,0.00308
577.2,33,23,gold_notes,2,chill started day pta,1,0.00256,0.00256
577.2,33,23,gold_notes,3,interval hemorrhage within pseudocyst,1,0.00226,0.00226
577.2,33,23,gold_notes,4,pseudocyst decrease size lessar,1,0.00222,0.00222
577.2,33,23,gold_notes,5,neck body pancreas previous,1,0.00219,0.00219
577.2,33,23,gold_notes,6,presented hospital1 several week,1,0.00206,0.00206
577.2,33,23,gold_notes,7,sequellae process pancreatitis dedicated,1,0.00204,0.00204
577.2,33,23,gold_notes,8,fluid collection stomach pancreas,1,0.00185,0.00185
577.2,33,23,gold_notes,9,spleen distal pancreatectomy h,1,0.0018,0.0018
577.2,33,23,gold_notes,10,week management pancreatitis pancreatic,1,0.00179,0.00179
E878.0,35,23,all_test,1,tablet sig tablet po,19,0.00176,0.00284
E878.0,35,23,all_test,2,sig tablet po daily,10,0.00269,0.00521
E878.0,35,23,all_test,3,mg tablet sig two,10,0.00205,0.00276
E878.0,35,23,all_test,4,chest lung clear bilaterally,10,0.00179,0.0022
E878.0,35,23,all_test,5,blood wbc rbc hgb,9,0.00498,0.01032
E878.0,35,23,all_test,6,mcv mch mchc rdw,9,0.00208,0.0036
E878.0,35,23,all_test,7,please call schedule appointment,9,0.00134,0.00146
E878.0,35,23,all_test,8,rbc hgb hct mcv,8,0.00258,0.00357
E878.0,35,23,all_test,9,mg tablet sig tablet,8,0.00248,0.00316
E878.0,35,23,all_test,10,hct mcv mch mchc,8,0.00223,0.00401
E878.0,35,23,gold_notes,1,kidney transplant living unrelatd,1,0.003,0.003
E878.0,35,23,gold_notes,2,identified splenomegaly u liver,1,0.00237,0.00237
E878.0,35,23,gold_notes,3,rejection received rituximab transplant,1,0.00235,0.00235
E878.0,35,23,gold_notes,4,pain shortness breath cough,1,0.00234,0.00234
E878.0,35,23,gold_notes,5,right 2nd intercostal space,1,0.00216,0.00216
E878.0,35,23,gold_notes,6,liver become available mr,1,0.00208,0.00208
E878.0,35,23,gold_notes,7,kidney transplant currently dialyzes,1,0.00196,0.00196
E878.0,35,23,gold_notes,8,renal failure kidney p,1,0.00194,0.00194
E878.0,35,23,gold_notes,9,treated steroid colonoscopy showing,1,0.00181,0.00181
E878.0,35,23,gold_notes,10,orthotopic deceased donor liver,1,0.00176,0.00176
518.82,32,22,all_test,1,leg straight someone apply,17,0.00327,0.00489
518.82,32,22,all_test,2,mcv mch mchc rdw,17,0.00161,0.00358
518.82,32,22,all_test,3,md number completed,15,0.00413,0.01461
518.82,32,22,all_test,4,rbc hgb hct mcv,15,0.0018,0.00259
518.82,32,22,all_test,5,telephone fax completed,14,0.0018,0.00262
518.82,32,22,all_test,6,urean creat na k,11,0.00225,0.004
518.82,32,22,all_test,7,glucose urean creat na,10,0.00174,0.00194
518.82,32,22,all_test,8,wbc rbc hgb hct,10,0.00138,0.00203
518.82,32,22,all_test,9,md md number,9,0.00234,0.00682
518.82,32,22,all_test,10,mchc rdw plt ct,9,0.00182,0.00256
518.82,32,22,gold_notes,1,pelvis hematoma j g,1,0.00272,0.00272
518.82,32,22,gold_notes,2,dr stitle orthoepdics week,1,0.00229,0.00229
518.82,32,22,gold_notes,3,time arousable responded command,1,0.00215,0.00215
518.82,32,22,gold_notes,4,upper lower mass connected,1,0.00199,0.00199
518.82,32,22,gold_notes,5,resume regular home medication,2,0.00183,0.00196
518.82,32,22,gold_notes,6,father died lymphoma known,1,0.00174,0.00174
518.82,32,22,gold_notes,7,fasculations prominent speech alteration,1,0.00167,0.00167
518.82,32,22,gold_notes,8,mg capsule sig capsule,1,0.00158,0.00158
518.82,32,22,gold_notes,9,telephone fax time please,1,0.0015,0.0015
518.82,32,22,gold_notes,10,felt safe return rehab,1,0.00147,0.00147
452,36,21,all_test,1,delayed release e c,178,0.00189,0.00457
452,36,21,all_test,2,release e c sig,132,0.00175,0.00347
452,36,21,all_test,3,tablet delayed release e,125,0.00173,0.00386
452,36,21,all_test,4,c sig tablet delayed,73,0.00178,0.00437
452,36,21,all_test,5,sig tablet delayed release,67,0.00205,0.00429
452,36,21,all_test,6,mg tablet sig tablet,63,0.00206,0.00757
452,36,21,all_test,7,e c sig tablet,57,0.00184,0.00327
452,36,21,all_test,8,release e c po,55,0.00192,0.00286
452,36,21,all_test,9,capsule delayed release e,50,0.00154,0.00242
452,36,21,all_test,10,mg tablet delayed release,44,0.00177,0.00327
452,36,21,gold_notes,1,thrombosis grade iii esophageal,1,0.00364,0.00364
452,36,21,gold_notes,2,left portla vein nearly,1,0.00353,0.00353
452,36,21,gold_notes,3,follow ct scan demonstrated,1,0.00336,0.00336
452,36,21,gold_notes,4,reveals evidence flow portal,1,0.00328,0.00328
452,36,21,gold_notes,5,heterogeneously enhancing mass encompassing,1,0.0032,0.0032
452,36,21,gold_notes,6,anastomosis left portal vein,1,0.00311,0.00311
452,36,21,gold_notes,7,started lovenox actually held,1,0.00305,0.00305
452,36,21,gold_notes,8,prior partial hepatic vein,1,0.00256,0.00256
452,36,21,gold_notes,9,pelvis obtained demonstrated subtotal,1,0.0025,0.0025
452,36,21,gold_notes,10,likely chronic thrombosis left,1,0.00245,0.00245
277.39,171,20,all_test,1,delayed release e c,161,0.00209,0.00452
277.39,171,20,all_test,2,tablet delayed release e,121,0.00207,0.00408
277.39,171,20,all_test,3,release e c sig,116,0.00212,0.00455
277.39,171,20,all_test,4,e c sig tablet,80,0.00226,0.00801
277.39,171,20,all_test,5,sig tablet delayed release,74,0.00249,0.00358
277.39,171,20,all_test,6,c sig tablet delayed,69,0.00225,0.00443
277.39,171,20,all_test,7,capsule delayed release e,49,0.00153,0.00247
277.39,171,20,all_test,8,release e c po,41,0.00198,0.00332
277.39,171,20,all_test,9,mg tablet delayed release,38,0.00224,0.00348
277.39,171,20,all_test,10,major surgical invasive procedure,26,0.00272,0.0056
277.39,171,20,gold_notes,1,dni prior hospitalization known,1,0.00817,0.00817
277.39,171,20,gold_notes,2,cns osh massive right,1,0.00421,0.00421
277.39,171,20,gold_notes,3,hypertensive nature given lobar,1,0.00299,0.00299
277.39,171,20,gold_notes,4,parenchymal bleed due amyloid,1,0.00251,0.00251
277.39,171,20,gold_notes,5,internist given afib amyloid,1,0.0023,0.0023
277.39,171,20,gold_notes,6,view diaphragm pneumothorax pleural,1,0.00229,0.00229
277.39,171,20,gold_notes,7,tablet po daily daily,1,0.00226,0.00226
277.39,171,20,gold_notes,8,speak husband report word,1,0.00224,0.00224
277.39,171,20,gold_notes,9,tablet sig tablet po,1,0.00221,0.00221
277.39,171,20,gold_notes,10,towards right main bronchus,1,0.00217,0.00217
197.6,4,19,all_test,1,delayed release e c,40,0.00172,0.00257
197.6,4,19,all_test,2,release e c sig,32,0.00154,0.00256
197.6,4,19,all_test,3,c sig tablet delayed,31,0.00179,0.00238
197.6,4,19,all_test,4,tablet delayed release e,23,0.00143,0.00215
197.6,4,19,all_test,5,tablet sig tablet po,21,0.00199,0.00346
197.6,4,19,all_test,6,sig tablet delayed release,14,0.00151,0.00173
197.6,4,19,all_test,7,e c sig tablet,13,0.00166,0.00219
197.6,4,19,all_test,8,rituxan cycle r chop,12,0.00209,0.00288
197.6,4,19,all_test,9,sig tablet po daily,11,0.00279,0.00374
197.6,4,19,all_test,10,mg tablet sig tablet,10,0.00214,0.00355
197.6,4,19,gold_notes,1,partial gastrectomy transverse colectomy,1,0.003,0.003
197.6,4,19,gold_notes,2,increase oxali cycle cycle,1,0.00254,0.00254
197.6,4,19,gold_notes,3,rhabdomyosarcoma diffuse mets including,1,0.00243,0.00243
197.6,4,19,gold_notes,4,med p chemotx copd,1,0.00226,0.00226
197.6,4,19,gold_notes,5,multiple tiny peritoneal implant,1,0.00189,0.00189
197.6,4,19,gold_notes,6,resumed mfolfox6 palliation chose,1,0.00186,0.00186
197.6,4,19,gold_notes,7,l sided parietal lesion,1,0.00177,0.00177
197.6,4,19,gold_notes,8,iiib status post hemicolectomy,1,0.00176,0.00176
197.6,4,19,gold_notes,9,peritoneal cavity omentum suggesting,1,0.00175,0.00175
197.6,4,19,gold_notes,10,care due reglious belief,1,0.00164,0.00164
211.3,78,19,all_test,1,disposition extended care facility,12,0.00255,0.00321
211.3,78,19,all_test,2,mg tablet sig tablet,12,0.00191,0.00323
211.3,78,19,all_test,3,sound present rebound tenderness,10,0.00168,0.00298
211.3,78,19,all_test,4,blood pt ptt inr,9,0.00178,0.00292
211.3,78,19,all_test,5,hgb hct mcv mch,8,0.0017,0.00251
211.3,78,19,all_test,6,rebound tenderness guarding organomegaly,8,0.00148,0.00248
211.3,78,19,all_test,7,mcv mch mchc rdw,7,0.00192,0.00345
211.3,78,19,all_test,8,disorder associated severe pancytopenia,7,0.00188,0.00188
211.3,78,19,all_test,9,q11 dyz3 chromosome alpha,7,0.00173,0.00173
211.3,78,19,all_test,10,disp tablet refill disposition,7,0.00157,0.00215
211.3,78,19,gold_notes,1,underwent laparascopy converted open,1,0.00429,0.00429
211.3,78,19,gold_notes,2,otherwise normal colonoscopy cecum,1,0.00429,0.00429
211.3,78,19,gold_notes,3,heart surgery started metoprolol,1,0.00414,0.00414
211.3,78,19,gold_notes,4,showed diverticulosis sigmoid colon,1,0.00389,0.00389
211.3,78,19,gold_notes,5,rectal tear gi ir,1,0.00357,0.00357
211.3,78,19,gold_notes,6,subsequent stabilization hct underwent,1,0.00357,0.00357
211.3,78,19,gold_notes,7,mi admitted resection hepatic,1,0.00352,0.00352
211.3,78,19,gold_notes,8,polyp appear bled recently,1,0.00313,0.00313
211.3,78,19,gold_notes,9,started several new medication,1,0.00281,0.00281
211.3,78,19,gold_notes,10,1cm polypectomy performed due,1,0.00272,0.00272
272.1,156,19,all_test,1,elevates symmetrically doctor strength,11,0.00128,0.0021
272.1,156,19,all_test,2,aspirin 325mg enteric coated,10,0.00329,0.00409
272.1,156,19,all_test,3,mcv mch mchc rdw,10,0.00302,0.00417
272.1,156,19,all_test,4,rbc hgb hct mcv,10,0.00185,0.00392
272.1,156,19,all_test,5,mg tablet tablet mouth,10,0.00159,0.00215
272.1,156,19,all_test,6,pulse resp o2 sat,9,0.00124,0.0014
272.1,156,19,all_test,7,hgb hct mcv mch,8,0.00266,0.00407
272.1,156,19,all_test,8,mg tablet sig tablet,8,0.00207,0.00313
272.1,156,19,all_test,9,sedation warfarin mg tablet,8,0.0013,0.00148
272.1,156,19,all_test,10,x palate elevates symmetrically,8,0.00123,0.00139
272.1,156,19,gold_notes,1,histor suicide attempt obesity,1,0.00385,0.00385
272.1,156,19,gold_notes,2,rhinitis p wisdom teeth,1,0.0022,0.0022
272.1,156,19,gold_notes,3,gout condition mental status,1,0.00212,0.00212
272.1,156,19,gold_notes,4,embolism month pe known,1,0.00203,0.00203
272.1,156,19,gold_notes,5,o h ards secondary,1,0.0018,0.0018
272.1,156,19,gold_notes,6,htn hypertriglyceridemia recently admitted,1,0.0016,0.0016
272.1,156,19,gold_notes,7,regular schedule discharged prior,1,0.00158,0.00158
272.1,156,19,gold_notes,8,sewing machine sale repair,1,0.00157,0.00157
272.1,156,19,gold_notes,9,mental status clear coherent,2,0.00146,0.00152
272.1,156,19,gold_notes,10,month stopped physician month,1,0.00141,0.00141
482.1,109,18,all_test,1,delayed release e c,181,0.002,0.00422
482.1,109,18,all_test,2,tablet delayed release e,109,0.00207,0.00441
482.1,109,18,all_test,3,release e c sig,92,0.00192,0.00361
482.1,109,18,all_test,4,release e c po,84,0.00196,0.00334
482.1,109,18,all_test,5,e c po daily,75,0.00224,0.00477
482.1,109,18,all_test,6,c sig tablet delayed,61,0.00217,0.00439
482.1,109,18,all_test,7,c po daily daily,54,0.00262,0.01028
482.1,109,18,all_test,8,sig tablet delayed release,49,0.00219,0.00481
482.1,109,18,all_test,9,e c sig tablet,46,0.00229,0.00395
482.1,109,18,all_test,10,capsule delayed release e,39,0.00172,0.00289
482.1,109,18,gold_notes,1,bacteremia grown vre pseudomonas,1,0.00577,0.00577
482.1,109,18,gold_notes,2,aspergillus id consulted antimicrobial,1,0.00521,0.00521
482.1,109,18,gold_notes,3,repeat cxr secondary asynchrony,1,0.00496,0.00496
482.1,109,18,gold_notes,4,recent cd4 count viral,1,0.00367,0.00367
482.1,109,18,gold_notes,5,could explain wheezing respiratory,1,0.00357,0.00357
482.1,109,18,gold_notes,6,un e coli resistent,1,0.00346,0.00346
482.1,109,18,gold_notes,7,previous colonizer pseudomonas e,1,0.0032,0.0032
482.1,109,18,gold_notes,8,pseudomonas originally treated meropenem,1,0.00314,0.00314
482.1,109,18,gold_notes,9,pseudomonas treated appropriate antibiotic,1,0.00262,0.00262
482.1,109,18,gold_notes,10,organism ml second morphology,1,0.00245,0.00245
E879.1,59,17,all_test,1,sat ra b p,12,0.00154,0.0024
E879.1,59,17,all_test,2,hgb hct mcv mch,11,0.00214,0.00382
E879.1,59,17,all_test,3,rbc hgb hct mcv,11,0.00189,0.00369
E879.1,59,17,all_test,4,hct mcv mch mchc,10,0.00199,0.00641
E879.1,59,17,all_test,5,wbc rbc hgb hct,8,0.00278,0.0039
E879.1,59,17,all_test,6,po2 pco2 ph caltco2,7,0.00484,0.0093
E879.1,59,17,all_test,7,height weight lb general,7,0.00165,0.00183
E879.1,59,17,all_test,8,year ago hsv hematologic,7,0.00161,0.00161
E879.1,59,17,all_test,9,denies fever chill night,7,0.00122,0.00122
E879.1,59,17,all_test,10,duration cxr showing worsening,7,0.00119,0.00119
E879.1,59,17,gold_notes,1,mch mchc rdw 00am,1,0.00179,0.00179
E879.1,59,17,gold_notes,2,setting clotted r avf,1,0.00161,0.00161
E879.1,59,17,gold_notes,3,year ago hsv hematologic,1,0.00161,0.00161
E879.1,59,17,gold_notes,4,30 pain p procedure,1,0.00138,0.00138
E879.1,59,17,gold_notes,5,hd session would possible,1,0.00136,0.00136
E879.1,59,17,gold_notes,6,mmm op clear neck,1,0.00127,0.00127
E879.1,59,17,gold_notes,7,pcp office sent hospital1,1,0.00126,0.00126
E879.1,59,17,gold_notes,8,surgery follow please call,1,0.00121,0.00121
E879.1,59,17,gold_notes,9,clear doctor perrl skin,1,0.00119,0.00119
E879.1,59,17,gold_notes,10,1mg po daily infliximab,1,0.00113,0.00113
421.0,53,15,all_test,1,delayed release e c,43,0.00191,0.00369
421.0,53,15,all_test,2,tablet delayed release e,32,0.00171,0.0026
421.0,53,15,all_test,3,release e c po,28,0.00217,0.00699
421.0,53,15,all_test,4,release e c sig,24,0.00185,0.0029
421.0,53,15,all_test,5,tablet sig tablet po,18,0.00249,0.00453
421.0,53,15,all_test,6,mg tablet sig tablet,17,0.0024,0.0054
421.0,53,15,all_test,7,sig tablet delayed release,15,0.00153,0.00524
421.0,53,15,all_test,8,e c po daily,13,0.00184,0.00244
421.0,53,15,all_test,9,e c sig capsule,13,0.00139,0.00187
421.0,53,15,all_test,10,sig tablet po daily,11,0.0022,0.0053
421.0,53,15,gold_notes,1,tee endocarditis setting mssa,1,0.00447,0.00447
421.0,53,15,gold_notes,2,mitral regurgitation mitral prolapse,1,0.00434,0.00434
421.0,53,15,gold_notes,3,endocarditis endocarditis strep intermedius,1,0.00368,0.00368
421.0,53,15,gold_notes,4,oral antibiotic therapy blood,1,0.00316,0.00316
421.0,53,15,gold_notes,5,evaluated cardiac surgery aortic,1,0.00303,0.00303
421.0,53,15,gold_notes,6,tee also showed vegetation,1,0.00274,0.00274
421.0,53,15,gold_notes,7,gk note potential upcoming,1,0.00247,0.00247
421.0,53,15,gold_notes,8,atrial fibrillation mitral regurgitation,1,0.0024,0.0024
421.0,53,15,gold_notes,9,mild moderate mr tricuspid,1,0.00228,0.00228
421.0,53,15,gold_notes,10,endocarditis effecting conducting system,1,0.00224,0.00224
790.5,86,14,all_test,1,delayed release e c,38,0.00196,0.00408
790.5,86,14,all_test,2,mg tablet sig tablet,28,0.00181,0.00329
790.5,86,14,all_test,3,capsule delayed release e,22,0.00211,0.00636
790.5,86,14,all_test,4,tab sust rel particle,22,0.00171,0.00207
790.5,86,14,all_test,5,tablet sig tablet po,19,0.00179,0.00401
790.5,86,14,all_test,6,rel particle crystal po,18,0.00235,0.00517
790.5,86,14,all_test,7,tablet delayed release e,18,0.00205,0.00308
790.5,86,14,all_test,8,sust rel particle crystal,17,0.00238,0.00302
790.5,86,14,all_test,9,particle crystal po daily,15,0.00194,0.0034
790.5,86,14,all_test,10,release e c sig,14,0.00214,0.00316
790.5,86,14,gold_notes,1,docusate sodium mg capsule,1,0.00264,0.00264
790.5,86,14,gold_notes,2,sig tablet extended release,1,0.0018,0.0018
790.5,86,14,gold_notes,3,hap fracture peaked high,1,0.00172,0.00172
790.5,86,14,gold_notes,4,significantly also hip fracture,1,0.00166,0.00166
790.5,86,14,gold_notes,5,back pain shaking chill,1,0.0016,0.0016
790.5,86,14,gold_notes,6,lipase g 49am blood,1,0.00143,0.00143
790.5,86,14,gold_notes,7,remained stable baseline throughout,1,0.00133,0.00133
790.5,86,14,gold_notes,8,lovenox dvt dvt diagnosed,1,0.00132,0.00132
790.5,86,14,gold_notes,9,blood pressure caused major,1,0.00129,0.00129
790.5,86,14,gold_notes,10,ef lasix 20mg po,1,0.00117,0.00117
45.91,67,13,all_test,1,worsening headache controlled pain,10,0.00332,0.00377
45.91,67,13,all_test,2,medicine allergy recorded known,9,0.00206,0.00254
45.91,67,13,all_test,3,admitted allo sct clofarabine,7,0.00181,0.00181
45.91,67,13,all_test,4,known leukemia csf atypical,7,0.00147,0.00147
45.91,67,13,all_test,5,determined active leak repeat,7,0.0012,0.0012
45.91,67,13,all_test,6,dysuria urinary frequency urinary,7,0.00104,0.00104
45.91,67,13,all_test,7,resection anterior enterostomy infarcted,6,0.00303,0.00303
45.91,67,13,all_test,8,cpr external pacing expired,6,0.00196,0.00196
45.91,67,13,all_test,9,ganz catheter removed aortic,6,0.00193,0.00193
45.91,67,13,all_test,10,eat small frequent meal,6,0.00186,0.00264
45.91,67,13,gold_notes,1,name3 lf admitted abdominal,1,0.00401,0.00401
45.91,67,13,gold_notes,2,resection anterior enterostomy infarcted,1,0.00303,0.00303
45.91,67,13,gold_notes,3,abdomen noted increasingly firm,1,0.00289,0.00289
45.91,67,13,gold_notes,4,adhesion small bowel resection,1,0.00284,0.00284
45.91,67,13,gold_notes,5,cancer small bowel obstruction,1,0.00245,0.00245
45.91,67,13,gold_notes,6,abdomen closed ebl approximately,1,0.00224,0.00224
45.91,67,13,gold_notes,7,abdominal wound pt continued,1,0.00207,0.00207
45.91,67,13,gold_notes,8,following underwent exploratory laparotomy,1,0.002,0.002
45.91,67,13,gold_notes,9,progressively somulent tachypnec increased,1,0.00179,0.00179
45.91,67,13,gold_notes,10,surgical detail two day,1,0.00161,0.00161
451.84,139,13,all_test,1,instruction please shower daily,21,0.0021,0.0039
451.84,139,13,all_test,2,keep leg straight someone,14,0.00347,0.00482
451.84,139,13,all_test,3,daily including washing incision,13,0.00218,0.0032
451.84,139,13,all_test,4,sig appl topical hospital1,11,0.0021,0.00371
451.84,139,13,all_test,5,follow surgeon primary care,11,0.00184,0.00199
451.84,139,13,all_test,6,sig appl topical tid,11,0.00162,0.00169
451.84,139,13,all_test,7,including washing incision gently,9,0.00148,0.00156
451.84,139,13,all_test,8,appl topical qid time,8,0.00312,0.00504
451.84,139,13,all_test,9,lotion powder ointment incision,8,0.00207,0.00253
451.84,139,13,all_test,10,please shower daily including,8,0.00183,0.002
451.84,139,13,gold_notes,1,well title regular diet,1,0.00434,0.00434
451.84,139,13,gold_notes,2,refill warfarin mg tablet,1,0.00417,0.00417
451.84,139,13,gold_notes,3,instruction please shower daily,1,0.0039,0.0039
451.84,139,13,gold_notes,4,mr known lastname discharged,1,0.00385,0.00385
451.84,139,13,gold_notes,5,picc line treated warm,1,0.00346,0.00346
451.84,139,13,gold_notes,6,iv started keflex post,1,0.00335,0.00335
451.84,139,13,gold_notes,7,piv site improve warm,1,0.0033,0.0033
451.84,139,13,gold_notes,8,mg capsule sig capsule,1,0.00329,0.00329
451.84,139,13,gold_notes,9,phlebitis day disp capsule,1,0.00305,0.00305
451.84,139,13,gold_notes,10,infection blood culture positve,1,0.00298,0.00298
333.1,21,12,all_test,1,known lastname year old,8,0.00231,0.0056
333.1,21,12,all_test,2,major surgical invasive procedure,8,0.00197,0.00268
333.1,21,12,all_test,3,social life wife house,7,0.00188,0.00188
333.1,21,12,all_test,4,symptom concern please resume,7,0.00158,0.00251
333.1,21,12,all_test,5,status post allogeneic transplant,7,0.00157,0.00157
333.1,21,12,all_test,6,po tid time methadone,7,0.00128,0.00128
333.1,21,12,all_test,7,po daily daily via,7,0.00124,0.00124
333.1,21,12,all_test,8,qol medical cll see,7,0.00121,0.00129
333.1,21,12,all_test,9,may resume medication metoprolol,6,0.00284,0.00284
333.1,21,12,all_test,10,urean creat na k,6,0.0024,0.00407
333.1,21,12,gold_notes,1,bph essential tremor herpes,1,0.0043,0.0043
333.1,21,12,gold_notes,2,tremor aortic stenosis critical,1,0.0041,0.0041
333.1,21,12,gold_notes,3,multiple suicide attempt presenting,1,0.00344,0.00344
333.1,21,12,gold_notes,4,copd benign essential tremor,1,0.00273,0.00273
333.1,21,12,gold_notes,5,medication effect year ago,1,0.0023,0.0023
333.1,21,12,gold_notes,6,chronic knee pain bladder,1,0.00229,0.00229
333.1,21,12,gold_notes,7,secondary djd essential tremor,1,0.00212,0.00212
333.1,21,12,gold_notes,8,oxygen benign essential tremor,1,0.00208,0.00208
333.1,21,12,gold_notes,9,peptic ulcer disease arthritis,1,0.00189,0.00189
333.1,21,12,gold_notes,10,chronic cpap continued house,1,0.00187,0.00187
709.8,141,12,all_test,1,major surgical invasive procedure,22,0.00274,0.00942
709.8,141,12,all_test,2,c sig tablet delayed,12,0.00193,0.00277
709.8,141,12,all_test,3,sig tablet delayed release,12,0.00185,0.00291
709.8,141,12,all_test,4,present illness year old,10,0.0036,0.00438
709.8,141,12,all_test,5,pathology procedure revealed squamous,9,0.00316,0.00335
709.8,141,12,all_test,6,delayed release e c,8,0.00214,0.00292
709.8,141,12,all_test,7,extraocular movement intact bilaterally,8,0.00179,0.00212
709.8,141,12,all_test,8,release e c sig,8,0.00156,0.00255
709.8,141,12,all_test,9,discontinued without complication evaluated,7,0.00197,0.00255
709.8,141,12,all_test,10,hcfa regulation electronically signed,7,0.00192,0.0022
709.8,141,12,gold_notes,1,structure interpolar region right,1,0.0029,0.0029
709.8,141,12,gold_notes,2,icu sodium slowly corrected,1,0.00194,0.00194
709.8,141,12,gold_notes,3,oxygen via nasal cannula,1,0.00193,0.00193
709.8,141,12,gold_notes,4,infraclavicular line cor rrr,1,0.00185,0.00185
709.8,141,12,gold_notes,5,neurosurgery bronchoscopy extubated following,1,0.00174,0.00174
709.8,141,12,gold_notes,6,ni ni donor well,1,0.00167,0.00167
709.8,141,12,gold_notes,7,sign active cellultis could,1,0.00165,0.00165
709.8,141,12,gold_notes,8,mchc rdw 56pm plt,1,0.00156,0.00156
709.8,141,12,gold_notes,9,unable wean vent due,1,0.00153,0.00153
709.8,141,12,gold_notes,10,infectious source paracentesis performed,1,0.00153,0.00153
287.31,146,12,all_test,1,focusing qol medical cll,10,0.00163,0.00182
287.31,146,12,all_test,2,level consciousness alert interactive,10,0.00121,0.00153
287.31,146,12,all_test,3,non contributory physical exam,9,0.00191,0.00295
287.31,146,12,all_test,4,healing well erythema drainage,9,0.00155,0.00236
287.31,146,12,all_test,5,platelet tranfusions well iron,7,0.00194,0.00194
287.31,146,12,all_test,6,30 per social mr,7,0.00161,0.00161
287.31,146,12,all_test,7,groundskeepr university college hour,7,0.00145,0.00177
287.31,146,12,all_test,8,physical exam exam obtained,7,0.0012,0.0012
287.31,146,12,all_test,9,alcohol smoke marijuana denies,7,0.00107,0.00107
287.31,146,12,all_test,10,rectal tone enlarged prostate,6,0.00241,0.00241
287.31,146,12,gold_notes,1,thrombocytopenic held platelet transfusion,1,0.00773,0.00773
287.31,146,12,gold_notes,2,underlying itp given thrombocytopenia,1,0.0049,0.0049
287.31,146,12,gold_notes,3,suffers itp started iv,1,0.004,0.004
287.31,146,12,gold_notes,4,likely itp setting myelodysplastic,1,0.00273,0.00273
287.31,146,12,gold_notes,5,cause felt itp secondary,1,0.00223,0.00223
287.31,146,12,gold_notes,6,evaluated hematology recommended treatment,1,0.0022,0.0022
287.31,146,12,gold_notes,7,diagnosis itp initiated decadron,1,0.00215,0.00215
287.31,146,12,gold_notes,8,never ex smoker quit,1,0.00202,0.00202
287.31,146,12,gold_notes,9,due ongoing auto immune,1,0.00197,0.00197
287.31,146,12,gold_notes,10,use medical itp extent,1,0.00163,0.00163
427.0,151,12,all_test,1,release e c sig,19,0.00169,0.00243
427.0,151,12,all_test,2,delayed release e c,19,0.00165,0.00207
427.0,151,12,all_test,3,tablet delayed release e,18,0.00142,0.00274
427.0,151,12,all_test,4,sig tablet delayed release,16,0.00177,0.00296
427.0,151,12,all_test,5,release e c po,11,0.00156,0.00191
427.0,151,12,all_test,6,c po daily daily,10,0.00156,0.00237
427.0,151,12,all_test,7,po daily daily disp,10,0.00136,0.00188
427.0,151,12,all_test,8,e c po daily,10,0.0013,0.00196
427.0,151,12,all_test,9,sig capsule po bid,9,0.00192,0.0021
427.0,151,12,all_test,10,c sig tablet delayed,9,0.00127,0.00193
427.0,151,12,gold_notes,1,palpitation transferred unit management,1,0.00548,0.00548
427.0,151,12,gold_notes,2,irregular making mat likely,1,0.00266,0.00266
427.0,151,12,gold_notes,3,amiodarone stopped due bradycardia,1,0.00253,0.00253
427.0,151,12,gold_notes,4,pt intermittent run tele,1,0.00242,0.00242
427.0,151,12,gold_notes,5,emergently intubated episode svt,1,0.00215,0.00215
427.0,151,12,gold_notes,6,stopped pvd vascular saw,1,0.00177,0.00177
427.0,151,12,gold_notes,7,well subsequently achieved remission,1,0.00176,0.00176
427.0,151,12,gold_notes,8,supraventricular tachycardia acute chronic,1,0.00175,0.00175
427.0,151,12,gold_notes,9,pneumonia treated day vancomycin,1,0.00155,0.00155
427.0,151,12,gold_notes,10,right knee sustained number,1,0.00139,0.00139
447.1,38,11,all_test,1,medicine allergy recorded known,57,0.00179,0.00357
447.1,38,11,all_test,2,gently mild soap bath,39,0.00176,0.00359
447.1,38,11,all_test,3,incision gently mild soap,39,0.00174,0.00335
447.1,38,11,all_test,4,parking ward garage,38,0.00158,0.00338
447.1,38,11,all_test,5,medicine allergy known allergy,30,0.00209,0.00689
447.1,38,11,all_test,6,md number completed,29,0.00186,0.00274
447.1,38,11,all_test,7,surgery allergy recorded known,27,0.0023,0.00382
447.1,38,11,all_test,8,mild soap bath swimming,24,0.0016,0.00275
447.1,38,11,all_test,9,surgery allergy known allergy,20,0.00233,0.00504
447.1,38,11,all_test,10,drainage wound place dry,18,0.00287,0.00402
447.1,38,11,gold_notes,1,female un patent iliac,1,0.00229,0.00229
447.1,38,11,gold_notes,2,sig capsule inhalation ascorbic,1,0.00189,0.00189
447.1,38,11,gold_notes,3,hepatic artery could identified,1,0.00188,0.00188
447.1,38,11,gold_notes,4,left atrium markedly dilated,1,0.00133,0.00133
447.1,38,11,gold_notes,5,mchc rdw plt ct,1,0.00122,0.00122
447.1,38,11,gold_notes,6,inventor positive diabetes mellitus,1,0.00115,0.00115
447.1,38,11,gold_notes,7,appointment seen week,1,0.00111,0.00111
447.1,38,11,gold_notes,8,causing severe pain denies,1,0.00107,0.00107
447.1,38,11,gold_notes,9,hco3 angap 25am blood,1,0.00107,0.00107
447.1,38,11,gold_notes,10,ct started heparin gtt,1,0.00106,0.00106
112.3,57,11,all_test,1,delayed release e c,137,0.00223,0.00431
112.3,57,11,all_test,2,tablet delayed release e,130,0.00225,0.00482
112.3,57,11,all_test,3,sig tablet delayed release,76,0.00236,0.00553
112.3,57,11,all_test,4,release e c sig,73,0.00207,0.0042
112.3,57,11,all_test,5,c sig tablet delayed,70,0.00239,0.00452
112.3,57,11,all_test,6,mg tablet delayed release,65,0.00201,0.00373
112.3,57,11,all_test,7,e c sig tablet,63,0.00238,0.00399
112.3,57,11,all_test,8,release e c po,35,0.00245,0.00688
112.3,57,11,all_test,9,capsule delayed release e,33,0.0019,0.00409
112.3,57,11,all_test,10,tablet po daily daily,25,0.0019,0.00301
112.3,57,11,gold_notes,1,appl topical tid time,1,0.00342,0.00342
112.3,57,11,gold_notes,2,buttock continued w miconazole,1,0.00318,0.00318
112.3,57,11,gold_notes,3,apply affected area rash,1,0.00296,0.00296
112.3,57,11,gold_notes,4,pyoderma gangrenosum developed recently,1,0.00269,0.00269
112.3,57,11,gold_notes,5,vanc micafungin vancomycin ciprofloxacin,1,0.00263,0.00263
112.3,57,11,gold_notes,6,appl topical hospital1 time,2,0.00221,0.0028
112.3,57,11,gold_notes,7,release e c sig,1,0.00191,0.00191
112.3,57,11,gold_notes,8,initially expanded include cefepime,1,0.00154,0.00154
112.3,57,11,gold_notes,9,perineal area state tolerable,1,0.00137,0.00137
112.3,57,11,gold_notes,10,reaction bactrim versus viral,1,0.00137,0.00137
238.4,133,11,all_test,1,tablet delayed release e,235,0.00206,0.00427
238.4,133,11,all_test,2,delayed release e c,202,0.00206,0.00633
238.4,133,11,all_test,3,release e c sig,140,0.00201,0.00396
238.4,133,11,all_test,4,e c sig tablet,117,0.00199,0.00394
238.4,133,11,all_test,5,sig tablet delayed release,97,0.00223,0.00482
238.4,133,11,all_test,6,c sig tablet delayed,96,0.00229,0.00371
238.4,133,11,all_test,7,mg tablet delayed release,71,0.00178,0.00334
238.4,133,11,all_test,8,capsule delayed release e,58,0.00177,0.00279
238.4,133,11,all_test,9,tablet po daily daily,43,0.00192,0.00348
238.4,133,11,all_test,10,e c sig capsule,39,0.00184,0.00348
238.4,133,11,gold_notes,1,week quit many year,1,0.00513,0.00513
238.4,133,11,gold_notes,2,polycythemia doctor colonic polyp,1,0.00478,0.00478
238.4,133,11,gold_notes,3,work polaroid factory x,1,0.00421,0.00421
238.4,133,11,gold_notes,4,doctor hypertension chronic pain,1,0.00387,0.00387
238.4,133,11,gold_notes,5,upper extremity weakness right,1,0.00375,0.00375
238.4,133,11,gold_notes,6,doctor gerd copd pfts,1,0.00234,0.00234
238.4,133,11,gold_notes,7,hiatal hernia condition stable,1,0.00215,0.00215
238.4,133,11,gold_notes,8,c sig two tablet,1,0.002,0.002
238.4,133,11,gold_notes,9,daughter good friend nurse,1,0.00194,0.00194
238.4,133,11,gold_notes,10,event hour preceded know,1,0.00161,0.00161
416.0,23,10,all_test,1,md number completed,12,0.00238,0.00411
416.0,23,10,all_test,2,someone apply firm pressure,10,0.00271,0.00415
416.0,23,10,all_test,3,na k cl hco3,9,0.0018,0.00251
416.0,23,10,all_test,4,mch mchc rdw plt,8,0.0023,0.00344
416.0,23,10,all_test,5,eomi anicteric mmm op,7,0.00253,0.00289
416.0,23,10,all_test,6,general alert oriented acute,7,0.00202,0.00252
416.0,23,10,all_test,7,degree celsius change symptom,7,0.00199,0.00282
416.0,23,10,all_test,8,extremity clot sjogren shingle,7,0.00173,0.00173
416.0,23,10,all_test,9,daily avoid drinking plain,7,0.00164,0.00179
416.0,23,10,all_test,10,pvd diabetes mellitus bph,7,0.0014,0.0014
416.0,23,10,gold_notes,1,extubation cmo antimicrobial held,1,0.0029,0.0029
416.0,23,10,gold_notes,2,severe left right sided,1,0.00213,0.00213
416.0,23,10,gold_notes,3,trait disease also sister,1,0.00212,0.00212
416.0,23,10,gold_notes,4,daily drug mother rheumatic,1,0.00159,0.00159
416.0,23,10,gold_notes,5,oil ointment sig appl,1,0.00142,0.00142
416.0,23,10,gold_notes,6,dilated right ventricle atrium,1,0.00136,0.00136
416.0,23,10,gold_notes,7,eating minimally take u,1,0.00125,0.00125
416.0,23,10,gold_notes,8,pt moderate pulmonary htn,1,0.00122,0.00122
416.0,23,10,gold_notes,9,provider dosage uncertain ergocalciferol,1,0.0012,0.0012
416.0,23,10,gold_notes,10,name3 lf afb grown,1,0.00112,0.00112
747.81,45,10,all_test,1,patent foramen ovale present,9,0.00492,0.00552
747.81,45,10,all_test,2,operating room underwent aortic,8,0.00678,0.00886
747.81,45,10,all_test,3,present illness year old,8,0.00483,0.00698
747.81,45,10,all_test,4,adrenal insufficient hypercalcemia smv,7,0.00821,0.00821
747.81,45,10,all_test,5,dic requiring multiple transfusion,7,0.00645,0.00645
747.81,45,10,all_test,6,tte showed improvement ef,7,0.00439,0.00439
747.81,45,10,all_test,7,clear bile unable cannulated,7,0.00162,0.00162
747.81,45,10,all_test,8,exploratory laparotomy small bowel,6,0.02661,0.02661
747.81,45,10,all_test,9,protocol initiated underwent exploratory,6,0.01116,0.01116
747.81,45,10,all_test,10,coags decreasing platelet indicating,6,0.01091,0.01091
747.81,45,10,gold_notes,1,diagnosis right frontal cavernoma,1,0.00544,0.00544
747.81,45,10,gold_notes,2,ha major surgical invasive,1,0.00454,0.00454
747.81,45,10,gold_notes,3,blindness social spent four,1,0.00399,0.00399
747.81,45,10,gold_notes,4,peds residency location un,1,0.0034,0.0034
747.81,45,10,gold_notes,5,surgical material posterior cecum,1,0.00296,0.00296
747.81,45,10,gold_notes,6,man hiv methamphetamine abuse,1,0.0029,0.0029
747.81,45,10,gold_notes,7,attending name3 lf headache,1,0.00223,0.00223
747.81,45,10,gold_notes,8,hypertension diabetes adult onset,1,0.00183,0.00183
747.81,45,10,gold_notes,9,homecare diagnosis arteriovenous malformation,1,0.00174,0.00174
747.81,45,10,gold_notes,10,klebsiella pneumonia renal u,1,0.00148,0.00148
571.42,83,10,all_test,1,mg tablet sig tablet,8,0.00272,0.00563
571.42,83,10,all_test,2,tablet po daily daily,8,0.00196,0.00256
571.42,83,10,all_test,3,diabetes asthma copd allergic,7,0.00184,0.00184
571.42,83,10,all_test,4,cva resolution eye position,7,0.00172,0.00172
571.42,83,10,all_test,5,interactive activity status ambulatory,7,0.00169,0.00201
571.42,83,10,all_test,6,consciousness alert interactive activity,7,0.00155,0.00253
571.42,83,10,all_test,7,illness year old woman,7,0.00144,0.00144
571.42,83,10,all_test,8,manager never smoker rare,7,0.00111,0.00111
571.42,83,10,all_test,9,nausea vomiting diarrhea constipation,6,0.00251,0.00251
571.42,83,10,all_test,10,included ast alkaline phosphatase,6,0.00231,0.00231
571.42,83,10,gold_notes,1,physical exam hunt doctor,1,0.01182,0.01182
571.42,83,10,gold_notes,2,esophageal varix hepatitis b,1,0.00343,0.00343
571.42,83,10,gold_notes,3,autoimmune hepatitis doctor ama,1,0.00264,0.00264
571.42,83,10,gold_notes,4,cirrhosis rheumatoid arthritis hep,1,0.00215,0.00215
571.42,83,10,gold_notes,5,evaluated doctor arthritis social,1,0.00212,0.00212
571.42,83,10,gold_notes,6,hepatic encephalopathy ascites hep,1,0.00187,0.00187
571.42,83,10,gold_notes,7,dos adjusted plan prednisone,1,0.00158,0.00158
571.42,83,10,gold_notes,8,appointment follow alchol abuse,1,0.00147,0.00147
571.42,83,10,gold_notes,9,esophagitis egd yr ago,1,0.00138,0.00138
571.42,83,10,gold_notes,10,comforting medication discontinued pt,1,0.0013,0.0013
45.93,47,9,all_test,1,delayed release e c,65,0.00183,0.00319
45.93,47,9,all_test,2,tablet delayed release e,55,0.00197,0.00357
45.93,47,9,all_test,3,release e c sig,51,0.00182,0.00283
45.93,47,9,all_test,4,sig tablet delayed release,34,0.00176,0.00403
45.93,47,9,all_test,5,c sig tablet delayed,32,0.00184,0.00353
45.93,47,9,all_test,6,e c sig tablet,28,0.00187,0.00311
45.93,47,9,all_test,7,e c po daily,21,0.00189,0.00285
45.93,47,9,all_test,8,please shower daily including,20,0.00175,0.00259
45.93,47,9,all_test,9,shower daily including washing,15,0.0018,0.00327
45.93,47,9,all_test,10,release e c po,14,0.0017,0.00265
45.93,47,9,gold_notes,1,smoking caused respiratory difficulty,1,0.00547,0.00547
45.93,47,9,gold_notes,2,hemodynamically stable taken operating,1,0.00401,0.00401
45.93,47,9,gold_notes,3,sedated cc transfer osh,1,0.00262,0.00262
45.93,47,9,gold_notes,4,mental status clear coherent,1,0.00232,0.00232
45.93,47,9,gold_notes,5,curettage present illness year,1,0.0022,0.0022
45.93,47,9,gold_notes,6,overall improving additionally low,1,0.00143,0.00143
45.93,47,9,gold_notes,7,represent leak placed iv,1,0.00137,0.00137
45.93,47,9,gold_notes,8,dl unit mg dl,1,0.00134,0.00134
45.93,47,9,gold_notes,9,upper extremity dvt acute,1,0.00113,0.00113
510.9,50,9,all_test,1,delayed release e c,266,0.00331,0.00784
510.9,50,9,all_test,2,tablet delayed release e,210,0.00336,0.00781
510.9,50,9,all_test,3,release e c sig,163,0.003,0.00686
510.9,50,9,all_test,4,release e c po,135,0.00371,0.01381
510.9,50,9,all_test,5,sig tablet delayed release,123,0.00361,0.00877
510.9,50,9,all_test,6,c sig tablet delayed,99,0.00349,0.00701
510.9,50,9,all_test,7,e c sig tablet,91,0.00326,0.00602
510.9,50,9,all_test,8,capsule delayed release e,71,0.00297,0.00686
510.9,50,9,all_test,9,e c po daily,58,0.00337,0.00778
510.9,50,9,all_test,10,c sig capsule delayed,51,0.00284,0.00567
510.9,50,9,gold_notes,1,6l ivfs well central,1,0.00459,0.00459
510.9,50,9,gold_notes,2,interventional pulmonary right sided,1,0.00398,0.00398
510.9,50,9,gold_notes,3,decortication transfer sicu intubated,1,0.00387,0.00387
510.9,50,9,gold_notes,4,invasive procedure left video,1,0.00312,0.00312
510.9,50,9,gold_notes,5,ray revealed persistent loculation,1,0.00245,0.00245
510.9,50,9,gold_notes,6,taken operating room right,1,0.00224,0.00224
510.9,50,9,gold_notes,7,aggressive treatment stabilized long,1,0.00213,0.00213
510.9,50,9,gold_notes,8,release e c po,1,0.00191,0.00191
510.9,50,9,gold_notes,9,floor due worsening hypoxia,1,0.00105,0.00105
590.10,121,9,all_test,1,major surgical invasive procedure,21,0.00467,0.01159
590.10,121,9,all_test,2,tablet delayed release e,17,0.00199,0.00309
590.10,121,9,all_test,3,release e c sig,17,0.00166,0.00263
590.10,121,9,all_test,4,delayed release e c,15,0.00197,0.00302
590.10,121,9,all_test,5,daily daily disp tablet,14,0.0016,0.00237
590.10,121,9,all_test,6,capsule delayed release e,14,0.00128,0.00144
590.10,121,9,all_test,7,sust rel particle crystal,12,0.00215,0.00246
590.10,121,9,all_test,8,e c sig tablet,10,0.00203,0.00348
590.10,121,9,all_test,9,sig tablet delayed release,9,0.00225,0.0036
590.10,121,9,all_test,10,tab sust rel particle,9,0.00214,0.00308
590.10,121,9,gold_notes,1,stone hx nephrolithiasis wit,1,0.00316,0.00316
590.10,121,9,gold_notes,2,mass diagnosis primary acute,1,0.00295,0.00295
590.10,121,9,gold_notes,3,unremarkable severe pyelonephritis could,1,0.00187,0.00187
590.10,121,9,gold_notes,4,treated iv fluid antibiotic,1,0.00175,0.00175
590.10,121,9,gold_notes,5,secondary stopping prophylactic macrobid,1,0.00164,0.00164
590.10,121,9,gold_notes,6,cont neurontin neurontin may,1,0.0016,0.0016
590.10,121,9,gold_notes,7,duct measuring mm impression,1,0.00141,0.00141
590.10,121,9,gold_notes,8,sepsis associated hyperglycemia standing,1,0.00141,0.00141
590.10,121,9,gold_notes,9,medication given hospital3 vomited,1,0.0012,0.0012
484.6,148,9,all_test,1,delayed release e c,264,0.003,0.01211
484.6,148,9,all_test,2,tablet delayed release e,241,0.00301,0.01082
484.6,148,9,all_test,3,release e c sig,182,0.00281,0.00649
484.6,148,9,all_test,4,sig tablet delayed release,113,0.00349,0.008
484.6,148,9,all_test,5,c sig tablet delayed,96,0.00301,0.00513
484.6,148,9,all_test,6,e c sig tablet,95,0.00309,0.00654
484.6,148,9,all_test,7,release e c po,95,0.003,0.00593
484.6,148,9,all_test,8,capsule delayed release e,91,0.00257,0.00602
484.6,148,9,all_test,9,e c sig capsule,50,0.00228,0.00398
484.6,148,9,all_test,10,mg tablet delayed release,45,0.0026,0.00552
484.6,148,9,gold_notes,1,result lab age alt,1,0.00632,0.00632
484.6,148,9,gold_notes,2,vent relatively unchanged bal,1,0.00294,0.00294
484.6,148,9,gold_notes,3,un vanc cefepime cxr,1,0.00215,0.00215
484.6,148,9,gold_notes,4,check shockable rhythm received,1,0.00183,0.00183
484.6,148,9,gold_notes,5,c sig capsule delayed,1,0.00166,0.00166
484.6,148,9,gold_notes,6,medication diltiazem sr 120mg,1,0.00157,0.00157
484.6,148,9,gold_notes,7,delayed release e c,1,0.00135,0.00135
484.6,148,9,gold_notes,8,chronic voriconazole kyperkalemia un,1,0.00127,0.00127
484.6,148,9,gold_notes,9,cefepime remained afebrile day,1,0.00115,0.00115
401.0,154,9,all_test,1,finding correct word use,13,0.00262,0.00358
401.0,154,9,all_test,2,tablet sig tablet po,10,0.00241,0.0034
401.0,154,9,all_test,3,sense proprioception throughout extinction,8,0.00214,0.00334
401.0,154,9,all_test,4,disposition extended care facility,8,0.0019,0.00229
401.0,154,9,all_test,5,ovale present left right,7,0.00268,0.00353
401.0,154,9,all_test,6,procedure well post operatively,7,0.0024,0.00316
401.0,154,9,all_test,7,disp tab sust rel,7,0.00209,0.00243
401.0,154,9,all_test,8,flowing clear bile unable,7,0.002,0.002
401.0,154,9,all_test,9,refill disposition home facility,7,0.00197,0.00254
401.0,154,9,all_test,10,daily medication otc cholecalciferol,7,0.00149,0.00149
401.0,154,9,gold_notes,1,held concern hypotension pt,1,0.00222,0.00222
401.0,154,9,gold_notes,2,presented systolic blood pressure,1,0.00221,0.00221
401.0,154,9,gold_notes,3,toresemide minoxidil po labetalol,1,0.00199,0.00199
401.0,154,9,gold_notes,4,heparin antibody pt ptt,1,0.00175,0.00175
401.0,154,9,gold_notes,5,volume status hypertensive urgency,1,0.00172,0.00172
401.0,154,9,gold_notes,6,obese h htn possibility,1,0.00149,0.00149
401.0,154,9,gold_notes,7,lopressor 25mg hospital1 held,1,0.00144,0.00144
401.0,154,9,gold_notes,8,report cardiac perfusion persantine,1,0.00118,0.00118
401.0,154,9,gold_notes,9,po qid home blood,1,0.00102,0.00102
241.1,174,9,all_test,1,pt ptt inr pt,14,0.00133,0.00254
241.1,174,9,all_test,2,tested ii pupil equally,12,0.00169,0.00255
241.1,174,9,all_test,3,rbc hgb hct mcv,11,0.00186,0.00365
241.1,174,9,all_test,4,following appointment surgeon dr,9,0.00182,0.00247
241.1,174,9,all_test,5,psa non oncologic hypertension,9,0.00152,0.0016
241.1,174,9,all_test,6,po2 pco2 ph total,8,0.00259,0.00327
241.1,174,9,all_test,7,k cl hco3 angap,8,0.00188,0.00415
241.1,174,9,all_test,8,habit dysuria denied arthralgia,8,0.00181,0.00187
241.1,174,9,all_test,9,alert interactive activity status,8,0.00166,0.00179
241.1,174,9,all_test,10,tablet sig tablet po,8,0.00151,0.0024
241.1,174,9,gold_notes,1,summary mr known lastname,1,0.00582,0.00582
241.1,174,9,gold_notes,2,outpatient continued house ct,1,0.00296,0.00296
241.1,174,9,gold_notes,3,eye conjunctiva perrl pupil,1,0.00264,0.00264
241.1,174,9,gold_notes,4,versus stereotactic biopsy since,1,0.0025,0.0025
241.1,174,9,gold_notes,5,osteopenia year digit density,1,0.00247,0.00247
241.1,174,9,gold_notes,6,3l cvp uop hr,1,0.00211,0.00211
241.1,174,9,gold_notes,7,demonstrate worrisome feature follow,1,0.00143,0.00143
241.1,174,9,gold_notes,8,restaging abd ct scan,1,0.00137,0.00137
241.1,174,9,gold_notes,9,pcp transitional issue follow,1,0.00118,0.00118
151.0,193,9,all_test,1,present illness year old,13,0.00476,0.00989
151.0,193,9,all_test,2,dose escalation study mdx,9,0.00263,0.00268
151.0,193,9,all_test,3,absence chest pain dyspnea,9,0.00263,0.00344
151.0,193,9,all_test,4,illness mr known lastname,8,0.00346,0.00553
151.0,193,9,all_test,5,illness year old male,8,0.00289,0.00428
151.0,193,9,all_test,6,orthopnea ankle edema palpitation,8,0.00265,0.00307
151.0,193,9,all_test,7,paroxysmal nocturnal dyspnea orthopnea,8,0.00221,0.00281
151.0,193,9,all_test,8,recurrence status post dli,7,0.00433,0.00433
151.0,193,9,all_test,9,known lastname year old,7,0.00357,0.00433
151.0,193,9,all_test,10,dapto vre coverage bactrim,7,0.00253,0.00253
151.0,193,9,gold_notes,1,gallstone fib dm dvt,1,0.00785,0.00785
151.0,193,9,gold_notes,2,year old gentleman t2,1,0.00601,0.00601
151.0,193,9,gold_notes,3,carcinoma distal esophagus given,1,0.00467,0.00467
151.0,193,9,gold_notes,4,mucosal resection positive deep,1,0.00409,0.00409
151.0,193,9,gold_notes,5,esophagus seen undergoing routine,1,0.00393,0.00393
151.0,193,9,gold_notes,6,cm segment wall thickening,1,0.00297,0.00297
151.0,193,9,gold_notes,7,doctor esophagectomy jejunostomy tube,1,0.00256,0.00256
151.0,193,9,gold_notes,8,76f esophageal perforation p,1,0.00223,0.00223
151.0,193,9,gold_notes,9,feature underwent pet cat,1,0.0018,0.0018
253.2,69,8,all_test,1,reflux disease hiatal hernia,9,0.0015,0.00161
253.2,69,8,all_test,2,condition alert oriented x3,8,0.00178,0.00268
253.2,69,8,all_test,3,denies hospitalization surgery social,7,0.002,0.002
253.2,69,8,all_test,4,l arm blood pressure,7,0.00198,0.00243
253.2,69,8,all_test,5,migrainous currently treated trigger,7,0.00189,0.00198
253.2,69,8,all_test,6,lasix spironolactone medication docusate,7,0.00139,0.00139
253.2,69,8,all_test,7,marrow biopsy performed secondary,7,0.00136,0.00136
253.2,69,8,all_test,8,leg syndrome pernicious anemia,6,0.00447,0.00447
253.2,69,8,all_test,9,lymph node biopsy hip,6,0.00313,0.00313
253.2,69,8,all_test,10,arteritis cad psh lap,6,0.00253,0.00253
253.2,69,8,gold_notes,1,hypertension hyperlipidemia admitted viral,1,0.00434,0.00434
253.2,69,8,gold_notes,2,pituitary macroadenoma condition mental,1,0.00365,0.00365
253.2,69,8,gold_notes,3,chronic steroid pred 10mg,1,0.00287,0.00287
253.2,69,8,gold_notes,4,illness 87m glaucoma present,1,0.00274,0.00274
253.2,69,8,gold_notes,5,liver pan hypopituitary social,1,0.00259,0.00259
253.2,69,8,gold_notes,6,prolactin testosterone found decreased,1,0.0024,0.0024
253.2,69,8,gold_notes,7,po daily hypothyroidism stable,1,0.00154,0.00154
253.2,69,8,gold_notes,8,atrial fibrillation uncertain hospital1,1,0.00115,0.00115
579.3,40,7,all_test,1,delayed release e c,191,0.00222,0.00543
579.3,40,7,all_test,2,tablet delayed release e,172,0.00234,0.01001
579.3,40,7,all_test,3,release e c sig,156,0.00233,0.00986
579.3,40,7,all_test,4,e c sig tablet,89,0.00241,0.00479
579.3,40,7,all_test,5,sig tablet delayed release,86,0.00251,0.00457
579.3,40,7,all_test,6,c sig tablet delayed,83,0.00253,0.00552
579.3,40,7,all_test,7,capsule delayed release e,65,0.00191,0.00334
579.3,40,7,all_test,8,release e c po,51,0.00214,0.00375
579.3,40,7,all_test,9,mg tablet delayed release,47,0.00239,0.00672
579.3,40,7,all_test,10,mg tablet sig tablet,46,0.0022,0.00537
579.3,40,7,gold_notes,1,tid time 3ml titrate,1,0.00211,0.00211
579.3,40,7,gold_notes,2,ex lap rejected bowel,1,0.00193,0.00193
579.3,40,7,gold_notes,3,w refractory crohn disease,1,0.00191,0.00191
579.3,40,7,gold_notes,4,capsule delayed release e,1,0.00189,0.00189
579.3,40,7,gold_notes,5,refractory ir embolization requiring,1,0.0015,0.0015
579.3,40,7,gold_notes,6,release e c sig,1,0.00146,0.00146
579.3,40,7,gold_notes,7,session prior hd laboratory,1,0.00118,0.00118
282.49,58,7,all_test,1,tablet sig tablet po,47,0.00158,0.00326
282.49,58,7,all_test,2,mg tablet sig tablet,16,0.0016,0.00231
282.49,58,7,all_test,3,sig tablet po daily,12,0.00115,0.00135
282.49,58,7,all_test,4,tablet po daily daily,11,0.00205,0.00262
282.49,58,7,all_test,5,rbc hgb hct mcv,9,0.00187,0.00361
282.49,58,7,all_test,6,hour needed pain disp,9,0.00187,0.00217
282.49,58,7,all_test,7,disp tablet refill disposition,9,0.00128,0.00166
282.49,58,7,all_test,8,eomi conjunctiva pink pallor,9,0.00116,0.00201
282.49,58,7,all_test,9,q4h every hour needed,8,0.00281,0.00433
282.49,58,7,all_test,10,capsule sig capsule po,8,0.00141,0.00228
282.49,58,7,gold_notes,1,transition care outpatient management,1,0.00567,0.00567
282.49,58,7,gold_notes,2,hour needed pain fever,1,0.00314,0.00314
282.49,58,7,gold_notes,3,sure thallasemia given severity,1,0.00202,0.00202
282.49,58,7,gold_notes,4,g6pd deficiency bph osteoarthritis,1,0.00159,0.00159
282.49,58,7,gold_notes,5,hospitalization rate controlled given,1,0.00156,0.00156
282.49,58,7,gold_notes,6,ii retinopathy neuropathy prior,1,0.0015,0.0015
282.49,58,7,gold_notes,7,recieving cycle chop therapy,1,0.00122,0.00122
253.5,70,7,all_test,1,delayed release e c,10,0.00188,0.00243
253.5,70,7,all_test,2,hernia repair appendectomy social,9,0.00156,0.0016
253.5,70,7,all_test,3,allergic rhinitis arthritis knee,7,0.0017,0.0017
253.5,70,7,all_test,4,hypotension hospitalization fall dvt,7,0.00168,0.00217
253.5,70,7,all_test,5,atrial tachycardia h laryngeal,7,0.00132,0.00132
253.5,70,7,all_test,6,normal pressure hydrocephalus cad,7,0.00132,0.00132
253.5,70,7,all_test,7,nad heent sclerae anciteric,7,0.00115,0.00115
253.5,70,7,all_test,8,syndrome pernicious anemia social,6,0.00513,0.00513
253.5,70,7,all_test,9,female recently diagnosed right,6,0.00269,0.00269
253.5,70,7,all_test,10,lvef markedly dilated aorta,6,0.00261,0.00261
253.5,70,7,gold_notes,1,medical stroke residual bipolar,1,0.00468,0.00468
253.5,70,7,gold_notes,2,secondary diagnosis pituitary macroadenoma,1,0.00348,0.00348
253.5,70,7,gold_notes,3,fibrillation current smoker social,1,0.00343,0.00343
253.5,70,7,gold_notes,4,delayed release e c,1,0.00243,0.00243
253.5,70,7,gold_notes,5,secondary malignancy acute chronic,1,0.00207,0.00207
253.5,70,7,gold_notes,6,dermal fibrosis marked endothelial,1,0.00128,0.00128
253.5,70,7,gold_notes,7,chest pain recent echocardiagram,1,0.00101,0.00101
571.6,82,7,all_test,1,delayed release e c,273,0.00203,0.00476
571.6,82,7,all_test,2,tablet delayed release e,172,0.00205,0.00419
571.6,82,7,all_test,3,release e c sig,160,0.00196,0.00537
571.6,82,7,all_test,4,release e c po,107,0.00233,0.00913
571.6,82,7,all_test,5,c sig tablet delayed,97,0.00205,0.0043
571.6,82,7,all_test,6,sig tablet delayed release,87,0.00222,0.00498
571.6,82,7,all_test,7,capsule delayed release e,77,0.00187,0.00326
571.6,82,7,all_test,8,e c sig tablet,64,0.00235,0.00422
571.6,82,7,all_test,9,e c po daily,58,0.00215,0.00622
571.6,82,7,all_test,10,e c sig capsule,39,0.00182,0.00322
571.6,82,7,gold_notes,1,ratio comparing record acute,1,0.00253,0.00253
571.6,82,7,gold_notes,2,delayed release e c,1,0.00191,0.00191
571.6,82,7,gold_notes,3,worsening ruq pain today,1,0.0019,0.0019
571.6,82,7,gold_notes,4,medication teaching vna service,1,0.00188,0.00188
571.6,82,7,gold_notes,5,variceal bleed hepatic encephalopathy,1,0.00142,0.00142
571.6,82,7,gold_notes,6,c sig capsule delayed,1,0.00141,0.00141
571.6,82,7,gold_notes,7,previously decompensated hepatic encephalopathy,1,0.00116,0.00116
227.3,216,7,all_test,1,condition mental status clear,15,0.0023,0.00432
227.3,216,7,all_test,2,status clear coherent level,10,0.00156,0.00211
227.3,216,7,all_test,3,biomedical technological patent two,10,0.00134,0.00178
227.3,216,7,all_test,4,mental status clear coherent,8,0.00196,0.00271
227.3,216,7,all_test,5,activity status ambulatory independent,8,0.00126,0.00237
227.3,216,7,all_test,6,non contributory physical exam,7,0.00192,0.00335
227.3,216,7,all_test,7,low l arm blood,7,0.00155,0.00192
227.3,216,7,all_test,8,blast peripheral smear endorses,7,0.00137,0.00137
227.3,216,7,all_test,9,uncomplicated diverticulosis abdominal ultrasound,7,0.00129,0.00129
227.3,216,7,all_test,10,rhinitis arthritis knee p,7,0.00117,0.00117
227.3,216,7,gold_notes,1,woman pituitary lesion underwent,1,0.00428,0.00428
227.3,216,7,gold_notes,2,acth positive pituitary adenoma,1,0.00248,0.00248
227.3,216,7,gold_notes,3,macroadenoma condition mental status,1,0.00227,0.00227
227.3,216,7,gold_notes,4,present illness 87m glaucoma,1,0.00226,0.00226
227.3,216,7,gold_notes,5,could represent small residual,1,0.00205,0.00205
227.3,216,7,gold_notes,6,pituitary macroadenoma hemorrhagic change,1,0.00134,0.00134
227.3,216,7,gold_notes,7,evidence hemorrhage micro macro,1,0.00125,0.00125
273.1,34,6,all_test,1,disposition extended care facility,13,0.00161,0.00202
273.1,34,6,all_test,2,refill disposition home facility,10,0.00203,0.00262
273.1,34,6,all_test,3,shunt across interatrial septum,8,0.00246,0.00356
273.1,34,6,all_test,4,osteopenia atraumatic vertebral fracture,8,0.00218,0.00267
273.1,34,6,all_test,5,swelling redness drainage incision,8,0.0015,0.0019
273.1,34,6,all_test,6,image within dura may,7,0.00197,0.00197
273.1,34,6,all_test,7,right shunt across interatrial,7,0.00172,0.00244
273.1,34,6,all_test,8,anicteric perrl eomi conjunctiva,7,0.0014,0.00216
273.1,34,6,all_test,9,negative isolated broth medium,7,0.00129,0.00129
273.1,34,6,all_test,10,lymph mono eos basos,7,0.00129,0.00165
273.1,34,6,gold_notes,1,anticoagulation h subdural hematoma,1,0.00376,0.00376
273.1,34,6,gold_notes,2,cancer basal cell ear,1,0.00344,0.00344
273.1,34,6,gold_notes,3,renal insufficiency bph allergic,1,0.00186,0.00186
273.1,34,6,gold_notes,4,ptca om new paf,1,0.00181,0.00181
273.1,34,6,gold_notes,5,recent hospitalization mgus social,1,0.00138,0.00138
273.1,34,6,gold_notes,6,axillary hematoma associated significant,1,0.00113,0.00113
351.0,79,6,all_test,1,present illness year old,16,0.003,0.00836
351.0,79,6,all_test,2,procedure none present illness,13,0.00243,0.00389
351.0,79,6,all_test,3,eomi conjunctiva pink pallor,13,0.00155,0.00231
351.0,79,6,all_test,4,major surgical invasive procedure,11,0.00368,0.00612
351.0,79,6,all_test,5,illness year old male,10,0.00163,0.00292
351.0,79,6,all_test,6,known lastname year old,9,0.00197,0.00292
351.0,79,6,all_test,7,unit unit unit unit,9,0.0012,0.00125
351.0,79,6,all_test,8,renal failure creatinine presumed,7,0.00253,0.00253
351.0,79,6,all_test,9,disease p coronary artery,7,0.00182,0.00246
351.0,79,6,all_test,10,marrow biopsy performed secondary,7,0.00168,0.00168
351.0,79,6,gold_notes,1,stable mental status intact,1,0.00433,0.00433
351.0,79,6,gold_notes,2,disease chronic left facial,1,0.00383,0.00383
351.0,79,6,gold_notes,3,detail surgery uncomplicated tolerated,1,0.00164,0.00164
351.0,79,6,gold_notes,4,frontal lobectomy arachnoid cyst,1,0.00163,0.00163
351.0,79,6,gold_notes,5,dx setting dysphagia via,1,0.00156,0.00156
351.0,79,6,gold_notes,6,procedure intubation present illness,1,0.00127,0.00127
157.9,84,6,all_test,1,delayed release e c,62,0.00195,0.00355
157.9,84,6,all_test,2,release e c sig,46,0.00176,0.0035
157.9,84,6,all_test,3,c sig tablet delayed,38,0.0018,0.00336
157.9,84,6,all_test,4,sig tablet delayed release,31,0.00229,0.00404
157.9,84,6,all_test,5,tablet delayed release e,31,0.00178,0.00229
157.9,84,6,all_test,6,capsule delayed release e,31,0.00148,0.0024
157.9,84,6,all_test,7,e c sig tablet,29,0.00222,0.00379
157.9,84,6,all_test,8,release e c po,28,0.00216,0.00301
157.9,84,6,all_test,9,tablet sig tablet po,19,0.00359,0.00846
157.9,84,6,all_test,10,mg tablet sig tablet,18,0.00274,0.00474
157.9,84,6,gold_notes,1,recent priest ni currently,1,0.00324,0.00324
157.9,84,6,gold_notes,2,telephone fax since cva,1,0.00297,0.00297
157.9,84,6,gold_notes,3,tablet po bid time,1,0.00289,0.00289
157.9,84,6,gold_notes,4,mother son doctor per,1,0.00267,0.00267
157.9,84,6,gold_notes,5,e c po four,1,0.00146,0.00146
157.9,84,6,gold_notes,6,right pleural effusion demonstrated,1,0.00087,0.00087
710.1,99,6,all_test,1,delayed release e c,203,0.00192,0.00932
710.1,99,6,all_test,2,release e c sig,153,0.00197,0.00434
710.1,99,6,all_test,3,tablet delayed release e,138,0.00195,0.00827
710.1,99,6,all_test,4,c sig tablet delayed,86,0.00215,0.00416
710.1,99,6,all_test,5,mg tablet delayed release,76,0.0019,0.00387
710.1,99,6,all_test,6,e c sig tablet,71,0.00196,0.00374
710.1,99,6,all_test,7,sig tablet delayed release,63,0.00196,0.00339
710.1,99,6,all_test,8,capsule delayed release e,58,0.00152,0.00285
710.1,99,6,all_test,9,tablet sig tablet po,32,0.00198,0.00413
710.1,99,6,all_test,10,e c sig two,31,0.00176,0.00317
710.1,99,6,gold_notes,1,raynaud phenomenon hypertension hypothyroidism,1,0.01646,0.01646
710.1,99,6,gold_notes,2,passing lead scleroderma isb,1,0.00541,0.00541
710.1,99,6,gold_notes,3,severe raynaud since doctor,1,0.00537,0.00537
710.1,99,6,gold_notes,4,scleroderma renal failure p,1,0.00524,0.00524
710.1,99,6,gold_notes,5,pain thought related scleroderma,1,0.0051,0.0051
710.1,99,6,gold_notes,6,segment narrowing longer segment,1,0.00184,0.00184
252.01,137,6,all_test,1,delayed release e c,127,0.00196,0.00409
252.01,137,6,all_test,2,tablet delayed release e,87,0.00203,0.00406
252.01,137,6,all_test,3,release e c sig,61,0.00205,0.00364
252.01,137,6,all_test,4,release e c po,59,0.00197,0.00406
252.01,137,6,all_test,5,capsule delayed release e,49,0.00162,0.00313
252.01,137,6,all_test,6,c po daily daily,39,0.00187,0.00322
252.01,137,6,all_test,7,mg tablet delayed release,38,0.00196,0.00319
252.01,137,6,all_test,8,tablet po daily daily,32,0.00231,0.00548
252.01,137,6,all_test,9,sig tablet delayed release,32,0.00223,0.00523
252.01,137,6,all_test,10,tablet sig tablet po,31,0.00198,0.00468
252.01,137,6,gold_notes,1,saturation lung exam slowly,1,0.00255,0.00255
252.01,137,6,gold_notes,2,hypercalcemia especially setting low,1,0.00185,0.00185
252.01,137,6,gold_notes,3,pth low phosphate time,1,0.00151,0.00151
252.01,137,6,gold_notes,4,sputum reflux feeling throat,1,0.00145,0.00145
252.01,137,6,gold_notes,5,w prerenal picture aggressive,1,0.00128,0.00128
252.01,137,6,gold_notes,6,cervical trachea right consistent,1,0.00105,0.00105
530.0,163,6,all_test,1,present illness year old,13,0.00179,0.00294
530.0,163,6,all_test,2,meal important eat nutritious,11,0.00195,0.00261
530.0,163,6,all_test,3,mdx patient cd19 positive,7,0.00228,0.00231
530.0,163,6,all_test,4,positive galactomannan bal presumed,7,0.00215,0.00215
530.0,163,6,all_test,5,complicated mucositis poorly healing,7,0.00173,0.00173
530.0,163,6,all_test,6,jejunojejunostomy revised subsequent revision,7,0.00149,0.00149
530.0,163,6,all_test,7,argatroban drip eventually turned,7,0.00113,0.00113
530.0,163,6,all_test,8,laryngoscopy biopsy right pyriform,6,0.0032,0.0032
530.0,163,6,all_test,9,normal limit excluding adrenal,6,0.00298,0.00298
530.0,163,6,all_test,10,npo bun creatinine peaked,6,0.00281,0.00281
530.0,163,6,gold_notes,1,pmh gerd copd achalasia,1,0.00367,0.00367
530.0,163,6,gold_notes,2,development post herpetic neuralgia,1,0.00258,0.00258
530.0,163,6,gold_notes,3,neoplasm ct noted r,1,0.00198,0.00198
530.0,163,6,gold_notes,4,achalasia p laparoscopic doctor,1,0.00156,0.00156
530.0,163,6,gold_notes,5,stemi desx2 lad aspirin,1,0.00137,0.00137
530.0,163,6,gold_notes,6,performed cxr image marked,1,0.0013,0.0013
285.8,183,6,all_test,1,capsule sig capsule po,17,0.00201,0.00402
285.8,183,6,all_test,2,tenderness guarding organomegaly gu,16,0.00143,0.00216
285.8,183,6,all_test,3,tablet sig tablet po,14,0.00168,0.00303
285.8,183,6,all_test,4,disposition extended care facility,13,0.00158,0.00244
285.8,183,6,all_test,5,guarding organomegaly ext warm,9,0.00157,0.00228
285.8,183,6,all_test,6,straight someone apply firm,8,0.00354,0.00426
285.8,183,6,all_test,7,bilaterally coordination normal finger,8,0.00191,0.00262
285.8,183,6,all_test,8,known allergy adverse drug,8,0.00172,0.00221
285.8,183,6,all_test,9,guarding organomegaly gu foley,8,0.00168,0.00232
285.8,183,6,all_test,10,blood wbc rbc hgb,8,0.00142,0.00332
285.8,183,6,gold_notes,1,responds question appropriately pertinent,1,0.00194,0.00194
285.8,183,6,gold_notes,2,accepted micu prior transfer,1,0.00145,0.00145
285.8,183,6,gold_notes,3,follow blood culture cover,1,0.00129,0.00129
285.8,183,6,gold_notes,4,acetaminophen induced fulminant hepatic,1,0.00113,0.00113
285.8,183,6,gold_notes,5,x ray bilateral juxtacortical,1,0.00113,0.00113
285.8,183,6,gold_notes,6,necrotizing pancreatitis enhancement distal,1,0.00085,0.00085
155.1,249,6,all_test,1,cardiomyopathy sudden cardiac death,10,0.00295,0.00634
155.1,249,6,all_test,2,arrhythmia cardiomyopathy sudden cardiac,10,0.00269,0.00487
155.1,249,6,all_test,3,non contributory physical exam,7,0.00489,0.0086
155.1,249,6,all_test,4,social life wife child,7,0.00432,0.00432
155.1,249,6,all_test,5,chemotherapy achieved remission complicated,7,0.00312,0.00312
155.1,249,6,all_test,6,anciteric p clear neck,7,0.00282,0.00282
155.1,249,6,all_test,7,pressure hydrocephalus cad htn,7,0.00248,0.00248
155.1,249,6,all_test,8,lvef markedly dilated aorta,6,0.00804,0.00804
155.1,249,6,all_test,9,biventricular icd hypertension hyperlipidemia,6,0.00547,0.00547
155.1,249,6,all_test,10,depression r knee arthroscopy,6,0.00512,0.0052
155.1,249,6,gold_notes,1,myopathy probable atorvastatin induced,1,0.0042,0.0042
155.1,249,6,gold_notes,2,tomorrow medical renal cell,1,0.00382,0.00382
155.1,249,6,gold_notes,3,barrier obtained mainly record,1,0.0024,0.0024
155.1,249,6,gold_notes,4,cardiomyopathy sudden cardiac death,1,0.00192,0.00192
155.1,249,6,gold_notes,5,found bilateral subsegmental pe,1,0.00167,0.00167
155.1,249,6,gold_notes,6,without surrounding erythema covered,1,0.00114,0.00114
756.89,375,6,all_test,1,system negative cardiac review,17,0.00623,0.00826
756.89,375,6,all_test,2,negative cardiac review system,17,0.00575,0.01172
756.89,375,6,all_test,3,present illness year old,12,0.00845,0.02003
756.89,375,6,all_test,4,recurrence status post dli,7,0.01194,0.01194
756.89,375,6,all_test,5,transferred floor seen surgery,7,0.0108,0.0108
756.89,375,6,all_test,6,status clear coherent level,7,0.00823,0.0168
756.89,375,6,all_test,7,review system negative cardiac,7,0.00658,0.01061
756.89,375,6,all_test,8,wife ni ni telephone,7,0.00475,0.00475
756.89,375,6,all_test,9,included prn haldol given,7,0.0036,0.0036
756.89,375,6,all_test,10,however repeat month showed,6,0.03007,0.03007
756.89,375,6,gold_notes,1,cardiac disease given substernal,1,0.00692,0.00692
756.89,375,6,gold_notes,2,vancomycin meropenum pna mini,1,0.00678,0.00678
756.89,375,6,gold_notes,3,continued show finding consistent,1,0.00668,0.00668
756.89,375,6,gold_notes,4,ceftrazadime cipro tamiflu dfa,1,0.00626,0.00626
756.89,375,6,gold_notes,5,continued vanco osotemyelitis home,1,0.00596,0.00596
756.89,375,6,gold_notes,6,pain control failure thrive,1,0.004,0.004
478.74,7,5,all_test,1,medicine allergy known allergy,16,0.00163,0.00224
478.74,7,5,all_test,2,recorded known allergy drug,11,0.00208,0.00376
478.74,7,5,all_test,3,allergy adverse drug reaction,10,0.00206,0.00252
478.74,7,5,all_test,4,room underwent coronary artery,9,0.00277,0.00393
478.74,7,5,all_test,5,post operatively transferred cvicu,9,0.00223,0.00307
478.74,7,5,all_test,6,f neurosurgery allergy known,8,0.00253,0.00562
478.74,7,5,all_test,7,small bowel small bowel,7,0.00514,0.00514
478.74,7,5,all_test,8,bph flomax osa cpap,7,0.0026,0.0026
478.74,7,5,all_test,9,known allergy drug attending,7,0.00254,0.00359
478.74,7,5,all_test,10,surgery allergy recorded known,7,0.0025,0.00408
478.74,7,5,gold_notes,1,f medicine allergy recorded,1,0.00337,0.00337
478.74,7,5,gold_notes,2,acdf surgery reflux type,1,0.00253,0.00253
478.74,7,5,gold_notes,3,cva right centrum semi,1,0.00162,0.00162
478.74,7,5,gold_notes,4,around c5 transverse process,1,0.0014,0.0014
478.74,7,5,gold_notes,5,follow bronchoscopy dr name8,1,0.00118,0.00118
728.86,39,5,all_test,1,delayed release e c,201,0.00196,0.00463
728.86,39,5,all_test,2,tablet delayed release e,126,0.00195,0.00398
728.86,39,5,all_test,3,release e c sig,114,0.002,0.00499
728.86,39,5,all_test,4,sig tablet delayed release,75,0.00226,0.0043
728.86,39,5,all_test,5,c sig tablet delayed,75,0.002,0.0039
728.86,39,5,all_test,6,release e c po,72,0.00227,0.00399
728.86,39,5,all_test,7,capsule delayed release e,64,0.00181,0.0032
728.86,39,5,all_test,8,e c sig tablet,51,0.00206,0.00393
728.86,39,5,all_test,9,e c po daily,47,0.00206,0.00611
728.86,39,5,all_test,10,mg tablet delayed release,29,0.00197,0.00313
728.86,39,5,gold_notes,1,wall exploratory laparotomy small,1,0.00411,0.00411
728.86,39,5,gold_notes,2,suspected necrotizing fasciitis condition,1,0.00348,0.00348
728.86,39,5,gold_notes,3,emergently operating room extensive,1,0.00254,0.00254
728.86,39,5,gold_notes,4,debridement pulse lavage fournier,1,0.00197,0.00197
728.86,39,5,gold_notes,5,incision debridement carpal tunnel,1,0.00181,0.00181
351.8,71,5,all_test,1,allergy drug attending name3,29,0.00235,0.00413
351.8,71,5,all_test,2,procedure none present illness,16,0.00338,0.00748
351.8,71,5,all_test,3,present illness year old,16,0.00231,0.00344
351.8,71,5,all_test,4,adverse drug reaction attending,12,0.00261,0.00461
351.8,71,5,all_test,5,drug attending name3 lf,11,0.00315,0.00488
351.8,71,5,all_test,6,present illness mr known,10,0.00372,0.00723
351.8,71,5,all_test,7,known allergy drug attending,10,0.00193,0.00238
351.8,71,5,all_test,8,exploratory laparotomy small bowel,9,0.00726,0.00763
351.8,71,5,all_test,9,negative cardiac review system,9,0.00187,0.00228
351.8,71,5,all_test,10,invasive procedure none present,8,0.00325,0.00589
351.8,71,5,gold_notes,1,toxoid attending namepattern1 lightheadedness,1,0.00297,0.00297
351.8,71,5,gold_notes,2,allergy drug attending name3,1,0.00234,0.00234
351.8,71,5,gold_notes,3,disease r coronary artery,1,0.00176,0.00176
351.8,71,5,gold_notes,4,right pronator drift tremor,1,0.00135,0.00135
351.8,71,5,gold_notes,5,common bile duct measure,1,0.00117,0.00117
501,176,5,all_test,1,small frequent meal important,16,0.00199,0.00258
501,176,5,all_test,2,option high fiber lean,12,0.00192,0.00314
501,176,5,all_test,3,condition mental status clear,12,0.00179,0.00273
501,176,5,all_test,4,new increased drainage incision,11,0.00308,0.00401
501,176,5,all_test,5,including washing incision gently,10,0.00141,0.00296
501,176,5,all_test,6,known allergy adverse drug,9,0.00243,0.00428
501,176,5,all_test,7,mild soap bath swimming,8,0.0018,0.00209
501,176,5,all_test,8,release hr refill disposition,7,0.00213,0.00277
501,176,5,all_test,9,revised subsequent revision improved,7,0.00195,0.00195
501,176,5,all_test,10,posaconazole ambisome vanc changed,7,0.00158,0.00158
501,176,5,gold_notes,1,asbestosis recurrent bilateral pleural,1,0.00981,0.00981
501,176,5,gold_notes,2,medical hypertension hyperlipidemia asbestosis,1,0.00532,0.00532
501,176,5,gold_notes,3,7cm2 dyslipidemia diverticulosis parkinson,1,0.00381,0.00381
501,176,5,gold_notes,4,placement pleurex catheter chronic,1,0.0026,0.0026
501,176,5,gold_notes,5,spinal stenosis hx asbestos,1,0.00234,0.00234
357.0,180,5,all_test,1,delayed release e c,271,0.00658,0.01737
357.0,180,5,all_test,2,tablet delayed release e,234,0.00789,0.02336
357.0,180,5,all_test,3,release e c sig,140,0.00652,0.01482
357.0,180,5,all_test,4,sig tablet delayed release,122,0.00882,0.02616
357.0,180,5,all_test,5,c sig tablet delayed,107,0.00744,0.01843
357.0,180,5,all_test,6,e c sig tablet,91,0.00807,0.01732
357.0,180,5,all_test,7,capsule delayed release e,81,0.00589,0.01323
357.0,180,5,all_test,8,release e c po,80,0.00854,0.02478
357.0,180,5,all_test,9,mg tablet delayed release,56,0.00525,0.01401
357.0,180,5,all_test,10,e c po daily,49,0.00784,0.02059
357.0,180,5,gold_notes,1,omeprazole mg capsule delayed,1,0.00603,0.00603
357.0,180,5,gold_notes,2,c sig two tablet,1,0.00477,0.00477
357.0,180,5,gold_notes,3,weakness due ongoing guillain,1,0.00168,0.00168
357.0,180,5,gold_notes,4,ck mb ctropnt 00pm,1,0.00121,0.00121
357.0,180,5,gold_notes,5,tenderness guarding organomegaly ext,1,0.00119,0.00119
322.9,191,5,all_test,1,delayed release e c,97,0.00242,0.00499
322.9,191,5,all_test,2,tablet delayed release e,75,0.00241,0.00432
322.9,191,5,all_test,3,sig tablet delayed release,66,0.00269,0.00533
322.9,191,5,all_test,4,release e c sig,49,0.00254,0.00504
322.9,191,5,all_test,5,e c sig tablet,47,0.00261,0.00459
322.9,191,5,all_test,6,c sig tablet delayed,34,0.00256,0.00456
322.9,191,5,all_test,7,mg tablet delayed release,26,0.00228,0.00417
322.9,191,5,all_test,8,release e c po,18,0.00281,0.00424
322.9,191,5,all_test,9,capsule delayed release e,14,0.00176,0.00297
322.9,191,5,all_test,10,mg capsule delayed release,13,0.00222,0.0029
322.9,191,5,gold_notes,1,non contributory physical exam,1,0.00359,0.00359
322.9,191,5,gold_notes,2,status post allogeneic transplant,1,0.00302,0.00302
322.9,191,5,gold_notes,3,bilateral toe ulcer necrotization,1,0.00219,0.00219
322.9,191,5,gold_notes,4,insulin pump placed time,1,0.00207,0.00207
322.9,191,5,gold_notes,5,heroin cocaine benzodiazapines barbituates,1,0.00178,0.00178
350.1,239,5,all_test,1,delayed release e c,258,0.0026,0.00991
350.1,239,5,all_test,2,tablet delayed release e,247,0.00279,0.00658
350.1,239,5,all_test,3,release e c sig,175,0.00257,0.00531
350.1,239,5,all_test,4,sig tablet delayed release,130,0.00299,0.00642
350.1,239,5,all_test,5,c sig tablet delayed,102,0.00278,0.00469
350.1,239,5,all_test,6,e c sig tablet,101,0.00284,0.00616
350.1,239,5,all_test,7,capsule delayed release e,80,0.00277,0.01192
350.1,239,5,all_test,8,release e c po,67,0.00288,0.00545
350.1,239,5,all_test,9,mg tablet delayed release,51,0.0023,0.0052
350.1,239,5,all_test,10,mg capsule delayed release,44,0.00218,0.00357
350.1,239,5,gold_notes,1,colitis admitted hospital1 range,1,0.00517,0.00517
350.1,239,5,gold_notes,2,mental status clear coherent,1,0.00443,0.00443
350.1,239,5,gold_notes,3,neuralgia esophageal dysmotility htn,1,0.00333,0.00333
350.1,239,5,gold_notes,4,management neurologically intact improvement,1,0.00315,0.00315
350.1,239,5,gold_notes,5,breast surgery social social,1,0.00258,0.00258
446.5,265,5,all_test,1,present illness year old,10,0.00241,0.0049
446.5,265,5,all_test,2,condition mental status clear,9,0.0017,0.00241
446.5,265,5,all_test,3,bone marrow biopsy performed,7,0.00307,0.00307
446.5,265,5,all_test,4,change vision loss vision,7,0.00277,0.00359
446.5,265,5,all_test,5,life location younger sister,7,0.00218,0.00264
446.5,265,5,all_test,6,left adrenal gland lesion,7,0.0016,0.0016
446.5,265,5,all_test,7,hydration contraindicated thus calcitonin,7,0.00144,0.00144
446.5,265,5,all_test,8,ha medical obesity h,7,0.00136,0.00136
446.5,265,5,all_test,9,seeing dr stitle bechet,6,0.0028,0.0028
446.5,265,5,all_test,10,whipple medical pmh htn,6,0.00259,0.00259
446.5,265,5,gold_notes,1,arteritis osteoporosis spinal stenosis,1,0.00864,0.00864
446.5,265,5,gold_notes,2,diagnosis temporal arteritis versus,1,0.00666,0.00666
446.5,265,5,gold_notes,3,initially presented fatigue question,1,0.00434,0.00434
446.5,265,5,gold_notes,4,arteritis treated steroid found,1,0.00321,0.00321
446.5,265,5,gold_notes,5,whipple medical pmh htn,1,0.00259,0.00259
457.8,77,4,all_test,1,mg tablet sig tablet,23,0.00292,0.00955
457.8,77,4,all_test,2,tablet sig tablet po,23,0.00192,0.00302
457.8,77,4,all_test,3,sig tablet po daily,14,0.00247,0.00562
457.8,77,4,all_test,4,tablet po daily daily,14,0.00203,0.00387
457.8,77,4,all_test,5,mg tablet delayed release,12,0.00155,0.00178
457.8,77,4,all_test,6,tablet delayed release e,11,0.0019,0.00293
457.8,77,4,all_test,7,mi arrhythmia cardiomyopathy sudden,10,0.00198,0.00221
457.8,77,4,all_test,8,delayed release e c,10,0.00137,0.00276
457.8,77,4,all_test,9,medication aspirin mg tablet,9,0.0022,0.00328
457.8,77,4,all_test,10,mg tablet sig two,9,0.00164,0.00242
457.8,77,4,gold_notes,1,medium change triglyceride drainage,1,0.00502,0.00502
457.8,77,4,gold_notes,2,pacemaker management pod1 echocardiogram,1,0.00226,0.00226
457.8,77,4,gold_notes,3,nurse vna management ileal,1,0.00149,0.00149
457.8,77,4,gold_notes,4,drainage chlylothorax taken operating,1,0.00149,0.00149
245.2,108,4,all_test,1,non contributory physical exam,14,0.00348,0.00593
245.2,108,4,all_test,2,biochemical recurrence status post,9,0.00221,0.00235
245.2,108,4,all_test,3,brother ni home health,8,0.00158,0.00178
245.2,108,4,all_test,4,allergic rhinitis arthritis knee,7,0.00351,0.00351
245.2,108,4,all_test,5,social race caucasian dental,7,0.00299,0.00367
245.2,108,4,all_test,6,withlow back pain previously,7,0.00266,0.00266
245.2,108,4,all_test,7,home personal home care,7,0.00207,0.00207
245.2,108,4,all_test,8,location younger sister ni,7,0.00197,0.00239
245.2,108,4,all_test,9,congenitally blind right eye,7,0.00164,0.00164
245.2,108,4,all_test,10,social pack year tobacco,6,0.00729,0.00729
245.2,108,4,gold_notes,1,glaucoma un p shoulder,1,0.00316,0.00316
245.2,108,4,gold_notes,2,including aorto r carotid,1,0.00188,0.00188
245.2,108,4,gold_notes,3,made adjustment blood pressure,1,0.00164,0.00164
245.2,108,4,gold_notes,4,x nod correctly choice,1,0.00148,0.00148
753.0,131,4,all_test,1,physical exam physical exam,8,0.0015,0.00325
753.0,131,4,all_test,2,cousin leukemia aunt scleroderma,7,0.00175,0.00175
753.0,131,4,all_test,3,ago p right carotid,7,0.00153,0.00153
753.0,131,4,all_test,4,fluticasone insulin lantus lactulose,7,0.00153,0.00153
753.0,131,4,all_test,5,5mg iv bid protonix,7,0.00121,0.00121
753.0,131,4,all_test,6,caretaker wife alzheimer son,6,0.0035,0.0035
753.0,131,4,all_test,7,node biopsy hip replacement,6,0.00316,0.00316
753.0,131,4,all_test,8,medication furosemide mg hospital1,6,0.00255,0.00256
753.0,131,4,all_test,9,cancer status post radical,6,0.00174,0.00174
753.0,131,4,all_test,10,within normal limit excluding,6,0.00168,0.00168
753.0,131,4,gold_notes,1,fracture external fixator placed,1,0.00207,0.00207
753.0,131,4,gold_notes,2,breast cancer hx ovarian,1,0.0014,0.0014
753.0,131,4,gold_notes,3,wound followup instruction department,1,0.00118,0.00118
753.0,131,4,gold_notes,4,evidence hemorrhage edema mass,1,0.00117,0.00117
579.0,134,4,all_test,1,tablet sig tablet po,23,0.00214,0.00564
579.0,134,4,all_test,2,mg tablet sig tablet,22,0.00278,0.00799
579.0,134,4,all_test,3,tablet sig two tablet,12,0.00161,0.00272
579.0,134,4,all_test,4,mg capsule sig capsule,8,0.00228,0.00486
579.0,134,4,all_test,5,sedation warfarin mg tablet,8,0.00127,0.00145
579.0,134,4,all_test,6,ago p right carotid,7,0.00216,0.00216
579.0,134,4,all_test,7,protonix tylenol albuterol fexofenadine,7,0.00183,0.00183
579.0,134,4,all_test,8,tablet po daily daily,7,0.00162,0.00287
579.0,134,4,all_test,9,myeloperoxidase stain approximately cell,7,0.00159,0.00159
579.0,134,4,all_test,10,activity status ambulatory independent,7,0.00158,0.00181
579.0,134,4,gold_notes,1,slowly regular gluten free,1,0.00729,0.00729
579.0,134,4,gold_notes,2,free diet chronic pain,1,0.00577,0.00577
579.0,134,4,gold_notes,3,life husband daughter e,1,0.00417,0.00417
579.0,134,4,gold_notes,4,ventricular septal defect hysterectomy,1,0.00206,0.00206
569.41,140,4,all_test,1,pacing wire discontinued pod,8,0.00266,0.00274
569.41,140,4,all_test,2,empty drain frequently record,7,0.00188,0.00197
569.41,140,4,all_test,3,performed obvious p wave,7,0.00177,0.00177
569.41,140,4,all_test,4,clofarabine total nodal radiation,7,0.00157,0.00157
569.41,140,4,all_test,5,alert interactive activity status,7,0.00138,0.00151
569.41,140,4,all_test,6,improved although continued disoriented,7,0.0013,0.0013
569.41,140,4,all_test,7,research show rather eliminating,7,0.00118,0.00118
569.41,140,4,all_test,8,f neurosurgery allergy known,6,0.00352,0.00376
569.41,140,4,all_test,9,initiated gently diuresed toward,6,0.00256,0.00285
569.41,140,4,all_test,10,intake stay well hydrated,6,0.00242,0.00242
569.41,140,4,gold_notes,1,precluded visualization ulcer sengstaken,1,0.00223,0.00223
569.41,140,4,gold_notes,2,upon arrival icu possibly,1,0.00214,0.00214
569.41,140,4,gold_notes,3,discharged hospital1 lower gi,1,0.00204,0.00204
569.41,140,4,gold_notes,4,adjascent area erosion stigma,1,0.00173,0.00173
156.1,179,4,all_test,1,md md number,10,0.00243,0.00427
156.1,179,4,all_test,2,urology allergy recorded known,9,0.00375,0.00409
156.1,179,4,all_test,3,cardiothoracic allergy recorded known,9,0.00205,0.00355
156.1,179,4,all_test,4,f medicine allergy recorded,9,0.00204,0.0028
156.1,179,4,all_test,5,status clear coherent level,9,0.00191,0.00301
156.1,179,4,all_test,6,major surgical invasive procedure,8,0.00282,0.00423
156.1,179,4,all_test,7,illness year old male,7,0.00259,0.00268
156.1,179,4,all_test,8,instruction expired completed,7,0.00232,0.00274
156.1,179,4,all_test,9,mental status clear coherent,7,0.00229,0.00299
156.1,179,4,all_test,10,cannot excluded imaging correlation,7,0.00227,0.00227
156.1,179,4,gold_notes,1,md md number,1,0.00427,0.00427
156.1,179,4,gold_notes,2,melena hematochezia diarrhea constipation,1,0.00176,0.00176
156.1,179,4,gold_notes,3,uneventful iv administration omnipaque,1,0.00163,0.00163
156.1,179,4,gold_notes,4,fat stranding concerning acute,1,0.00142,0.00142
277.4,189,4,all_test,1,non contributory physical exam,11,0.00464,0.00733
277.4,189,4,all_test,2,m2 day cycle bendamustine,10,0.00361,0.00428
277.4,189,4,all_test,3,status clear coherent level,8,0.00336,0.00443
277.4,189,4,all_test,4,physical exam physical exam,7,0.00503,0.00695
277.4,189,4,all_test,5,p l r tkr,7,0.00419,0.00419
277.4,189,4,all_test,6,evidence relapse received induction,7,0.00414,0.00414
277.4,189,4,all_test,7,conditioning inlcude clofarabine total,7,0.00204,0.00204
277.4,189,4,all_test,8,pound several year ago,7,0.00125,0.00125
277.4,189,4,all_test,9,social pack year tobacco,6,0.00799,0.00799
277.4,189,4,all_test,10,biventricular icd hypertension hyperlipidemia,6,0.0073,0.0073
277.4,189,4,gold_notes,1,mile week non smoker,1,0.00598,0.00598
277.4,189,4,gold_notes,2,ef echo month post,1,0.00294,0.00294
277.4,189,4,gold_notes,3,allopurinol oncologist dr stitle,1,0.00259,0.00259
277.4,189,4,gold_notes,4,hit head tub state,1,0.00252,0.00252
289.0,243,4,all_test,1,prostatectomy dr stitle biochemical,9,0.00346,0.00511
289.0,243,4,all_test,2,autopsy access portacath subclavian,7,0.00324,0.00324
289.0,243,4,all_test,3,cancer brain mets 80y,7,0.00232,0.00232
289.0,243,4,all_test,4,non contributory physical exam,7,0.00218,0.00281
289.0,243,4,all_test,5,leak trache hypothyroid adrenal,7,0.00194,0.00194
289.0,243,4,all_test,6,intraoperative cholangiogram admitted medical,7,0.00167,0.00167
289.0,243,4,all_test,7,repeat month showed persistence,6,0.00727,0.00727
289.0,243,4,all_test,8,embolism month pe known,6,0.006,0.006
289.0,243,4,all_test,9,female recently diagnosed right,6,0.006,0.006
289.0,243,4,all_test,10,illness male p w,6,0.00594,0.00594
289.0,243,4,gold_notes,1,mass abdominal pain progressive,1,0.01087,0.01087
289.0,243,4,gold_notes,2,issue acute hypoxic respiratory,1,0.00204,0.00204
289.0,243,4,gold_notes,3,v r o2 sat84,1,0.0019,0.0019
289.0,243,4,gold_notes,4,recently hospitalized hospital1 day,1,0.00138,0.00138
156.0,285,4,all_test,1,sig tablet delayed release,16,0.00214,0.003
156.0,285,4,all_test,2,tablet delayed release e,15,0.00174,0.00293
156.0,285,4,all_test,3,delayed release e c,14,0.00155,0.00243
156.0,285,4,all_test,4,clear coherent level consciousness,9,0.00234,0.00325
156.0,285,4,all_test,5,showed improvement ef became,7,0.0032,0.0032
156.0,285,4,all_test,6,arthritis knee p l,7,0.00251,0.00251
156.0,285,4,all_test,7,added pcp initial pre,7,0.002,0.002
156.0,285,4,all_test,8,arrhythmia cardiomyopathy sudden cardiac,7,0.00179,0.00209
156.0,285,4,all_test,9,stable instruction general instruction,7,0.00134,0.00134
156.0,285,4,all_test,10,sclerae anciteric p clear,7,0.00111,0.00111
156.0,285,4,gold_notes,1,used stay encouraged get,1,0.00233,0.00233
156.0,285,4,gold_notes,2,right portal vein exploratory,1,0.00201,0.00201
156.0,285,4,gold_notes,3,gu incont neuro eye,1,0.00169,0.00169
156.0,285,4,gold_notes,4,hx choledocolithiasis c section,1,0.00151,0.00151
282.2,348,4,all_test,1,delayed release e c,84,0.00214,0.00415
282.2,348,4,all_test,2,tablet delayed release e,83,0.00261,0.00541
282.2,348,4,all_test,3,sig tablet delayed release,47,0.00266,0.00705
282.2,348,4,all_test,4,release e c sig,45,0.00216,0.00398
282.2,348,4,all_test,5,c sig tablet delayed,38,0.00255,0.00401
282.2,348,4,all_test,6,release e c po,36,0.00217,0.00405
282.2,348,4,all_test,7,e c sig tablet,28,0.00256,0.0061
282.2,348,4,all_test,8,capsule delayed release e,22,0.00162,0.00201
282.2,348,4,all_test,9,mg capsule delayed release,18,0.00201,0.00258
282.2,348,4,all_test,10,mg tablet delayed release,16,0.00233,0.00385
282.2,348,4,gold_notes,1,cm abdominal mass upper,1,0.00289,0.00289
282.2,348,4,gold_notes,2,showed cm abdominal mass,1,0.00264,0.00264
282.2,348,4,gold_notes,3,room air instruction admitted,1,0.00237,0.00237
282.2,348,4,gold_notes,4,cancer taxol carboplatin c4,1,0.00168,0.00168
154.1,41,3,all_test,1,food option high fiber,17,0.00349,0.00487
154.1,41,3,all_test,2,present illness year old,15,0.00406,0.00649
154.1,41,3,all_test,3,illness year old female,13,0.00411,0.00576
154.1,41,3,all_test,4,illness year old male,11,0.0038,0.00556
154.1,41,3,all_test,5,dose escalation study mdx,11,0.00373,0.00479
154.1,41,3,all_test,6,m known lastname year,11,0.00284,0.00475
154.1,41,3,all_test,7,hypercalcemia smv thrombosis hepatic,7,0.00574,0.00574
154.1,41,3,all_test,8,illness m known lastname,7,0.0047,0.00633
154.1,41,3,all_test,9,transplant subsequent disease recurrence,7,0.0038,0.0038
154.1,41,3,all_test,10,chronic obstructive pulmonary disease,7,0.00269,0.00348
154.1,41,3,gold_notes,1,vertebral artery carotid calcification,1,0.00631,0.00631
154.1,41,3,gold_notes,2,present illness per dr,1,0.00402,0.00402
154.1,41,3,gold_notes,3,illness yo w recent,1,0.00178,0.00178
150.4,51,3,all_test,1,delayed release e c,82,0.0018,0.00405
150.4,51,3,all_test,2,release e c sig,48,0.00188,0.00289
150.4,51,3,all_test,3,tablet sig tablet po,47,0.00232,0.00506
150.4,51,3,all_test,4,mg tablet delayed release,34,0.00207,0.00783
150.4,51,3,all_test,5,mg tablet sig tablet,32,0.00222,0.00575
150.4,51,3,all_test,6,tablet delayed release e,30,0.00172,0.00458
150.4,51,3,all_test,7,e c sig tablet,27,0.00203,0.00286
150.4,51,3,all_test,8,c sig tablet delayed,24,0.00193,0.00276
150.4,51,3,all_test,9,sig tablet po daily,21,0.00208,0.00549
150.4,51,3,all_test,10,sig tablet delayed release,21,0.00187,0.00298
150.4,51,3,gold_notes,1,sig capsule delayed release,1,0.00153,0.00153
150.4,51,3,gold_notes,2,tablet delayed release e,1,0.00143,0.00143
150.4,51,3,gold_notes,3,outside setting recent pound,1,0.00129,0.00129
348.0,75,3,all_test,1,delayed release e c,78,0.00301,0.01106
348.0,75,3,all_test,2,tablet delayed release e,76,0.00313,0.00663
348.0,75,3,all_test,3,release e c sig,50,0.00331,0.01236
348.0,75,3,all_test,4,e c sig tablet,49,0.00284,0.00638
348.0,75,3,all_test,5,c sig tablet delayed,42,0.00307,0.00465
348.0,75,3,all_test,6,sig tablet delayed release,34,0.00357,0.00656
348.0,75,3,all_test,7,capsule delayed release e,32,0.00228,0.00508
348.0,75,3,all_test,8,mg tablet delayed release,30,0.00405,0.00841
348.0,75,3,all_test,9,release e c po,29,0.00296,0.00511
348.0,75,3,all_test,10,tablet sig tablet po,23,0.00348,0.01123
348.0,75,3,gold_notes,1,e c po h,1,0.00303,0.00303
348.0,75,3,gold_notes,2,choroidal cyst incidentally found,1,0.00282,0.00282
348.0,75,3,gold_notes,3,stereotactic cyst ventriculostomy insertion,1,0.00229,0.00229
333.2,91,3,all_test,1,delayed release e c,275,0.00355,0.00904
333.2,91,3,all_test,2,tablet delayed release e,191,0.00372,0.00983
333.2,91,3,all_test,3,release e c sig,167,0.00339,0.00837
333.2,91,3,all_test,4,sig tablet delayed release,112,0.00452,0.01519
333.2,91,3,all_test,5,release e c po,91,0.00406,0.01834
333.2,91,3,all_test,6,e c sig tablet,91,0.00377,0.00778
333.2,91,3,all_test,7,c sig tablet delayed,84,0.00387,0.01076
333.2,91,3,all_test,8,capsule delayed release e,72,0.00279,0.00902
333.2,91,3,all_test,9,mg tablet delayed release,57,0.00331,0.00726
333.2,91,3,all_test,10,e c sig capsule,46,0.00267,0.00527
333.2,91,3,gold_notes,1,neurosurgery consulted preliminary read,1,0.00174,0.00174
333.2,91,3,gold_notes,2,prn migraine headache please,1,0.0016,0.0016
333.2,91,3,gold_notes,3,noted 70 somnolent given,1,0.00137,0.00137
212.7,92,3,all_test,1,major surgical invasive procedure,29,0.0088,0.02979
212.7,92,3,all_test,2,present illness year old,20,0.00383,0.00673
212.7,92,3,all_test,3,illness year old male,16,0.00405,0.00725
212.7,92,3,all_test,4,system notable absence chest,13,0.00439,0.00784
212.7,92,3,all_test,5,illness year old female,11,0.00393,0.00552
212.7,92,3,all_test,6,procedure none present illness,10,0.00536,0.0108
212.7,92,3,all_test,7,bendamustine mg m2 day,10,0.00468,0.00535
212.7,92,3,all_test,8,cardiac review system notable,9,0.00459,0.0061
212.7,92,3,all_test,9,illness mr known lastname,8,0.0109,0.02317
212.7,92,3,all_test,10,invasive procedure none present,8,0.00498,0.00589
212.7,92,3,gold_notes,1,location un vna diagnosis,1,0.00716,0.00716
212.7,92,3,gold_notes,2,excision overall tolerated procedure,1,0.00485,0.00485
212.7,92,3,gold_notes,3,chronic systolic heart failure,1,0.00214,0.00214
478.29,96,3,all_test,1,medicine allergy recorded known,34,0.00187,0.00385
478.29,96,3,all_test,2,medicine allergy known allergy,25,0.00138,0.00188
478.29,96,3,all_test,3,surgery allergy recorded known,14,0.00231,0.00315
478.29,96,3,all_test,4,f medicine allergy penicillin,14,0.00195,0.00294
478.29,96,3,all_test,5,tab sust rel particle,14,0.00189,0.00288
478.29,96,3,all_test,6,shower daily including washing,13,0.00204,0.00231
478.29,96,3,all_test,7,sust rel particle crystal,9,0.00234,0.00553
478.29,96,3,all_test,8,mg capsule sig capsule,9,0.00181,0.00252
478.29,96,3,all_test,9,po daily daily day,9,0.00151,0.00168
478.29,96,3,all_test,10,medicine allergy percocet attending,8,0.00205,0.00324
478.29,96,3,gold_notes,1,crust object fall stoma,1,0.00169,0.00169
478.29,96,3,gold_notes,2,upward maximum value setting,1,0.00165,0.00165
478.29,96,3,gold_notes,3,nameis initial nameis name12,1,0.00145,0.00145
518.3,103,3,all_test,1,aberrant antigen cell comprise,7,0.0044,0.00448
518.3,103,3,all_test,2,cell conjunction morphology cytospin,7,0.00341,0.00341
518.3,103,3,all_test,3,vps infectious pachymeningitis cannot,7,0.00275,0.00275
518.3,103,3,all_test,4,active extravisation noted smv,7,0.00249,0.00249
518.3,103,3,all_test,5,medication prescribed following change,7,0.00157,0.00217
518.3,103,3,all_test,6,switched zydis qhs note,7,0.00128,0.00128
518.3,103,3,all_test,7,27mm name8 namepattern2 male,6,0.00318,0.00318
518.3,103,3,all_test,8,npo bun creatinine peaked,6,0.00304,0.00304
518.3,103,3,all_test,9,see operative note surgical,6,0.00293,0.00311
518.3,103,3,all_test,10,aorta arch aortic mechanical,6,0.00264,0.00264
518.3,103,3,gold_notes,1,around blood vessel churg,1,0.00277,0.00277
518.3,103,3,gold_notes,2,disease airway reactivity chronic,1,0.00181,0.00181
518.3,103,3,gold_notes,3,b 05am blood doctor,1,0.00158,0.00158
709.2,104,3,all_test,1,system notable absence chest,20,0.0066,0.01226
709.2,104,3,all_test,2,cardiac review system notable,15,0.00603,0.00967
709.2,104,3,all_test,3,negative cardiac review system,11,0.00561,0.00889
709.2,104,3,all_test,4,major surgical invasive procedure,11,0.00416,0.01267
709.2,104,3,all_test,5,review system notable absence,10,0.00794,0.01659
709.2,104,3,all_test,6,unit transferred floor seen,7,0.01434,0.01434
709.2,104,3,all_test,7,insufficiency stress dose steroid,7,0.01158,0.01158
709.2,104,3,all_test,8,post dli subsequent achievement,7,0.01097,0.01097
709.2,104,3,all_test,9,notable absence chest pain,7,0.00648,0.00733
709.2,104,3,all_test,10,inhaler home p ruptured,7,0.00379,0.00379
709.2,104,3,gold_notes,1,rather subcutaneous tissue external,1,0.00559,0.00559
709.2,104,3,gold_notes,2,mass malignant ovarian neoplasm,1,0.00409,0.00409
709.2,104,3,gold_notes,3,sustained vt icu received,1,0.00234,0.00234
537.3,119,3,all_test,1,delayed release e c,123,0.00182,0.0034
537.3,119,3,all_test,2,tablet delayed release e,97,0.00193,0.00584
537.3,119,3,all_test,3,release e c sig,95,0.00179,0.00336
537.3,119,3,all_test,4,c sig tablet delayed,56,0.00232,0.0073
537.3,119,3,all_test,5,e c sig tablet,51,0.00203,0.00314
537.3,119,3,all_test,6,sig tablet delayed release,51,0.00199,0.00437
537.3,119,3,all_test,7,release e c po,45,0.00233,0.00649
537.3,119,3,all_test,8,mg tablet delayed release,30,0.00219,0.0046
537.3,119,3,all_test,9,mg capsule delayed release,24,0.00183,0.00399
537.3,119,3,all_test,10,e c po daily,20,0.00183,0.00361
537.3,119,3,gold_notes,1,gastric duodenal biopsy negative,1,0.00182,0.00182
537.3,119,3,gold_notes,2,2l lr total right,1,0.00134,0.00134
537.3,119,3,gold_notes,3,tingling extremity system negative,1,0.00106,0.00106
457.1,124,3,all_test,1,lymphoid gated event express,8,0.00314,0.00327
457.1,124,3,all_test,2,non contributory physical exam,8,0.00221,0.00319
457.1,124,3,all_test,3,annulus cm cm aorta,8,0.00201,0.00317
457.1,124,3,all_test,4,vps infectious pachymeningitis cannot,7,0.00318,0.00318
457.1,124,3,all_test,5,cd34 cell conjunction morphology,7,0.00264,0.00264
457.1,124,3,all_test,6,gait steady sternal pain,7,0.00215,0.00249
457.1,124,3,all_test,7,hernia repair rib fracture,7,0.00211,0.00239
457.1,124,3,all_test,8,scattered ecchymosis neuro alert,7,0.00172,0.00172
457.1,124,3,all_test,9,heent sclerae anciteric p,7,0.00133,0.00133
457.1,124,3,all_test,10,giant cell arteritis cad,6,0.00443,0.00443
457.1,124,3,gold_notes,1,p removal leukocytosis recurrent,1,0.00123,0.00123
457.1,124,3,gold_notes,2,left adrenal right paratracheal,1,0.00123,0.00123
457.1,124,3,gold_notes,3,drainage redness nursing encouraged,1,0.00117,0.00117
150.8,128,3,all_test,1,mental status clear coherent,10,0.00329,0.00544
150.8,128,3,all_test,2,condition mental status clear,9,0.00302,0.0061
150.8,128,3,all_test,3,present illness mr known,8,0.00689,0.01088
150.8,128,3,all_test,4,status clear coherent level,7,0.00353,0.0054
150.8,128,3,all_test,5,neg echo ef diabetes,7,0.00293,0.00293
150.8,128,3,all_test,6,post allogeneic transplant subsequent,7,0.00274,0.00274
150.8,128,3,all_test,7,obesity possible tia cva,7,0.00267,0.00267
150.8,128,3,all_test,8,illness year old female,7,0.0026,0.00426
150.8,128,3,all_test,9,deal biomedical technological patent,7,0.00174,0.00208
150.8,128,3,all_test,10,lastname overweight 28yo gentleman,7,0.0013,0.0013
150.8,128,3,gold_notes,1,buttressing intrathoracic anastomosis pericardial,1,0.00355,0.00355
150.8,128,3,gold_notes,2,year child son daughter,1,0.00278,0.00278
150.8,128,3,gold_notes,3,invasive esophagogastrectomy present illness,1,0.00231,0.00231
283.0,150,3,all_test,1,delayed release e c,287,0.00293,0.01305
283.0,150,3,all_test,2,tablet delayed release e,205,0.00281,0.00613
283.0,150,3,all_test,3,release e c sig,138,0.00258,0.00598
283.0,150,3,all_test,4,sig tablet delayed release,113,0.00316,0.00716
283.0,150,3,all_test,5,c sig tablet delayed,101,0.00283,0.0065
283.0,150,3,all_test,6,e c sig tablet,86,0.00299,0.00654
283.0,150,3,all_test,7,capsule delayed release e,84,0.00243,0.00545
283.0,150,3,all_test,8,release e c po,75,0.00319,0.01018
283.0,150,3,all_test,9,e c po daily,51,0.00295,0.00632
283.0,150,3,all_test,10,mg tablet delayed release,44,0.00239,0.00447
283.0,150,3,gold_notes,1,steroid mediastinal lymphadenopathy h,1,0.00282,0.00282
283.0,150,3,gold_notes,2,hemolytic anemia steroid post,1,0.00221,0.00221
283.0,150,3,gold_notes,3,dat pt b12 replacement,1,0.00216,0.00216
286.3,153,3,all_test,1,non contributory physical exam,21,0.00319,0.00697
286.3,153,3,all_test,2,cigarette smoked yes x,12,0.00232,0.00257
286.3,153,3,all_test,3,interactive activity status ambulatory,10,0.00206,0.00285
286.3,153,3,all_test,4,year tobacco quit year,9,0.00489,0.00798
286.3,153,3,all_test,5,repair appendectomy social life,9,0.00234,0.00248
286.3,153,3,all_test,6,activity status ambulatory requires,9,0.00147,0.00157
286.3,153,3,all_test,7,wife grown child involved,7,0.00545,0.00961
286.3,153,3,all_test,8,worked computer programmer retired,7,0.00255,0.00255
286.3,153,3,all_test,9,percutaneous coronary intervention anatomy,7,0.00245,0.00358
286.3,153,3,all_test,10,exercise congenitally blind right,7,0.00204,0.00204
286.3,153,3,gold_notes,1,none alcohol drink alcohol,1,0.00288,0.00288
286.3,153,3,gold_notes,2,sequela social social significant,1,0.00213,0.00213
286.3,153,3,gold_notes,3,melanoma situ excised year,1,0.00136,0.00136
255.0,157,3,all_test,1,disposition extended care facility,15,0.00242,0.00492
255.0,157,3,all_test,2,disp tablet refill disposition,11,0.00217,0.00346
255.0,157,3,all_test,3,drug reaction attending name3,10,0.0024,0.00321
255.0,157,3,all_test,4,tolerated procedure well post,9,0.00344,0.00526
255.0,157,3,all_test,5,hospital6 aged macu diagnosis,9,0.00261,0.00315
255.0,157,3,all_test,6,crystal refill disposition home,9,0.00208,0.00234
255.0,157,3,all_test,7,eomi conjunctiva pink pallor,9,0.00207,0.00257
255.0,157,3,all_test,8,extended care facility hospital6,9,0.00206,0.00245
255.0,157,3,all_test,9,major surgical invasive procedure,8,0.0033,0.00547
255.0,157,3,all_test,10,disposition home facility location,8,0.00223,0.00413
255.0,157,3,gold_notes,1,miconazole nitrate powder topical,1,0.00295,0.00295
255.0,157,3,gold_notes,2,healthcare location un diagnosis,1,0.00166,0.00166
255.0,157,3,gold_notes,3,diagnosis coronary artery disease,1,0.00153,0.00153
701.0,164,3,all_test,1,delayed release e c,137,0.00227,0.00731
701.0,164,3,all_test,2,tablet delayed release e,84,0.00232,0.00778
701.0,164,3,all_test,3,release e c sig,78,0.00213,0.0039
701.0,164,3,all_test,4,c sig tablet delayed,65,0.00223,0.00449
701.0,164,3,all_test,5,sig tablet delayed release,54,0.00259,0.00522
701.0,164,3,all_test,6,e c sig tablet,50,0.00229,0.00412
701.0,164,3,all_test,7,release e c po,47,0.00216,0.00343
701.0,164,3,all_test,8,major surgical invasive procedure,24,0.00277,0.00707
701.0,164,3,all_test,9,capsule delayed release e,21,0.00171,0.0024
701.0,164,3,all_test,10,mg capsule delayed release,19,0.00235,0.00478
701.0,164,3,gold_notes,1,removed operation received 7l,1,0.00353,0.00353
701.0,164,3,gold_notes,2,bka went well without,1,0.00262,0.00262
701.0,164,3,gold_notes,3,release e c po,1,0.00124,0.00124
157.8,165,3,all_test,1,tablet sig tablet po,52,0.00202,0.00425
157.8,165,3,all_test,2,sig tablet po daily,28,0.00192,0.00361
157.8,165,3,all_test,3,mg tablet sig tablet,24,0.00196,0.00344
157.8,165,3,all_test,4,tablet po daily daily,19,0.00172,0.0028
157.8,165,3,all_test,5,gently mild soap bath,18,0.00162,0.00239
157.8,165,3,all_test,6,capsule sig capsule po,16,0.00195,0.00332
157.8,165,3,all_test,7,sig two tablet po,14,0.00132,0.00196
157.8,165,3,all_test,8,tablet sig two tablet,12,0.00176,0.0028
157.8,165,3,all_test,9,ranitidine hcl mg tablet,11,0.00221,0.00233
157.8,165,3,all_test,10,condition mental status clear,11,0.00176,0.00272
157.8,165,3,gold_notes,1,daily daily docusate sodium,1,0.00258,0.00258
157.8,165,3,gold_notes,2,detailed increased disease burden,1,0.00195,0.00195
157.8,165,3,gold_notes,3,ercp suite micu resident,1,0.00118,0.00118
353.0,198,3,all_test,1,m2 day cycle bendamustine,14,0.00251,0.00334
353.0,198,3,all_test,2,mg tablet sig tablet,10,0.00758,0.01633
353.0,198,3,all_test,3,level consciousness alert interactive,10,0.00326,0.00566
353.0,198,3,all_test,4,left ventricular ejection fraction,8,0.00351,0.00503
353.0,198,3,all_test,5,non contributory physical exam,7,0.01147,0.06024
353.0,198,3,all_test,6,r tkr social life,7,0.00759,0.00759
353.0,198,3,all_test,7,inhaler home p ruptured,7,0.00584,0.00584
353.0,198,3,all_test,8,sig tablet po daily,7,0.00539,0.00678
353.0,198,3,all_test,9,repeat tte showed improvement,7,0.00325,0.00325
353.0,198,3,all_test,10,nad heent sclerae anciteric,7,0.00274,0.00274
353.0,198,3,gold_notes,1,vodka pack year tobacco,1,0.00544,0.00544
353.0,198,3,gold_notes,2,daily gabapentin mg tid,1,0.00336,0.00336
353.0,198,3,gold_notes,3,plexis injury left arm,1,0.00264,0.00264
519.2,202,3,all_test,1,nutritious food option high,18,0.00491,0.00752
519.2,202,3,all_test,2,major surgical invasive procedure,8,0.00725,0.01098
519.2,202,3,all_test,3,option high fiber lean,8,0.0028,0.0039
519.2,202,3,all_test,4,fall dvt l subclavian,7,0.00912,0.01127
519.2,202,3,all_test,5,rituxan cycle r chop,7,0.00691,0.00727
519.2,202,3,all_test,6,condition alert oriented x3,7,0.00603,0.01026
519.2,202,3,all_test,7,insufficient hypercalcemia smv thrombosis,7,0.00473,0.00473
519.2,202,3,all_test,8,relapse admitted persistent pain,7,0.00466,0.00466
519.2,202,3,all_test,9,recent lumbar puncture vps,7,0.00282,0.00282
519.2,202,3,all_test,10,med transfer unasyn 3g,7,0.00176,0.00176
519.2,202,3,gold_notes,1,tachycardia hypertension typically self,1,0.00319,0.00319
519.2,202,3,gold_notes,2,talon system along pectoral,1,0.00241,0.00241
519.2,202,3,gold_notes,3,ciwa pain medication abg,1,0.00215,0.00215
150.5,224,3,all_test,1,kale endive meat beef,8,0.00385,0.00439
150.5,224,3,all_test,2,confusion fainting blacking extreme,8,0.00217,0.00242
150.5,224,3,all_test,3,allogeneic transplant subsequent disease,7,0.00383,0.00383
150.5,224,3,all_test,4,splenomegaly htn stress neg,7,0.00381,0.00381
150.5,224,3,all_test,5,obesity possible tia cva,7,0.00319,0.00319
150.5,224,3,all_test,6,fcr enrolled protocol phase,7,0.00238,0.00261
150.5,224,3,all_test,7,lastname overweight 28yo gentleman,7,0.00185,0.00185
150.5,224,3,all_test,8,copd 2l home o2,6,0.00513,0.00513
150.5,224,3,all_test,9,biventricular icd hypertension hyperlipidemia,6,0.00409,0.00409
150.5,224,3,all_test,10,lvef markedly dilated aorta,6,0.00403,0.00403
150.5,224,3,gold_notes,1,diabetes mellitus cholecystectomy appendectomy,1,0.00449,0.00449
150.5,224,3,gold_notes,2,wine occasionally unremarkable non,1,0.00205,0.00205
150.5,224,3,gold_notes,3,mg tablet stitle tablet,1,0.00176,0.00176
747.69,226,3,all_test,1,notable absence chest pain,14,0.00299,0.00564
747.69,226,3,all_test,2,system notable absence chest,13,0.00317,0.0044
747.69,226,3,all_test,3,present illness year old,13,0.00316,0.00484
747.69,226,3,all_test,4,review system notable absence,13,0.00286,0.00577
747.69,226,3,all_test,5,absence chest pain dyspnea,12,0.004,0.00501
747.69,226,3,all_test,6,open label multiple dose,9,0.00356,0.00452
747.69,226,3,all_test,7,major surgical invasive procedure,8,0.00269,0.00378
747.69,226,3,all_test,8,known lastname year old,7,0.00525,0.00687
747.69,226,3,all_test,9,vac placement bronchoscopy endoscopy,7,0.00421,0.00421
747.69,226,3,all_test,10,procedure none present illness,7,0.00381,0.00426
747.69,226,3,gold_notes,1,duct common bile duct,1,0.00602,0.00602
747.69,226,3,gold_notes,2,nameis apartment address doctor,1,0.00328,0.00328
747.69,226,3,gold_notes,3,significant mucus retention mucus,1,0.00304,0.00304
704.8,256,3,all_test,1,delayed release e c,297,0.00546,0.02001
704.8,256,3,all_test,2,tablet delayed release e,211,0.0054,0.0164
704.8,256,3,all_test,3,release e c sig,158,0.00447,0.01035
704.8,256,3,all_test,4,sig tablet delayed release,115,0.0062,0.01323
704.8,256,3,all_test,5,c sig tablet delayed,114,0.00549,0.01231
704.8,256,3,all_test,6,e c sig tablet,97,0.00509,0.01256
704.8,256,3,all_test,7,release e c po,92,0.00543,0.01946
704.8,256,3,all_test,8,capsule delayed release e,78,0.00434,0.01025
704.8,256,3,all_test,9,mg tablet delayed release,53,0.00397,0.00598
704.8,256,3,all_test,10,e c po daily,49,0.00561,0.01429
704.8,256,3,gold_notes,1,sig two tablet delayed,1,0.00186,0.00186
704.8,256,3,gold_notes,2,improved extubated significant difficulty,1,0.00131,0.00131
704.8,256,3,gold_notes,3,l femur fracture hypotension,1,0.00118,0.00118
366.8,258,3,all_test,1,mg tablet sig tablet,13,0.0015,0.00212
366.8,258,3,all_test,2,tablet sig tablet po,13,0.0015,0.00246
366.8,258,3,all_test,3,confusion fainting blacking extreme,8,0.00128,0.00146
366.8,258,3,all_test,4,ck mb mb indx,7,0.00196,0.00459
366.8,258,3,all_test,5,wbc rbc hgb hct,7,0.00166,0.00297
366.8,258,3,all_test,6,function severely depressed lvef,7,0.0015,0.0015
366.8,258,3,all_test,7,mitral regurgitation seen pericardial,7,0.00141,0.00217
366.8,258,3,all_test,8,pca good effect also,7,0.00134,0.00134
366.8,258,3,all_test,9,micu bp hr rr,7,0.00123,0.00123
366.8,258,3,all_test,10,cta b cor rrr,7,0.00106,0.00106
366.8,258,3,gold_notes,1,episode diarrhea significant bleeding,1,0.00223,0.00223
366.8,258,3,gold_notes,2,recommended minimum week antibiotic,1,0.00115,0.00115
366.8,258,3,gold_notes,3,21am blood ck mb,1,0.00098,0.00098
349.89,272,3,all_test,1,tablet delayed release e,97,0.00651,0.01404
349.89,272,3,all_test,2,delayed release e c,87,0.00627,0.01545
349.89,272,3,all_test,3,e c sig tablet,71,0.00647,0.01807
349.89,272,3,all_test,4,release e c sig,67,0.00616,0.01366
349.89,272,3,all_test,5,sig tablet delayed release,54,0.00757,0.01357
349.89,272,3,all_test,6,c sig tablet delayed,53,0.00618,0.01205
349.89,272,3,all_test,7,release e c po,25,0.00688,0.01
349.89,272,3,all_test,8,capsule delayed release e,24,0.00472,0.00728
349.89,272,3,all_test,9,mg tablet delayed release,18,0.00601,0.00978
349.89,272,3,all_test,10,e c sig capsule,17,0.00445,0.00682
349.89,272,3,gold_notes,1,washed successfully closed also,1,0.01149,0.01149
349.89,272,3,gold_notes,2,back pain degenerative neurological,1,0.00886,0.00886
349.89,272,3,gold_notes,3,heart per report unable,1,0.00649,0.00649
331.5,303,3,all_test,1,delayed release e c,148,0.00326,0.00903
331.5,303,3,all_test,2,tablet delayed release e,107,0.00334,0.01179
331.5,303,3,all_test,3,release e c sig,100,0.00295,0.01279
331.5,303,3,all_test,4,sig tablet delayed release,74,0.00374,0.00804
331.5,303,3,all_test,5,c sig tablet delayed,64,0.00351,0.00627
331.5,303,3,all_test,6,e c sig tablet,59,0.00325,0.00624
331.5,303,3,all_test,7,mg tablet delayed release,41,0.00361,0.01098
331.5,303,3,all_test,8,release e c po,36,0.00342,0.00566
331.5,303,3,all_test,9,mg capsule delayed release,30,0.00262,0.00531
331.5,303,3,all_test,10,capsule delayed release e,30,0.00241,0.00449
331.5,303,3,gold_notes,1,tablet delayed release e,1,0.00194,0.00194
331.5,303,3,gold_notes,2,hx lad rca blockage,1,0.0017,0.0017
331.5,303,3,gold_notes,3,time anemia low platelet,1,0.00168,0.00168
255.8,306,3,all_test,1,delayed release e c,280,0.00373,0.01551
255.8,306,3,all_test,2,tablet delayed release e,200,0.00369,0.00886
255.8,306,3,all_test,3,release e c sig,148,0.00324,0.00842
255.8,306,3,all_test,4,sig tablet delayed release,133,0.00444,0.00948
255.8,306,3,all_test,5,c sig tablet delayed,98,0.00402,0.00885
255.8,306,3,all_test,6,e c sig tablet,96,0.00383,0.00801
255.8,306,3,all_test,7,release e c po,90,0.00381,0.00778
255.8,306,3,all_test,8,capsule delayed release e,80,0.00279,0.00714
255.8,306,3,all_test,9,mg tablet delayed release,64,0.00325,0.00688
255.8,306,3,all_test,10,e c sig capsule,55,0.0027,0.00563
255.8,306,3,gold_notes,1,aspergillosis pneumonia chronic voriconazole,2,0.00254,0.00266
255.8,306,3,gold_notes,2,improvement tachypnea however oxygenation,1,0.00165,0.00165
714.9,336,3,all_test,1,pain dyspnea exertion paroxysmal,17,0.00278,0.00581
714.9,336,3,all_test,2,delayed release e c,11,0.00186,0.00237
714.9,336,3,all_test,3,ef echo atrial fibrillation,7,0.00639,0.00706
714.9,336,3,all_test,4,recommended ercp rule cholangitis,7,0.00593,0.00593
714.9,336,3,all_test,5,cardiomyopathy repeat tte showed,7,0.00529,0.00529
714.9,336,3,all_test,6,cardiac review system notable,7,0.00275,0.00411
714.9,336,3,all_test,7,l r tkr social,7,0.00267,0.00267
714.9,336,3,all_test,8,paroxysmal nocturnal dyspnea orthopnea,7,0.00257,0.00355
714.9,336,3,all_test,9,changed dapto vre coverage,7,0.0018,0.0018
714.9,336,3,all_test,10,ef mild mr h,6,0.01099,0.01158
714.9,336,3,gold_notes,1,sbo oa m restrictive,1,0.00304,0.00304
714.9,336,3,gold_notes,2,stitle herpes labialis tmj,1,0.00266,0.00266
714.9,336,3,gold_notes,3,high grade sbo originally,1,0.00264,0.00264
519.8,338,3,all_test,1,cycle cytoxan rituxan cycle,11,0.00323,0.00349
519.8,338,3,all_test,2,ambulating steady gait incisional,10,0.00195,0.0021
519.8,338,3,all_test,3,alert oriented x3 nonfocal,9,0.00212,0.00425
519.8,338,3,all_test,4,healing well erythema drainage,8,0.00174,0.00199
519.8,338,3,all_test,5,obvious p wave noted,7,0.00274,0.00274
519.8,338,3,all_test,6,mental status associated tachycardia,7,0.00219,0.00219
519.8,338,3,all_test,7,pain managed oral analgesic,7,0.00176,0.0024
519.8,338,3,all_test,8,thrombosis severe splenomegaly ct,7,0.0014,0.0014
519.8,338,3,all_test,9,married life wife dog,7,0.00139,0.00139
519.8,338,3,all_test,10,enterostomy infarcted small bowel,6,0.00518,0.00518
519.8,338,3,gold_notes,1,intubated followed chest film,1,0.00259,0.00259
519.8,338,3,gold_notes,2,unit started tube feed,1,0.00178,0.00178
519.8,338,3,gold_notes,3,recent treatment community acquired,1,0.00174,0.00174
148.1,472,3,all_test,1,arrhythmia cardiomyopathy sudden cardiac,8,0.00332,0.00435
148.1,472,3,all_test,2,oriented x3 nonfocal ambulating,7,0.0204,0.02524
148.1,472,3,all_test,3,repeat tte showed improvement,7,0.01939,0.01939
148.1,472,3,all_test,4,arthritis knee p l,7,0.00927,0.00927
148.1,472,3,all_test,5,major surgical invasive procedure,7,0.00673,0.01547
148.1,472,3,all_test,6,nad heent sclerae anciteric,7,0.00534,0.00534
148.1,472,3,all_test,7,induced using inhaler home,7,0.0047,0.00471
148.1,472,3,all_test,8,dose dose escalation study,7,0.00394,0.00394
148.1,472,3,all_test,9,bicuspid aortic valve aortic,6,0.03491,0.03492
148.1,472,3,all_test,10,x2 since cns hemorrhage,6,0.02369,0.02369
148.1,472,3,gold_notes,1,variability left ventricular ejection,1,0.00718,0.00718
148.1,472,3,gold_notes,2,year retired navy currently,1,0.0042,0.0042
148.1,472,3,gold_notes,3,undergoing treatment piriform scc,1,0.00255,0.00255
337.3,13,2,all_test,1,present illness year old,9,0.00841,0.01513
337.3,13,2,all_test,2,major surgical invasive procedure,9,0.00521,0.00943
337.3,13,2,all_test,3,dyspnea exertion paroxysmal nocturnal,9,0.00327,0.00367
337.3,13,2,all_test,4,exploratory laparotomy small bowel,8,0.01169,0.01202
337.3,13,2,all_test,5,insufficient hypercalcemia smv thrombosis,7,0.00774,0.00774
337.3,13,2,all_test,6,illness year old male,7,0.0069,0.00853
337.3,13,2,all_test,7,location un deal biomedical,7,0.0066,0.00778
337.3,13,2,all_test,8,clear coherent level consciousness,7,0.0037,0.00589
337.3,13,2,all_test,9,status post dli subsequent,7,0.00342,0.00342
337.3,13,2,all_test,10,fluid collection pseudocyst peripancreatic,7,0.00331,0.00331
337.3,13,2,gold_notes,1,status vegetative state baseline,1,0.00318,0.00318
337.3,13,2,gold_notes,2,including esbl e coli,1,0.00224,0.00224
569.82,31,2,all_test,1,performed obvious p wave,7,0.00499,0.00499
569.82,31,2,all_test,2,hospitalization fall dvt l,7,0.00475,0.00653
569.82,31,2,all_test,3,infectious pachymeningitis cannot excluded,7,0.00247,0.00247
569.82,31,2,all_test,4,status waxing doctor duration,7,0.00174,0.00174
569.82,31,2,all_test,5,transfer unasyn 3g iv,7,0.00166,0.00166
569.82,31,2,all_test,6,non contributory physical exam,7,0.00161,0.00192
569.82,31,2,all_test,7,tach also became lethargic,6,0.00411,0.00411
569.82,31,2,all_test,8,instruction understanding verbalized agreement,6,0.00325,0.00325
569.82,31,2,all_test,9,without radiation ameliorating exacerbating,6,0.00318,0.00318
569.82,31,2,all_test,10,antigen cell comprise lymphoid,6,0.00313,0.00313
569.82,31,2,gold_notes,1,labetalol prior recommend nifedipine,1,0.00185,0.00185
569.82,31,2,gold_notes,2,parsley kale endive meat,1,0.00182,0.00182
286.4,46,2,all_test,1,known lastname year old,10,0.00319,0.00494
286.4,46,2,all_test,2,summer developed evidence relapse,7,0.00388,0.00388
286.4,46,2,all_test,3,cycle fcr enrolled protocol,7,0.00267,0.00276
286.4,46,2,all_test,4,hypercalcemia smv thrombosis hepatic,7,0.00186,0.00186
286.4,46,2,all_test,5,reduced intensity mud allo,7,0.00181,0.00181
286.4,46,2,all_test,6,none supplement take testosterone,7,0.00118,0.00118
286.4,46,2,all_test,7,beat ventricular tachycardia digoxin,6,0.00427,0.00427
286.4,46,2,all_test,8,nsvt 170s alternating sinus,6,0.00416,0.00416
286.4,46,2,all_test,9,chf ef report p,6,0.00359,0.00359
286.4,46,2,all_test,10,major surgical invasive procedure,6,0.00303,0.00436
286.4,46,2,gold_notes,1,scratching right thigh menstrual,1,0.00333,0.00333
286.4,46,2,gold_notes,2,name4 namepattern1 namepattern1 factor,1,0.00227,0.00227
588.1,56,2,all_test,1,incision sternal healing well,8,0.00193,0.00377
588.1,56,2,all_test,2,fax time completed,8,0.0019,0.00236
588.1,56,2,all_test,3,healing well erythema drainage,8,0.00177,0.00276
588.1,56,2,all_test,4,md number completed,7,0.00206,0.00227
588.1,56,2,all_test,5,po q6h every hour,7,0.00163,0.00168
588.1,56,2,all_test,6,hip left shoulder p,7,0.00151,0.00151
588.1,56,2,all_test,7,placement w resolution sx,7,0.00145,0.00145
588.1,56,2,all_test,8,hospital1 time needed back,7,0.00119,0.00119
588.1,56,2,all_test,9,micu bp hr rr,7,0.00111,0.00111
588.1,56,2,all_test,10,every hour needed pain,6,0.00373,0.00423
588.1,56,2,gold_notes,1,hour urine osms serum,1,0.00358,0.00358
588.1,56,2,gold_notes,2,nephrogenic di na rose,1,0.00303,0.00303
447.6,60,2,all_test,1,delayed release e c,211,0.00226,0.00495
447.6,60,2,all_test,2,release e c sig,139,0.00225,0.00496
447.6,60,2,all_test,3,tablet delayed release e,138,0.00228,0.00834
447.6,60,2,all_test,4,sig tablet delayed release,94,0.00263,0.00593
447.6,60,2,all_test,5,e c sig tablet,88,0.00219,0.00401
447.6,60,2,all_test,6,c sig tablet delayed,67,0.00246,0.0053
447.6,60,2,all_test,7,capsule delayed release e,62,0.00181,0.00299
447.6,60,2,all_test,8,release e c po,50,0.00222,0.00387
447.6,60,2,all_test,9,mg tablet delayed release,46,0.00198,0.00327
447.6,60,2,all_test,10,e c sig capsule,35,0.00184,0.00313
447.6,60,2,gold_notes,1,c sig capsule delayed,1,0.00246,0.00246
447.6,60,2,gold_notes,2,receiving high dose steroid,1,0.00221,0.00221
257.2,72,2,all_test,1,md md number,13,0.00259,0.00551
257.2,72,2,all_test,2,md number completed,13,0.00206,0.00414
257.2,72,2,all_test,3,oriented x3 nonfocal ambulating,10,0.00128,0.00228
257.2,72,2,all_test,4,headache controlled pain medication,9,0.00308,0.00351
257.2,72,2,all_test,5,condition alert oriented x3,9,0.00156,0.00204
257.2,72,2,all_test,6,alert interactive activity status,9,0.00156,0.00188
257.2,72,2,all_test,7,alert oriented x3 nonfocal,9,0.00131,0.00162
257.2,72,2,all_test,8,p removal age injury,9,0.0012,0.00127
257.2,72,2,all_test,9,year smoking quit smoking,8,0.00136,0.00172
257.2,72,2,all_test,10,retired ex smoker quit,7,0.00156,0.00156
257.2,72,2,gold_notes,1,current tobacco alcohol drug,1,0.00253,0.00253
257.2,72,2,gold_notes,2,remember head strike fall,1,0.00103,0.00103
318.2,97,2,all_test,1,major surgical invasive procedure,10,0.01544,0.05062
318.2,97,2,all_test,2,small bowel small bowel,7,0.04744,0.04744
318.2,97,2,all_test,3,transferred floor seen surgery,7,0.0294,0.0294
318.2,97,2,all_test,4,dli subsequent achievement complete,7,0.00722,0.00722
318.2,97,2,all_test,5,induced using inhaler home,7,0.00484,0.00485
318.2,97,2,all_test,6,underwent exploratory laparotomy small,6,0.04614,0.04614
318.2,97,2,all_test,7,resolution pancreas mass however,6,0.02959,0.02959
318.2,97,2,all_test,8,embolism month pe known,6,0.02398,0.02398
318.2,97,2,all_test,9,exploratory laparotomy repeated small,6,0.02301,0.02301
318.2,97,2,all_test,10,initiated underwent exploratory laparotomy,6,0.01802,0.01802
318.2,97,2,gold_notes,1,temporary halt forward motion,1,0.00848,0.00848
318.2,97,2,gold_notes,2,hospitalized abdominal distension poor,1,0.00762,0.00762
746.3,107,2,all_test,1,open label multiple dose,15,0.01488,0.01742
746.3,107,2,all_test,2,post radical prostatectomy dr,9,0.00915,0.00934
746.3,107,2,all_test,3,least paternal aunt breast,7,0.00544,0.00544
746.3,107,2,all_test,4,present illness year old,7,0.00496,0.00653
746.3,107,2,all_test,5,car walk block limited,7,0.00486,0.00486
746.3,107,2,all_test,6,social life wife child,7,0.00428,0.00428
746.3,107,2,all_test,7,exam v telephone fax,7,0.00172,0.00172
746.3,107,2,all_test,8,social pack year tobacco,6,0.01891,0.01892
746.3,107,2,all_test,9,p c section x2,6,0.01277,0.01277
746.3,107,2,all_test,10,basal squamous cell carcinoma,6,0.01109,0.01199
746.3,107,2,gold_notes,1,resection diffuculty intubation due,1,0.01163,0.01163
746.3,107,2,gold_notes,2,thyroid nodule seasonal allergic,1,0.00519,0.00519
567.89,115,2,all_test,1,delayed release e c,296,0.00483,0.01277
567.89,115,2,all_test,2,tablet delayed release e,224,0.00521,0.01615
567.89,115,2,all_test,3,release e c sig,170,0.00422,0.01218
567.89,115,2,all_test,4,c sig tablet delayed,112,0.00521,0.01138
567.89,115,2,all_test,5,release e c po,102,0.00631,0.01786
567.89,115,2,all_test,6,sig tablet delayed release,100,0.00629,0.01517
567.89,115,2,all_test,7,e c sig tablet,96,0.00499,0.01091
567.89,115,2,all_test,8,capsule delayed release e,81,0.00388,0.01004
567.89,115,2,all_test,9,mg tablet delayed release,59,0.00378,0.00513
567.89,115,2,all_test,10,e c po daily,55,0.00552,0.01301
567.89,115,2,gold_notes,1,present acute abdominal pain,1,0.00651,0.00651
567.89,115,2,gold_notes,2,tablet delayed release e,1,0.00327,0.00327
237.5,126,2,all_test,1,tolerated procedure well post,10,0.0129,0.01816
237.5,126,2,all_test,2,perforated small bowel small,7,0.01652,0.01652
237.5,126,2,all_test,3,procedure well post operatively,7,0.01243,0.01825
237.5,126,2,all_test,4,operatively transferred cvicu stable,7,0.01196,0.02279
237.5,126,2,all_test,5,developed evidence relapse received,7,0.01126,0.01126
237.5,126,2,all_test,6,well post operatively transferred,7,0.00824,0.01543
237.5,126,2,all_test,7,sct normal pressure hydrocephalus,7,0.00477,0.00477
237.5,126,2,all_test,8,bile unable cannulated also,7,0.00291,0.00291
237.5,126,2,all_test,9,aorta referred cardiac catheterization,6,0.03917,0.03917
237.5,126,2,all_test,10,exploratory laparotomy small bowel,6,0.03157,0.03157
237.5,126,2,gold_notes,1,regional variation anterior septum,1,0.00572,0.00572
237.5,126,2,gold_notes,2,pulmonary embolus distal left,1,0.00365,0.00365
251.1,130,2,all_test,1,mg tablet sig tablet,17,0.00239,0.00575
251.1,130,2,all_test,2,tablet sig tablet po,13,0.00158,0.00243
251.1,130,2,all_test,3,sig tablet po daily,13,0.00156,0.00244
251.1,130,2,all_test,4,mg tablet sig two,11,0.00207,0.00322
251.1,130,2,all_test,5,vasopressor support beta blocker,9,0.00134,0.00179
251.1,130,2,all_test,6,tablet po daily daily,8,0.0019,0.00249
251.1,130,2,all_test,7,support beta blocker initiated,7,0.00173,0.00257
251.1,130,2,all_test,8,treated briefly azacitidine vidaza,7,0.00158,0.00158
251.1,130,2,all_test,9,beta blocker initiated gently,7,0.0015,0.0018
251.1,130,2,all_test,10,noted svt atrial tachycardia,7,0.00147,0.00147
251.1,130,2,gold_notes,1,out proinsulin c peptide,1,0.00141,0.00141
251.1,130,2,gold_notes,2,encephalopathy lfts increased bili,1,0.00132,0.00132
336.0,143,2,all_test,1,mg m2 day cycle,14,0.02602,0.0341
336.0,143,2,all_test,2,developed evidence relapse received,7,0.02045,0.02045
336.0,143,2,all_test,3,shock liver probable dic,7,0.01878,0.01879
336.0,143,2,all_test,4,perforated small bowel small,7,0.01716,0.01716
336.0,143,2,all_test,5,medical unit transferred floor,7,0.01655,0.01655
336.0,143,2,all_test,6,cardiomyopathy sudden cardiac death,7,0.00561,0.00682
336.0,143,2,all_test,7,catheterization surgical evaluation medical,6,0.0709,0.0709
336.0,143,2,all_test,8,valve aortic insufficiency dilated,6,0.06453,0.08134
336.0,143,2,all_test,9,beat ventricular tachycardia digoxin,6,0.05088,0.05088
336.0,143,2,all_test,10,lactate increasing coags decreasing,6,0.04024,0.04025
336.0,143,2,gold_notes,1,dural graft tolerated procedure,1,0.0053,0.0053
336.0,143,2,gold_notes,2,smoking denies ilicits denies,1,0.0031,0.0031
750.3,144,2,all_test,1,icd hypertension hyperlipidemia paroxysmal,8,0.00605,0.0067
750.3,144,2,all_test,2,bicuspid aortic valve aortic,7,0.02018,0.02243
750.3,144,2,all_test,3,r tkr social life,7,0.01101,0.01101
750.3,144,2,all_test,4,wife grown child involved,7,0.00661,0.00898
750.3,144,2,all_test,5,induced using inhaler home,7,0.00428,0.00428
750.3,144,2,all_test,6,nad heent sclerae anciteric,7,0.004,0.004
750.3,144,2,all_test,7,repeat tte showed improvement,7,0.00304,0.00304
750.3,144,2,all_test,8,aortic insufficiency dilated ascending,6,0.03157,0.03448
750.3,144,2,all_test,9,referred cardiac catheterization surgical,6,0.02886,0.02886
750.3,144,2,all_test,10,tah bso fibroid social,6,0.02028,0.03199
750.3,144,2,gold_notes,1,tonsillectomy post op ileus,1,0.00524,0.00524
750.3,144,2,gold_notes,2,congenital cervical fusion absent,1,0.00286,0.00286
62.3,152,2,all_test,1,tablet delayed release e,54,0.00504,0.00795
62.3,152,2,all_test,2,delayed release e c,53,0.00504,0.00909
62.3,152,2,all_test,3,release e c sig,27,0.00542,0.01209
62.3,152,2,all_test,4,sig tablet delayed release,25,0.00499,0.00716
62.3,152,2,all_test,5,e c sig tablet,23,0.00611,0.01287
62.3,152,2,all_test,6,present illness year old,19,0.01015,0.02235
62.3,152,2,all_test,7,c sig tablet delayed,18,0.00555,0.00804
62.3,152,2,all_test,8,known lastname year old,10,0.01315,0.0294
62.3,152,2,all_test,9,mg tablet delayed release,10,0.00455,0.00881
62.3,152,2,all_test,10,illness year old male,9,0.00701,0.00968
62.3,152,2,gold_notes,1,abdomen exploratory laparotomy partial,1,0.01333,0.01333
62.3,152,2,gold_notes,2,hernia left testicular spermatic,1,0.00706,0.00706
161.8,169,2,all_test,1,delayed release e c,192,0.02528,0.05552
161.8,169,2,all_test,2,tablet delayed release e,164,0.02821,0.05242
161.8,169,2,all_test,3,release e c sig,119,0.02437,0.05328
161.8,169,2,all_test,4,c sig tablet delayed,95,0.02977,0.06198
161.8,169,2,all_test,5,sig tablet delayed release,93,0.03398,0.05367
161.8,169,2,all_test,6,e c sig tablet,73,0.03231,0.06034
161.8,169,2,all_test,7,release e c po,43,0.03381,0.05512
161.8,169,2,all_test,8,capsule delayed release e,42,0.02427,0.05212
161.8,169,2,all_test,9,mg tablet delayed release,35,0.02084,0.04979
161.8,169,2,all_test,10,e c sig capsule,31,0.02042,0.03659
161.8,169,2,gold_notes,1,soon referred ent since,1,0.00625,0.00625
161.8,169,2,gold_notes,2,bibasilar consolidation seen dependently,1,0.00529,0.00529
156.2,188,2,all_test,1,mg tablet sig tablet,33,0.00229,0.0047
156.2,188,2,all_test,2,tablet sig tablet po,20,0.00227,0.0075
156.2,188,2,all_test,3,tablet po daily daily,12,0.00202,0.00392
156.2,188,2,all_test,4,cardiomyopathy sudden cardiac death,11,0.00168,0.00191
156.2,188,2,all_test,5,experience confusion fainting blacking,10,0.00237,0.00269
156.2,188,2,all_test,6,sig tablet po daily,9,0.0021,0.00333
156.2,188,2,all_test,7,arrhythmia cardiomyopathy sudden cardiac,9,0.00179,0.00262
156.2,188,2,all_test,8,mg tablet delayed release,8,0.00132,0.0016
156.2,188,2,all_test,9,tte showed improvement ef,7,0.0055,0.0055
156.2,188,2,all_test,10,coverage bactrim added pcp,7,0.00265,0.00265
156.2,188,2,gold_notes,1,flagyl fluconazole dialysis catheter,1,0.00154,0.00154
156.2,188,2,gold_notes,2,abnormality pneumothorax pleural effusion,1,0.00114,0.00114
288.4,190,2,all_test,1,delayed release e c,245,0.01259,0.03205
288.4,190,2,all_test,2,tablet delayed release e,225,0.01364,0.03279
288.4,190,2,all_test,3,release e c sig,177,0.01097,0.03395
288.4,190,2,all_test,4,sig tablet delayed release,132,0.01673,0.041
288.4,190,2,all_test,5,e c sig tablet,114,0.01374,0.03253
288.4,190,2,all_test,6,c sig tablet delayed,105,0.0135,0.03861
288.4,190,2,all_test,7,capsule delayed release e,96,0.01001,0.02877
288.4,190,2,all_test,8,release e c po,58,0.01381,0.02905
288.4,190,2,all_test,9,mg tablet delayed release,51,0.00876,0.02762
288.4,190,2,all_test,10,mg capsule delayed release,48,0.00904,0.02343
288.4,190,2,gold_notes,1,oliguric renal failure complicated,1,0.00204,0.00204
288.4,190,2,gold_notes,2,left ankle left shoulder,1,0.00115,0.00115
368.8,196,2,all_test,1,major surgical invasive procedure,17,0.00215,0.00363
368.8,196,2,all_test,2,tablet sig tablet po,8,0.00186,0.00386
368.8,196,2,all_test,3,seen surgery recommended ercp,7,0.00324,0.00324
368.8,196,2,all_test,4,mg tablet sig tablet,7,0.00295,0.0035
368.8,196,2,all_test,5,bendamustine rituxan cycle bendamustine,7,0.0021,0.0025
368.8,196,2,all_test,6,orthopnea ankle edema palpitation,7,0.00187,0.00336
368.8,196,2,all_test,7,present illness year old,7,0.00184,0.00269
368.8,196,2,all_test,8,p w several non,7,0.00179,0.00179
368.8,196,2,all_test,9,dyspnea orthopnea ankle edema,7,0.00168,0.00219
368.8,196,2,all_test,10,cva resolution eye position,7,0.0014,0.0014
368.8,196,2,gold_notes,1,scheduled bilateral lower extremity,1,0.00208,0.00208
368.8,196,2,gold_notes,2,steroid could also represent,1,0.00186,0.00186
281.0,197,2,all_test,1,tablet delayed release e,190,0.0021,0.0042
281.0,197,2,all_test,2,delayed release e c,170,0.00214,0.00714
281.0,197,2,all_test,3,e c sig tablet,95,0.00209,0.00412
281.0,197,2,all_test,4,release e c sig,90,0.00209,0.00395
281.0,197,2,all_test,5,c sig tablet delayed,84,0.00236,0.00332
281.0,197,2,all_test,6,sig tablet delayed release,83,0.0022,0.00504
281.0,197,2,all_test,7,mg tablet delayed release,62,0.00176,0.00387
281.0,197,2,all_test,8,tablet po daily daily,53,0.00197,0.00384
281.0,197,2,all_test,9,capsule delayed release e,49,0.00194,0.00315
281.0,197,2,all_test,10,mg tablet sig tablet,40,0.00185,0.00487
281.0,197,2,gold_notes,1,dm insulin dependent gastroesophageal,1,0.00548,0.00548
281.0,197,2,gold_notes,2,anemia social married primary,1,0.00354,0.00354
482.84,201,2,all_test,1,disposition extended care facility,11,0.0018,0.00232
482.84,201,2,all_test,2,f neurosurgery allergy known,9,0.00352,0.00454
482.84,201,2,all_test,3,major surgical invasive procedure,9,0.00242,0.00294
482.84,201,2,all_test,4,reaction attending name3 lf,8,0.00162,0.00336
482.84,201,2,all_test,5,ileus gi consulted management,7,0.00348,0.00348
482.84,201,2,all_test,6,extended care facility healthcare,7,0.00268,0.00308
482.84,201,2,all_test,7,healing well erythema drainage,7,0.00198,0.00221
482.84,201,2,all_test,8,relapsed acute leukemia karyotype,7,0.00194,0.00194
482.84,201,2,all_test,9,extended care facility hospital6,7,0.00182,0.00246
482.84,201,2,all_test,10,dirbili indbili 05am blood,7,0.00178,0.00178
482.84,201,2,gold_notes,1,malaise fever chill found,1,0.00248,0.00248
482.84,201,2,gold_notes,2,id consulted recommended treating,1,0.00212,0.00212
753.3,203,2,all_test,1,prostatectomy dr stitle biochemical,9,0.00394,0.00519
753.3,203,2,all_test,2,non contributory physical exam,8,0.00458,0.00623
753.3,203,2,all_test,3,2nd cycle fcr enrolled,8,0.00449,0.0052
753.3,203,2,all_test,4,grown child involved pack,8,0.00329,0.00385
753.3,203,2,all_test,5,tachucardia paroxysmal atrial tachycardia,7,0.00379,0.00379
753.3,203,2,all_test,6,cycle fcr enrolled protocol,7,0.00352,0.00362
753.3,203,2,all_test,7,social life wife child,7,0.00341,0.00341
753.3,203,2,all_test,8,block limited withlow back,7,0.00297,0.00297
753.3,203,2,all_test,9,oriented x3 nonfocal ambulating,7,0.00294,0.00458
753.3,203,2,all_test,10,manager married child grandchild,7,0.00267,0.00283
753.3,203,2,gold_notes,1,life group home seen,1,0.00602,0.00602
753.3,203,2,gold_notes,2,levotyroxine 150mcg daily alprazolam,1,0.00235,0.00235
191.2,209,2,all_test,1,present illness year old,30,0.00837,0.02005
191.2,209,2,all_test,2,bendamustine mg m2 day,14,0.008,0.00987
191.2,209,2,all_test,3,repeat tte showed improvement,7,0.01019,0.01019
191.2,209,2,all_test,4,insufficient hypercalcemia smv thrombosis,7,0.00886,0.00886
191.2,209,2,all_test,5,illness mr known lastname,7,0.00466,0.0118
191.2,209,2,all_test,6,transfusion due multiple transfusion,7,0.00389,0.0039
191.2,209,2,all_test,7,mr known lastname overweight,7,0.00382,0.00382
191.2,209,2,all_test,8,exploratory laparotomy small bowel,6,0.02614,0.02614
191.2,209,2,all_test,9,exploratory laparotomy bedside dr,6,0.01113,0.01113
191.2,209,2,all_test,10,mr known lastname year,6,0.00893,0.01581
191.2,209,2,gold_notes,1,glioma right temporal region,1,0.00269,0.00269
191.2,209,2,gold_notes,2,miscellaneous qac disp syrinx,1,0.00266,0.00266
256.4,218,2,all_test,1,delayed release e c,21,0.00229,0.00306
256.4,218,2,all_test,2,manager retired married wife,10,0.00361,0.00681
256.4,218,2,all_test,3,cycle bendamustine mg m2,10,0.00357,0.0043
256.4,218,2,all_test,4,release e c sig,9,0.00269,0.00385
256.4,218,2,all_test,5,e c sig tablet,8,0.00265,0.0036
256.4,218,2,all_test,6,relapse received induction chemotherapy,7,0.00585,0.00585
256.4,218,2,all_test,7,rhinitis arthritis knee p,7,0.00527,0.00527
256.4,218,2,all_test,8,ventricular ejection fraction due,7,0.00429,0.00463
256.4,218,2,all_test,9,electively admitted allo sct,7,0.00377,0.00377
256.4,218,2,all_test,10,mi arrhythmia cardiomyopathy sudden,7,0.00318,0.00375
256.4,218,2,gold_notes,1,tachycardia svt aberrency vt,1,0.01318,0.01318
256.4,218,2,gold_notes,2,eovist ensure stability small,1,0.00366,0.00366
709.01,223,2,all_test,1,bendamustine mg m2 day,10,0.00531,0.00648
709.01,223,2,all_test,2,dyspnea exertion paroxysmal nocturnal,9,0.00212,0.00312
709.01,223,2,all_test,3,major surgical invasive procedure,8,0.00261,0.00511
709.01,223,2,all_test,4,seen surgery recommended ercp,7,0.00743,0.00743
709.01,223,2,all_test,5,induced cardiomyopathy repeat tte,7,0.00396,0.00396
709.01,223,2,all_test,6,pmh notable alcoholic cirrhosis,7,0.00189,0.00189
709.01,223,2,all_test,7,initially electively admitted allo,7,0.0018,0.0018
709.01,223,2,all_test,8,image showed complete resolution,6,0.01295,0.01295
709.01,223,2,all_test,9,cardiomyopathy lvef markedly dilated,6,0.01036,0.01036
709.01,223,2,all_test,10,ventricular tachycardia digoxin level,6,0.00592,0.00592
709.01,223,2,gold_notes,1,compartment syndrome major surgical,1,0.00324,0.00324
709.01,223,2,gold_notes,2,memory deficit p laser,1,0.00305,0.00305
378.87,230,2,all_test,1,major surgical invasive procedure,33,0.0028,0.00812
378.87,230,2,all_test,2,sig tablet delayed release,18,0.00216,0.00267
378.87,230,2,all_test,3,absence chest pain dyspnea,13,0.00377,0.00499
378.87,230,2,all_test,4,release e c sig,13,0.00238,0.00287
378.87,230,2,all_test,5,chest pain major surgical,12,0.00248,0.00363
378.87,230,2,all_test,6,tablet delayed release e,11,0.00193,0.00259
378.87,230,2,all_test,7,mg m2 day cycle,10,0.00505,0.00617
378.87,230,2,all_test,8,delayed release e c,10,0.00264,0.00298
378.87,230,2,all_test,9,c sig tablet delayed,10,0.00196,0.00229
378.87,230,2,all_test,10,notable absence chest pain,9,0.00302,0.00465
378.87,230,2,gold_notes,1,non compliant cpap p,1,0.00327,0.00327
378.87,230,2,gold_notes,2,lf transferred ards major,1,0.00222,0.00222
478.25,242,2,all_test,1,bendamustine mg m2 day,10,0.03699,0.04192
478.25,242,2,all_test,2,laparotomy small bowel resection,9,0.01491,0.01701
478.25,242,2,all_test,3,cardiomyopathy repeat tte showed,7,0.03627,0.03627
478.25,242,2,all_test,4,variability left ventricular ejection,7,0.01686,0.01768
478.25,242,2,all_test,5,hypercalcemia smv thrombosis hepatic,7,0.00926,0.00926
478.25,242,2,all_test,6,illness year old female,7,0.0071,0.01019
478.25,242,2,all_test,7,developed episode altered mental,7,0.00411,0.00411
478.25,242,2,all_test,8,pseudocyst peripancreatic fluid consistent,7,0.00333,0.00333
478.25,242,2,all_test,9,ventricular tachycardia digoxin level,6,0.06315,0.06315
478.25,242,2,all_test,10,ef mild mr h,6,0.04631,0.06064
478.25,242,2,gold_notes,1,ckd diabetic nephropathy copd,1,0.00632,0.00632
478.25,242,2,gold_notes,2,married currently smoking cigarette,1,0.00288,0.00288
451.89,250,2,all_test,1,worsening headache controlled pain,38,0.00254,0.00414
451.89,250,2,all_test,2,x heent perrla x,22,0.00166,0.00252
451.89,250,2,all_test,3,mouth rapid heartbeat feeling,18,0.0015,0.00271
451.89,250,2,all_test,4,appetite appetite return time,17,0.00177,0.00294
451.89,250,2,all_test,5,heent perrla x eomi,14,0.00152,0.00207
451.89,250,2,all_test,6,x eomi x neck,14,0.0013,0.00184
451.89,250,2,all_test,7,eomi x neck supple,13,0.00138,0.00213
451.89,250,2,all_test,8,perrla x eomi x,12,0.00143,0.00222
451.89,250,2,all_test,9,dry mouth rapid heartbeat,11,0.00134,0.00157
451.89,250,2,all_test,10,major surgical invasive procedure,10,0.00178,0.00217
451.89,250,2,gold_notes,1,hospital1 state currently working,1,0.00147,0.00147
451.89,250,2,gold_notes,2,po please take 3mg,1,0.00127,0.00127
753.10,252,2,all_test,1,delayed release e c,258,0.00154,0.00549
753.10,252,2,all_test,2,release e c sig,219,0.00148,0.00317
753.10,252,2,all_test,3,tablet delayed release e,189,0.00148,0.00308
753.10,252,2,all_test,4,sig tablet delayed release,134,0.00159,0.00294
753.10,252,2,all_test,5,c sig tablet delayed,113,0.00165,0.00371
753.10,252,2,all_test,6,e c sig tablet,108,0.00161,0.00334
753.10,252,2,all_test,7,release e c po,87,0.00151,0.00306
753.10,252,2,all_test,8,mg tablet delayed release,73,0.00153,0.00344
753.10,252,2,all_test,9,capsule delayed release e,66,0.00143,0.00247
753.10,252,2,all_test,10,medicine allergy recorded known,63,0.0016,0.00274
753.10,252,2,gold_notes,1,sig tablet delayed release,1,0.00133,0.00133
753.10,252,2,gold_notes,2,lisinopril mg tablet sig,1,0.00094,0.00094
251.5,268,2,all_test,1,illness year old male,9,0.00546,0.00824
251.5,268,2,all_test,2,phase open label multiple,7,0.00445,0.00481
251.5,268,2,all_test,3,disorder normal pressure hydrocephalus,7,0.00362,0.00362
251.5,268,2,all_test,4,paternal aunt breast cancer,7,0.0036,0.0036
251.5,268,2,all_test,5,arthritis knee p l,7,0.00305,0.00305
251.5,268,2,all_test,6,28yo gentleman initially presented,7,0.00153,0.00153
251.5,268,2,all_test,7,ccy social pack year,6,0.01304,0.01304
251.5,268,2,all_test,8,p pt hx nephrolithiasis,6,0.00656,0.00656
251.5,268,2,all_test,9,abdominal aortic aneurysm vulvar,6,0.0064,0.0064
251.5,268,2,all_test,10,post radical prostatectomy dr,6,0.00518,0.00518
251.5,268,2,gold_notes,1,duodenal ulcer perforation surgical,1,0.00341,0.00341
251.5,268,2,gold_notes,2,migraine headache migraine tremor,1,0.00326,0.00326
447.4,276,2,all_test,1,vision blurring double vision,12,0.00342,0.00408
447.4,276,2,all_test,2,appl topical qid time,8,0.00612,0.00933
447.4,276,2,all_test,3,line tubing becomes damaged,8,0.00443,0.00466
447.4,276,2,all_test,4,performed obvious p wave,7,0.00913,0.00913
447.4,276,2,all_test,5,episode altered mental status,7,0.00488,0.00488
447.4,276,2,all_test,6,rbc hgb hct mcv,7,0.00425,0.0054
447.4,276,2,all_test,7,transferred cvicu stable condition,7,0.00255,0.00268
447.4,276,2,all_test,8,med transfer unasyn 3g,7,0.00186,0.00186
447.4,276,2,all_test,9,mental status waxing doctor,7,0.00175,0.00175
447.4,276,2,all_test,10,170s alternating sinus tach,6,0.01412,0.01412
447.4,276,2,gold_notes,1,change bleed anemia thromobcytopenia,1,0.00315,0.00315
447.4,276,2,gold_notes,2,pain diarrhea melena vascular,1,0.00264,0.00264
211.5,289,2,all_test,1,non contributory physical exam,11,0.0035,0.00418
211.5,289,2,all_test,2,release e c sig,9,0.00216,0.00274
211.5,289,2,all_test,3,l r tkr social,7,0.00812,0.00812
211.5,289,2,all_test,4,aberrant antigen cell comprise,7,0.00468,0.00482
211.5,289,2,all_test,5,pressure hydrocephalus cad htn,7,0.00359,0.00359
211.5,289,2,all_test,6,remission complicated neutropenic fever,7,0.00212,0.00212
211.5,289,2,all_test,7,acute renal failure requiring,7,0.00127,0.00127
211.5,289,2,all_test,8,aorta referred cardiac catheterization,6,0.0274,0.0274
211.5,289,2,all_test,9,icd hypertension hyperlipidemia paroxysmal,6,0.0152,0.0152
211.5,289,2,all_test,10,normal global regional biventricular,6,0.00782,0.00944
211.5,289,2,gold_notes,1,child involved pack year,1,0.00427,0.00427
211.5,289,2,gold_notes,2,sig two tablet delayed,1,0.00288,0.00288
698.8,299,2,all_test,1,pain dyspnea exertion paroxysmal,14,0.00163,0.00247
698.8,299,2,all_test,2,positive squamous cell carcinoma,9,0.0047,0.00502
698.8,299,2,all_test,3,assistance pain well controlled,8,0.00278,0.00299
698.8,299,2,all_test,4,voriconazole kyperkalemia un secondary,7,0.00251,0.00269
698.8,299,2,all_test,5,ambisome place voriconazole positive,7,0.0019,0.0019
698.8,299,2,all_test,6,hepatic artery anastomotic location,7,0.00176,0.00176
698.8,299,2,all_test,7,within normal limit encouraged,7,0.00123,0.00123
698.8,299,2,all_test,8,feel fine significant change,7,0.00122,0.00122
698.8,299,2,all_test,9,receiving high dose steroid,6,0.00522,0.00522
698.8,299,2,all_test,10,teaching follow instruction understanding,6,0.0035,0.00424
698.8,299,2,gold_notes,1,adrenal nodule cm thyroid,1,0.00359,0.00359
698.8,299,2,gold_notes,2,decadron 10mg received premedication,1,0.00343,0.00343
299.00,307,2,all_test,1,tablet sig tablet po,9,0.00901,0.01531
299.00,307,2,all_test,2,tablet delayed release e,9,0.00507,0.00663
299.00,307,2,all_test,3,syndrome pernicious anemia social,8,0.01536,0.01776
299.00,307,2,all_test,4,subsequent disease recurrence status,7,0.03577,0.03577
299.00,307,2,all_test,5,arthritis knee p l,7,0.01361,0.01361
299.00,307,2,all_test,6,collection pseudocyst peripancreatic fluid,7,0.00729,0.00729
299.00,307,2,all_test,7,cold induced using inhaler,7,0.00701,0.00701
299.00,307,2,all_test,8,arrhythmia cardiomyopathy sudden cardiac,7,0.0059,0.00816
299.00,307,2,all_test,9,delayed release e c,7,0.00545,0.00688
299.00,307,2,all_test,10,anticardiolipin antibody negative x2,6,0.06189,0.06189
299.00,307,2,gold_notes,1,surgery post op radiotherapy,1,0.0221,0.0221
299.00,307,2,gold_notes,2,seizure five event dilantin,1,0.00666,0.00666
273.3,320,2,all_test,1,md number completed,12,0.00142,0.00207
273.3,320,2,all_test,2,headache worsening headache controlled,11,0.00338,0.00379
273.3,320,2,all_test,3,pt ptt inr pt,11,0.00112,0.00127
273.3,320,2,all_test,4,blood pt ptt inr,8,0.00162,0.00234
273.3,320,2,all_test,5,ext warm dp pulse,7,0.00181,0.00181
273.3,320,2,all_test,6,image within dura may,7,0.00173,0.00173
273.3,320,2,all_test,7,right left pt ni,7,0.00169,0.00237
273.3,320,2,all_test,8,left hip replacement left,7,0.00113,0.00113
273.3,320,2,all_test,9,blind right eye denies,7,0.00112,0.00112
273.3,320,2,all_test,10,tablet sig tablet po,6,0.0029,0.00364
273.3,320,2,gold_notes,1,h waldenstrom macroglobulinemia p,1,0.00229,0.00229
273.3,320,2,gold_notes,2,mr mild pulmonary htn,1,0.00173,0.00173
569.9,322,2,all_test,1,pulse resp o2 sat,10,0.00168,0.00259
569.9,322,2,all_test,2,v vii facial strength,8,0.00247,0.00357
569.9,322,2,all_test,3,major surgical invasive procedure,7,0.00506,0.0106
569.9,322,2,all_test,4,related recent lumbar puncture,7,0.00384,0.00384
569.9,322,2,all_test,5,cell conjunction morphology cytospin,7,0.00284,0.00284
569.9,322,2,all_test,6,pulse bilaterally skin scattered,7,0.0018,0.0018
569.9,322,2,all_test,7,md interpreting physician namepattern4,7,0.00178,0.00218
569.9,322,2,all_test,8,clot form work warfarin,7,0.00126,0.00126
569.9,322,2,all_test,9,gated event polyclonal express,6,0.00284,0.00284
569.9,322,2,all_test,10,disease father valve replacement,6,0.00276,0.00276
569.9,322,2,gold_notes,1,showed small focus right,1,0.00225,0.00225
569.9,322,2,gold_notes,2,pancolitis secondary recurrent c,1,0.00118,0.00118
151.9,361,2,all_test,1,tablet delayed release e,61,0.0033,0.00633
151.9,361,2,all_test,2,delayed release e c,46,0.00346,0.00954
151.9,361,2,all_test,3,sig tablet delayed release,38,0.004,0.00591
151.9,361,2,all_test,4,c sig tablet delayed,38,0.00347,0.00552
151.9,361,2,all_test,5,release e c sig,37,0.00312,0.00516
151.9,361,2,all_test,6,e c sig tablet,24,0.00351,0.00527
151.9,361,2,all_test,7,mg tablet delayed release,18,0.00349,0.00515
151.9,361,2,all_test,8,mg capsule delayed release,13,0.00413,0.01008
151.9,361,2,all_test,9,capsule delayed release e,12,0.00215,0.00265
151.9,361,2,all_test,10,food option high fiber,11,0.00273,0.00316
151.9,361,2,gold_notes,1,present illness 83yo male,1,0.00508,0.00508
151.9,361,2,gold_notes,2,ulcer bilateral cataract surgery,1,0.00244,0.00244
259.4,362,2,all_test,1,sig tablet delayed release,13,0.00642,0.0082
259.4,362,2,all_test,2,enrolled protocol phase open,10,0.01404,0.0183
259.4,362,2,all_test,3,radical prostatectomy dr stitle,9,0.01031,0.01159
259.4,362,2,all_test,4,r tkr social life,7,0.02762,0.02762
259.4,362,2,all_test,5,steady gait incisional pain,7,0.01298,0.02113
259.4,362,2,all_test,6,recurrence status post dli,7,0.01094,0.01094
259.4,362,2,all_test,7,clear coherent level consciousness,7,0.00791,0.01107
259.4,362,2,all_test,8,walk block limited withlow,7,0.0072,0.00722
259.4,362,2,all_test,9,mental status clear coherent,7,0.00649,0.00722
259.4,362,2,all_test,10,delayed release e c,7,0.00581,0.0072
259.4,362,2,gold_notes,1,social life location husband,1,0.0078,0.0078
259.4,362,2,gold_notes,2,sig tablet delayed release,1,0.00446,0.00446
273.2,369,2,all_test,1,physical exam bp hr,14,0.00802,0.01739
273.2,369,2,all_test,2,level consciousness alert interactive,13,0.00402,0.00698
273.2,369,2,all_test,3,non contributory physical exam,13,0.00401,0.00888
273.2,369,2,all_test,4,mg tablet sig tablet,10,0.00353,0.00563
273.2,369,2,all_test,5,dr stitle biochemical recurrence,9,0.00391,0.00417
273.2,369,2,all_test,6,physical exam physical exam,8,0.00492,0.01105
273.2,369,2,all_test,7,wife child retired etoh,7,0.00773,0.00773
273.2,369,2,all_test,8,social home life wife,7,0.00511,0.00535
273.2,369,2,all_test,9,contributory physical exam v,7,0.00424,0.00555
273.2,369,2,all_test,10,interval minute pulse check,7,0.00321,0.00321
273.2,369,2,gold_notes,1,smoke pps year alcohol,1,0.00228,0.00228
273.2,369,2,gold_notes,2,year prior lunch monitor,1,0.00138,0.00138
238.1,389,2,all_test,1,tablet delayed release e,14,0.00343,0.00469
238.1,389,2,all_test,2,mg tablet delayed release,12,0.00354,0.00535
238.1,389,2,all_test,3,escalation study mdx patient,8,0.01013,0.01293
238.1,389,2,all_test,4,cardiomyopathy repeat tte showed,7,0.01485,0.01485
238.1,389,2,all_test,5,delayed release e c,7,0.00415,0.00964
238.1,389,2,all_test,6,galactomannan bal presumed aspergillosis,7,0.00412,0.00412
238.1,389,2,all_test,7,arthritis knee p l,7,0.00305,0.00305
238.1,389,2,all_test,8,stone visualized intraoperative cholangiogram,7,0.00237,0.00237
238.1,389,2,all_test,9,leg syndrome pernicious anemia,6,0.04209,0.04209
238.1,389,2,all_test,10,hypertension bicuspid aortic valve,6,0.0199,0.0199
238.1,389,2,gold_notes,1,never moved nonresponder back,1,0.00386,0.00386
238.1,389,2,gold_notes,2,hyperparathyroidism cardiomyopathy dm htn,1,0.00321,0.00321
152.0,411,2,all_test,1,instruction please shower daily,24,0.0018,0.00247
152.0,411,2,all_test,2,please shower daily including,15,0.002,0.00275
152.0,411,2,all_test,3,well erythema drainage edema,10,0.00195,0.00301
152.0,411,2,all_test,4,non contributory physical exam,8,0.00313,0.00372
152.0,411,2,all_test,5,sternal healing well erythema,7,0.00257,0.00275
152.0,411,2,all_test,6,condition alert oriented x3,7,0.00218,0.00251
152.0,411,2,all_test,7,cannot excluded imaging correlation,7,0.00198,0.00199
152.0,411,2,all_test,8,atypical lymphocyte decreasing neutrophil,7,0.00187,0.00187
152.0,411,2,all_test,9,decreased vision right preserved,7,0.00166,0.00166
152.0,411,2,all_test,10,appeared normalize continues present,7,0.00151,0.00151
152.0,411,2,gold_notes,1,pleasant year old gentleman,1,0.00218,0.00218
152.0,411,2,gold_notes,2,year tobacco quit year,1,0.00162,0.00162
136.1,419,2,all_test,1,arthritis knee p l,7,0.04424,0.04424
136.1,419,2,all_test,2,ventricular ejection fraction due,7,0.02833,0.03156
136.1,419,2,all_test,3,showed improvement ef became,7,0.02808,0.02808
136.1,419,2,all_test,4,cad htn diabetes initially,7,0.01021,0.01022
136.1,419,2,all_test,5,heent sclerae anciteric p,7,0.00676,0.00676
136.1,419,2,all_test,6,icd hypertension hyperlipidemia paroxysmal,6,0.0492,0.0492
136.1,419,2,all_test,7,newly diagnosed cardiomyopathy lvef,6,0.04318,0.04318
136.1,419,2,all_test,8,ventricular tachycardia digoxin level,6,0.04202,0.04202
136.1,419,2,all_test,9,ccy social pack year,6,0.03564,0.03564
136.1,419,2,all_test,10,life wife dog drank,6,0.01875,0.01889
136.1,419,2,gold_notes,1,cns hemorrhage anticoagulation longer,1,0.01205,0.01205
136.1,419,2,gold_notes,2,since osh cta demonstrated,1,0.0037,0.0037
714.89,66,1,all_test,1,v vii facial strength,15,0.00196,0.00306
714.89,66,1,all_test,2,nystagmus v vii facial,11,0.00162,0.00195
714.89,66,1,all_test,3,dl unit mg dl,11,0.0014,0.00255
714.89,66,1,all_test,4,vii facial strength sensation,10,0.00189,0.0024
714.89,66,1,all_test,5,initial pre sign life,9,0.0011,0.00113
714.89,66,1,all_test,6,facial strength sensation intact,7,0.00258,0.00297
714.89,66,1,all_test,7,without nystagmus v vii,7,0.00247,0.00404
714.89,66,1,all_test,8,total co2 anion gap,7,0.00238,0.00246
714.89,66,1,all_test,9,b p right left,7,0.00204,0.00251
714.89,66,1,all_test,10,exam pulse resp o2,7,0.00165,0.00249
714.89,66,1,gold_notes,1,qhs disposition home facility,1,0.00211,0.00211
157.1,85,1,all_test,1,delayed release e c,264,0.00626,0.01691
157.1,85,1,all_test,2,release e c sig,193,0.00551,0.01874
157.1,85,1,all_test,3,tablet delayed release e,188,0.00593,0.01654
157.1,85,1,all_test,4,sig tablet delayed release,132,0.00753,0.02311
157.1,85,1,all_test,5,c sig tablet delayed,103,0.0067,0.01537
157.1,85,1,all_test,6,e c sig tablet,101,0.00627,0.0143
157.1,85,1,all_test,7,capsule delayed release e,90,0.00456,0.01991
157.1,85,1,all_test,8,mg tablet delayed release,85,0.00489,0.01415
157.1,85,1,all_test,9,release e c po,64,0.00648,0.01352
157.1,85,1,all_test,10,e c sig capsule,50,0.00397,0.00771
157.1,85,1,gold_notes,1,insomnia headache related head,1,0.00277,0.00277
182.0,88,1,all_test,1,known lastname year old,17,0.0031,0.0045
182.0,88,1,all_test,2,illness year old male,17,0.0022,0.00648
182.0,88,1,all_test,3,nutritious food option high,13,0.00186,0.00256
182.0,88,1,all_test,4,status clear coherent level,11,0.00256,0.00386
182.0,88,1,all_test,5,review system negative cardiac,11,0.00209,0.00327
182.0,88,1,all_test,6,illness year old female,11,0.00198,0.00328
182.0,88,1,all_test,7,delayed release e c,9,0.00155,0.00207
182.0,88,1,all_test,8,condition mental status clear,8,0.00271,0.00457
182.0,88,1,all_test,9,consciousness alert interactive activity,8,0.00214,0.00265
182.0,88,1,all_test,10,illness mr known lastname,8,0.00178,0.00401
182.0,88,1,gold_notes,1,possible uterine infection evaluated,1,0.00502,0.00502
191.9,98,1,all_test,1,tablet delayed release e,32,0.00356,0.0053
191.9,98,1,all_test,2,delayed release e c,23,0.00354,0.00849
191.9,98,1,all_test,3,e c sig tablet,21,0.00392,0.00637
191.9,98,1,all_test,4,sig tablet delayed release,20,0.00383,0.00534
191.9,98,1,all_test,5,release e c sig,17,0.00338,0.00513
191.9,98,1,all_test,6,c sig tablet delayed,14,0.00328,0.0056
191.9,98,1,all_test,7,present illness year old,11,0.00475,0.00619
191.9,98,1,all_test,8,bicuspid aortic valve aortic,10,0.01185,0.014
191.9,98,1,all_test,9,patent foramen ovale present,8,0.00855,0.01256
191.9,98,1,all_test,10,biventricular icd hypertension hyperlipidemia,8,0.00749,0.00817
191.9,98,1,gold_notes,1,dchf diabetes ckd atrial,1,0.00231,0.00231
519.3,100,1,all_test,1,allergy adverse drug reaction,18,0.0022,0.00366
519.3,100,1,all_test,2,known allergy drug attending,16,0.0028,0.00746
519.3,100,1,all_test,3,atrial appendage patent foramen,11,0.00264,0.00427
519.3,100,1,all_test,4,disposition extended care facility,11,0.0022,0.0028
519.3,100,1,all_test,5,allergy drug attending name3,10,0.00214,0.00269
519.3,100,1,all_test,6,exploratory laparotomy small bowel,9,0.01572,0.01874
519.3,100,1,all_test,7,major surgical invasive procedure,9,0.0021,0.00278
519.3,100,1,all_test,8,drug reaction attending name3,8,0.00405,0.00608
519.3,100,1,all_test,9,adverse drug reaction attending,8,0.00293,0.00534
519.3,100,1,all_test,10,please shower daily including,8,0.00229,0.00304
519.3,100,1,gold_notes,1,vessel ischemic disease ventricle,1,0.0016,0.0016
235.7,111,1,all_test,1,allergy adverse drug reaction,18,0.00293,0.00651
235.7,111,1,all_test,2,known allergy drug attending,16,0.00301,0.01003
235.7,111,1,all_test,3,allergy known allergy adverse,13,0.00227,0.00278
235.7,111,1,all_test,4,appendage patent foramen ovale,10,0.00645,0.00977
235.7,111,1,all_test,5,allergy recorded known allergy,10,0.00297,0.00556
235.7,111,1,all_test,6,please see operative report,9,0.00525,0.00847
235.7,111,1,all_test,7,reaction attending name3 lf,9,0.00484,0.0062
235.7,111,1,all_test,8,facility hospital6 aged macu,9,0.00229,0.00292
235.7,111,1,all_test,9,medicine allergy recorded known,9,0.00222,0.0032
235.7,111,1,all_test,10,allergy drug attending name3,9,0.002,0.0044
235.7,111,1,gold_notes,1,facility hospital6 aged macu,1,0.00292,0.00292
110.8,113,1,all_test,1,delayed release e c,280,0.0198,0.04977
110.8,113,1,all_test,2,tablet delayed release e,207,0.02145,0.04432
110.8,113,1,all_test,3,release e c sig,187,0.01692,0.05666
110.8,113,1,all_test,4,sig tablet delayed release,125,0.02718,0.04458
110.8,113,1,all_test,5,c sig tablet delayed,120,0.02381,0.05413
110.8,113,1,all_test,6,e c sig tablet,106,0.02305,0.05829
110.8,113,1,all_test,7,capsule delayed release e,91,0.01342,0.03484
110.8,113,1,all_test,8,release e c po,62,0.02156,0.04383
110.8,113,1,all_test,9,mg tablet delayed release,60,0.01435,0.03676
110.8,113,1,all_test,10,tablet sig tablet po,50,0.00688,0.01555
110.8,113,1,gold_notes,1,diagnosed colonoscopy workup anemia,1,0.0031,0.0031
747.42,118,1,all_test,1,present illness year old,10,0.01855,0.0356
747.42,118,1,all_test,2,illness m known lastname,9,0.02144,0.02847
747.42,118,1,all_test,3,illness year old male,8,0.0229,0.02736
747.42,118,1,all_test,4,escalation study mdx patient,7,0.02595,0.02954
747.42,118,1,all_test,5,insufficient hypercalcemia smv thrombosis,7,0.01642,0.01642
747.42,118,1,all_test,6,paternal aunt breast cancer,7,0.01316,0.01316
747.42,118,1,all_test,7,relative sparing periphery overall,7,0.00669,0.00669
747.42,118,1,all_test,8,loculated fluid collection pseudocyst,7,0.00425,0.00425
747.42,118,1,all_test,9,excluding adrenal insufficiency complicated,6,0.03279,0.03279
747.42,118,1,all_test,10,cataract surgery vulvar cancer,6,0.02423,0.02423
747.42,118,1,gold_notes,1,old female significant medical,1,0.01176,0.01176
318.1,120,1,all_test,1,dose escalation study mdx,10,0.00669,0.00785
318.1,120,1,all_test,2,hernia hernia repair appendectomy,9,0.00634,0.00651
318.1,120,1,all_test,3,clear coherent level consciousness,9,0.00557,0.01232
318.1,120,1,all_test,4,knee p l r,7,0.01945,0.01945
318.1,120,1,all_test,5,repeat tte showed improvement,7,0.00777,0.00777
318.1,120,1,all_test,6,nad heent sclerae anciteric,7,0.00636,0.00636
318.1,120,1,all_test,7,induced using inhaler home,7,0.00552,0.00552
318.1,120,1,all_test,8,tah bso fibroid social,6,0.03067,0.04863
318.1,120,1,all_test,9,aortic insufficiency dilated ascending,6,0.03036,0.0343
318.1,120,1,all_test,10,cardiac catheterization surgical evaluation,6,0.0284,0.0284
318.1,120,1,gold_notes,1,nursing home respiratory arrest,1,0.00556,0.00556
753.19,136,1,all_test,1,incision sternal healing well,11,0.00195,0.00224
753.19,136,1,all_test,2,multiple dose dose escalation,11,0.00179,0.00182
753.19,136,1,all_test,3,non contributory physical exam,7,0.0024,0.00378
753.19,136,1,all_test,4,performed obvious p wave,7,0.00233,0.00233
753.19,136,1,all_test,5,med transfer unasyn 3g,7,0.00209,0.00209
753.19,136,1,all_test,6,topical qid time needed,7,0.00193,0.00254
753.19,136,1,all_test,7,vanc changed dapto vre,7,0.00187,0.00187
753.19,136,1,all_test,8,child retired etoh use,7,0.00146,0.00146
753.19,136,1,all_test,9,fibrillation may resume medication,6,0.00315,0.00315
753.19,136,1,all_test,10,diagnosed routine imaging follow,6,0.00274,0.00274
753.19,136,1,gold_notes,1,icu ultimately diagnosed syncope,1,0.00199,0.00199
527.8,142,1,all_test,1,tablet sig tablet po,28,0.0021,0.00391
527.8,142,1,all_test,2,sig tablet po daily,16,0.00309,0.00664
527.8,142,1,all_test,3,mg tablet sig tablet,16,0.00286,0.00464
527.8,142,1,all_test,4,early mi arrhythmia cardiomyopathy,11,0.00241,0.00312
527.8,142,1,all_test,5,bendamustine mg m2 day,10,0.00339,0.0043
527.8,142,1,all_test,6,mi arrhythmia cardiomyopathy sudden,10,0.00185,0.00243
527.8,142,1,all_test,7,major surgical invasive procedure,9,0.00183,0.00327
527.8,142,1,all_test,8,tablet po daily daily,8,0.00271,0.00442
527.8,142,1,all_test,9,cardiomyopathy repeat tte showed,7,0.00294,0.00294
527.8,142,1,all_test,10,flow started tacrolimus echo,7,0.00254,0.00254
527.8,142,1,gold_notes,1,also received total 8l,1,0.00121,0.00121
287.1,155,1,all_test,1,present illness year old,13,0.00449,0.00711
287.1,155,1,all_test,2,adverse drug reaction attending,11,0.00232,0.00386
287.1,155,1,all_test,3,mg m2 day cycle,10,0.00614,0.00694
287.1,155,1,all_test,4,summer developed evidence relapse,7,0.00546,0.00546
287.1,155,1,all_test,5,man pmh notable alcoholic,7,0.00421,0.00421
287.1,155,1,all_test,6,cpap morbid obesity possible,7,0.00391,0.00391
287.1,155,1,all_test,7,outside undergone lap cholecystectomy,7,0.00371,0.00371
287.1,155,1,all_test,8,reaction attending name3 lf,7,0.00227,0.00299
287.1,155,1,all_test,9,school basketball coach life,6,0.00723,0.00769
287.1,155,1,all_test,10,cardiomyopathy lvef markedly dilated,6,0.00645,0.00645
287.1,155,1,gold_notes,1,within two week significantly,1,0.00848,0.00848
753.17,159,1,all_test,1,mg m2 day cycle,10,0.00696,0.00836
753.17,159,1,all_test,2,cardiomyopathy repeat tte showed,7,0.00557,0.00557
753.17,159,1,all_test,3,rhinitis arthritis knee p,7,0.00254,0.00254
753.17,159,1,all_test,4,normal pressure hydrocephalus cad,7,0.00185,0.00185
753.17,159,1,all_test,5,mi arrhythmia cardiomyopathy sudden,7,0.00172,0.00214
753.17,159,1,all_test,6,pain felt due gallstone,7,0.00124,0.00124
753.17,159,1,all_test,7,medical hypertension bicuspid aortic,6,0.01521,0.01521
753.17,159,1,all_test,8,ventricular tachycardia digoxin level,6,0.00784,0.00784
753.17,159,1,all_test,9,report p biventricular icd,6,0.00706,0.00706
753.17,159,1,all_test,10,170s alternating sinus tach,6,0.00385,0.00385
753.17,159,1,gold_notes,1,physical exam vitals p,1,0.00331,0.00331
193,161,1,all_test,1,tablet delayed release e,114,0.00188,0.00375
193,161,1,all_test,2,delayed release e c,104,0.0018,0.00288
193,161,1,all_test,3,release e c sig,68,0.0017,0.00326
193,161,1,all_test,4,e c sig tablet,63,0.00188,0.00628
193,161,1,all_test,5,c sig tablet delayed,56,0.00192,0.00294
193,161,1,all_test,6,sig tablet delayed release,53,0.002,0.00441
193,161,1,all_test,7,release e c po,40,0.00184,0.00377
193,161,1,all_test,8,mg tablet delayed release,32,0.00199,0.00338
193,161,1,all_test,9,capsule delayed release e,25,0.00225,0.00704
193,161,1,all_test,10,sig capsule delayed release,23,0.00173,0.00358
193,161,1,gold_notes,1,woman cervical cancer stage,1,0.00123,0.00123
564.89,162,1,all_test,1,delayed release e c,132,0.00281,0.01076
564.89,162,1,all_test,2,tablet delayed release e,95,0.00296,0.00605
564.89,162,1,all_test,3,sig tablet delayed release,71,0.00346,0.00684
564.89,162,1,all_test,4,release e c sig,71,0.00269,0.00566
564.89,162,1,all_test,5,release e c po,45,0.0036,0.00829
564.89,162,1,all_test,6,c sig tablet delayed,44,0.0034,0.00673
564.89,162,1,all_test,7,e c sig tablet,41,0.00306,0.00467
564.89,162,1,all_test,8,e c po daily,24,0.00332,0.00708
564.89,162,1,all_test,9,mg tablet delayed release,24,0.00294,0.00481
564.89,162,1,all_test,10,e c sig capsule,24,0.0024,0.00437
564.89,162,1,gold_notes,1,m known lastname longstanding,1,0.00215,0.00215
746.85,166,1,all_test,1,present illness year old,14,0.00519,0.01556
746.85,166,1,all_test,2,nutritious food option high,14,0.00358,0.00604
746.85,166,1,all_test,3,multiple dose dose escalation,12,0.01265,0.01434
746.85,166,1,all_test,4,known lastname year old,8,0.0061,0.01344
746.85,166,1,all_test,5,cardiac review system notable,8,0.00174,0.002
746.85,166,1,all_test,6,status post allogeneic transplant,7,0.00834,0.00834
746.85,166,1,all_test,7,vanc changed dapto vre,7,0.0047,0.0047
746.85,166,1,all_test,8,bronchoscopy endoscopy nasal packing,7,0.00405,0.00405
746.85,166,1,all_test,9,condition mental status clear,7,0.00297,0.00393
746.85,166,1,all_test,10,pseudocyst peripancreatic fluid consistent,7,0.00217,0.00217
746.85,166,1,gold_notes,1,transferred floor pod cleared,1,0.00334,0.00334
172.9,167,1,all_test,1,tolerated procedure well post,9,0.00527,0.00932
172.9,167,1,all_test,2,overall tolerated procedure well,8,0.00564,0.00998
172.9,167,1,all_test,3,major surgical invasive procedure,8,0.00303,0.00575
172.9,167,1,all_test,4,drug attending name3 lf,8,0.00236,0.00317
172.9,167,1,all_test,5,perforated small bowel small,7,0.00612,0.00612
172.9,167,1,all_test,6,developed shock liver probable,7,0.00495,0.00495
172.9,167,1,all_test,7,marrow underwent reinduction achieved,7,0.00407,0.00407
172.9,167,1,all_test,8,culture came back coag,7,0.00222,0.00222
172.9,167,1,all_test,9,drug reaction attending name3,7,0.00184,0.00212
172.9,167,1,all_test,10,exploratory laparotomy small bowel,6,0.0205,0.0205
172.9,167,1,gold_notes,1,wbc vial wbc another,1,0.00751,0.00751
451.83,170,1,all_test,1,tablet delayed release e,50,0.00273,0.0046
451.83,170,1,all_test,2,delayed release e c,42,0.00278,0.00393
451.83,170,1,all_test,3,sig tablet delayed release,33,0.00266,0.00533
451.83,170,1,all_test,4,e c sig tablet,21,0.00297,0.00493
451.83,170,1,all_test,5,release e c sig,17,0.00249,0.00359
451.83,170,1,all_test,6,negative cardiac review system,16,0.00261,0.00414
451.83,170,1,all_test,7,e c po daily,12,0.0026,0.0038
451.83,170,1,all_test,8,study mdx patient cd19,11,0.00382,0.00419
451.83,170,1,all_test,9,capsule delayed release e,11,0.00225,0.00417
451.83,170,1,all_test,10,c sig tablet delayed,10,0.0031,0.00403
451.83,170,1,gold_notes,1,pancreatic cystic lesion head,1,0.00658,0.00658
701.1,178,1,all_test,1,major surgical invasive procedure,19,0.00277,0.00608
701.1,178,1,all_test,2,negative cardiac review system,17,0.00164,0.00287
701.1,178,1,all_test,3,system negative cardiac review,8,0.00189,0.00284
701.1,178,1,all_test,4,necrotic perforated small bowel,7,0.00226,0.00226
701.1,178,1,all_test,5,gi consulted management pancreatitis,7,0.00215,0.00215
701.1,178,1,all_test,6,drug reaction attending name3,7,0.00208,0.00389
701.1,178,1,all_test,7,unable tolerate arac due,7,0.00205,0.00205
701.1,178,1,all_test,8,caucasian male appering comfortable,7,0.00161,0.00161
701.1,178,1,all_test,9,procedure bentall procedure 27mm,6,0.00452,0.00452
701.1,178,1,all_test,10,npo bun creatinine peaked,6,0.0044,0.0044
701.1,178,1,gold_notes,1,disposition home facility homecare,1,0.00185,0.00185
333.6,184,1,all_test,1,biochemical recurrence status post,9,0.01711,0.02457
333.6,184,1,all_test,2,delayed release e c,9,0.00317,0.00401
333.6,184,1,all_test,3,tah bso fibroid social,8,0.08075,0.11331
333.6,184,1,all_test,4,l r tkr social,7,0.03569,0.03569
333.6,184,1,all_test,5,using inhaler home p,7,0.00917,0.00919
333.6,184,1,all_test,6,cancer brain mets 80y,7,0.00651,0.00651
333.6,184,1,all_test,7,abdominal pain felt due,7,0.00388,0.00388
333.6,184,1,all_test,8,cm abdominal aortic aneurysm,6,0.04183,0.04183
333.6,184,1,all_test,9,yr l sided hernia,6,0.03868,0.03873
333.6,184,1,all_test,10,surgical evaluation medical hypertension,6,0.03137,0.03137
333.6,184,1,gold_notes,1,nsg home social life,1,0.00282,0.00282
153.6,207,1,all_test,1,non contributory physical exam,9,0.00386,0.00793
153.6,207,1,all_test,2,consciousness alert interactive activity,9,0.00217,0.00271
153.6,207,1,all_test,3,post radical prostatectomy dr,9,0.00192,0.00203
153.6,207,1,all_test,4,instruction expired completed,8,0.00377,0.00718
153.6,207,1,all_test,5,level consciousness alert interactive,8,0.00212,0.00269
153.6,207,1,all_test,6,physical exam pulse resp,8,0.00164,0.00174
153.6,207,1,all_test,7,physical exam awake alert,7,0.0029,0.00486
153.6,207,1,all_test,8,physical exam physical exam,7,0.00263,0.00418
153.6,207,1,all_test,9,unresponsive palpable pulse time,7,0.00189,0.00189
153.6,207,1,all_test,10,diabetes least paternal aunt,7,0.00178,0.00178
153.6,207,1,gold_notes,1,adenoma colon fibrous obliteration,1,0.00257,0.00257
441.1,208,1,all_test,1,dose escalation study mdx,14,0.00923,0.01182
441.1,208,1,all_test,2,condition alert oriented x3,13,0.0035,0.0046
441.1,208,1,all_test,3,unasyn 3g iv q6h,7,0.00422,0.00422
441.1,208,1,all_test,4,old woman status post,7,0.00352,0.00352
441.1,208,1,all_test,5,social life wife house,7,0.00343,0.00343
441.1,208,1,all_test,6,resection tracheostomy vac placement,7,0.00218,0.00218
441.1,208,1,all_test,7,social married primary caretaker,6,0.01104,0.01104
441.1,208,1,all_test,8,diagnosed right lobe hepatocellular,6,0.00932,0.00932
441.1,208,1,all_test,9,docetaxel fu prostate cancer,6,0.0064,0.00641
441.1,208,1,all_test,10,cause severe anxiety social,6,0.00531,0.00531
441.1,208,1,gold_notes,1,ulcer dm neuropathy vasculopathy,1,0.00689,0.00689
705.83,210,1,all_test,1,positive squamous cell carcinoma,12,0.0059,0.00707
705.83,210,1,all_test,2,physical exam physical exam,8,0.01,0.01433
705.83,210,1,all_test,3,r tkr social life,7,0.00759,0.00759
705.83,210,1,all_test,4,multiple dose dose escalation,7,0.00396,0.00398
705.83,210,1,all_test,5,heent sclerae anciteric p,7,0.00374,0.00374
705.83,210,1,all_test,6,repeat tte showed improvement,7,0.00317,0.00317
705.83,210,1,all_test,7,home p ruptured appendix,7,0.00287,0.00287
705.83,210,1,all_test,8,valve aortic insuffiency newly,6,0.01534,0.01535
705.83,210,1,all_test,9,cell arteritis cad psh,6,0.0153,0.0153
705.83,210,1,all_test,10,high dose steroid throughout,6,0.00931,0.00931
705.83,210,1,gold_notes,1,ago pvd htn gerd,1,0.00216,0.00216
62.5,215,1,all_test,1,study mdx patient cd19,9,0.00781,0.00873
62.5,215,1,all_test,2,tablet delayed release e,8,0.00348,0.0049
62.5,215,1,all_test,3,arrhythmia cardiomyopathy sudden cardiac,8,0.00264,0.00317
62.5,215,1,all_test,4,knee p l r,7,0.01532,0.01532
62.5,215,1,all_test,5,recurrence status post dli,7,0.01517,0.01517
62.5,215,1,all_test,6,induced using inhaler home,7,0.00593,0.00593
62.5,215,1,all_test,7,collection pseudocyst peripancreatic fluid,7,0.00506,0.00506
62.5,215,1,all_test,8,antibody negative x2 since,6,0.02648,0.02648
62.5,215,1,all_test,9,valve aortic insuffiency newly,6,0.01782,0.01782
62.5,215,1,all_test,10,persistence biliary stricture brushing,6,0.01533,0.01533
62.5,215,1,gold_notes,1,exam physical exam ra,1,0.03345,0.03345
747.21,225,1,all_test,1,present illness year old,27,0.00418,0.00934
747.21,225,1,all_test,2,food option high fiber,16,0.00456,0.00662
747.21,225,1,all_test,3,multiple dose dose escalation,11,0.01874,0.02195
747.21,225,1,all_test,4,illness year old female,11,0.00298,0.00542
747.21,225,1,all_test,5,lastname year old woman,9,0.00445,0.00823
747.21,225,1,all_test,6,illness year old male,9,0.00323,0.00543
747.21,225,1,all_test,7,syndrome pernicious anemia social,8,0.00981,0.01151
747.21,225,1,all_test,8,oriented x3 nonfocal ambulating,8,0.00254,0.00391
747.21,225,1,all_test,9,tablet sig tablet po,8,0.00203,0.00388
747.21,225,1,all_test,10,none present illness yo,7,0.00682,0.01075
747.21,225,1,gold_notes,1,tissue disorder feature lupus,1,0.00365,0.00365
695.4,228,1,all_test,1,may resume sexual activity,37,0.00239,0.0043
695.4,228,1,all_test,2,surgeon look incision daily,20,0.00149,0.00323
695.4,228,1,all_test,3,tablet sig tablet po,13,0.00133,0.0023
695.4,228,1,all_test,4,interactive activity status ambulatory,12,0.00175,0.00272
695.4,228,1,all_test,5,swimming cleared surgeon look,12,0.00138,0.0018
695.4,228,1,all_test,6,maintain strength assist wound,11,0.00192,0.00314
695.4,228,1,all_test,7,incision daily redness drainage,11,0.00128,0.00144
695.4,228,1,all_test,8,bath swimming cleared surgeon,10,0.00142,0.00206
695.4,228,1,all_test,9,hgb hct mcv mch,9,0.0023,0.0039
695.4,228,1,all_test,10,mg tablet sig tablet,9,0.00213,0.00349
695.4,228,1,gold_notes,1,doctor house previously lived,1,0.00254,0.00254
759.6,231,1,all_test,1,cycle bendamustine mg m2,10,0.0039,0.00496
759.6,231,1,all_test,2,cardiac death otherwise non,10,0.00268,0.00765
759.6,231,1,all_test,3,reaction attending name3 lf,10,0.00228,0.00264
759.6,231,1,all_test,4,cardiomyopathy repeat tte showed,7,0.00606,0.00606
759.6,231,1,all_test,5,present illness year old,7,0.00338,0.0043
759.6,231,1,all_test,6,hydrocephalus cad htn diabetes,7,0.00273,0.00273
759.6,231,1,all_test,7,ascites portal hypertension varix,7,0.00172,0.00172
759.6,231,1,all_test,8,v gen deconditioned overweight,7,0.00155,0.00155
759.6,231,1,all_test,9,surgical evaluation medical hypertension,6,0.01398,0.01398
759.6,231,1,all_test,10,ef report p biventricular,6,0.00593,0.00593
759.6,231,1,gold_notes,1,connecting mass origin distal,1,0.00321,0.00321
259.2,232,1,all_test,1,blurring double vision half,11,0.00352,0.00407
259.2,232,1,all_test,2,mg tablet sig tablet,10,0.00118,0.00145
259.2,232,1,all_test,3,blood pressure ecg performed,7,0.00254,0.00254
259.2,232,1,all_test,4,empty drain frequently record,7,0.00185,0.00202
259.2,232,1,all_test,5,related recent lumbar puncture,7,0.00183,0.00184
259.2,232,1,all_test,6,status waxing doctor duration,7,0.00177,0.00177
259.2,232,1,all_test,7,pacing wire discontinued pod,6,0.00252,0.00252
259.2,232,1,all_test,8,stable condition maintained stable,6,0.00251,0.00251
259.2,232,1,all_test,9,rituxan cycle r chop,6,0.00207,0.00228
259.2,232,1,all_test,10,evacuation hematoma observed active,6,0.00195,0.00195
259.2,232,1,gold_notes,1,flushing sinus tach 120,1,0.00152,0.00152
702.8,237,1,all_test,1,dr stitle biochemical recurrence,12,0.01309,0.01436
702.8,237,1,all_test,2,physical exam physical exam,9,0.03998,0.05517
702.8,237,1,all_test,3,social mr known lastname,9,0.03341,0.03405
702.8,237,1,all_test,4,p mi p stent,8,0.01775,0.01928
702.8,237,1,all_test,5,life alone occupation retired,8,0.00758,0.0079
702.8,237,1,all_test,6,delayed release e c,8,0.00393,0.00637
702.8,237,1,all_test,7,tkr social life wife,7,0.0683,0.0683
702.8,237,1,all_test,8,non contributory physical exam,7,0.03291,0.05121
702.8,237,1,all_test,9,home p ruptured appendix,7,0.00799,0.00801
702.8,237,1,all_test,10,label multiple dose dose,7,0.00742,0.00844
702.8,237,1,gold_notes,1,psh ccy tah bso,1,0.07489,0.07489
437.5,241,1,all_test,1,delayed release e c,239,0.00736,0.02408
437.5,241,1,all_test,2,tablet delayed release e,178,0.00767,0.01742
437.5,241,1,all_test,3,release e c sig,126,0.0061,0.01813
437.5,241,1,all_test,4,c sig tablet delayed,102,0.00699,0.01843
437.5,241,1,all_test,5,sig tablet delayed release,95,0.00827,0.02006
437.5,241,1,all_test,6,release e c po,87,0.00881,0.01789
437.5,241,1,all_test,7,e c sig tablet,72,0.00745,0.01734
437.5,241,1,all_test,8,capsule delayed release e,70,0.00627,0.0194
437.5,241,1,all_test,9,e c po daily,49,0.00881,0.02285
437.5,241,1,all_test,10,c sig capsule delayed,36,0.00537,0.01061
437.5,241,1,gold_notes,1,drug reaction attending name3,1,0.00311,0.00311
751.62,247,1,all_test,1,non contributory physical exam,12,0.00938,0.01983
751.62,247,1,all_test,2,social life wife child,7,0.00798,0.00798
751.62,247,1,all_test,3,sclerae anciteric p clear,7,0.00393,0.00393
751.62,247,1,all_test,4,radiation anti thymoglobulin complicated,7,0.00345,0.00345
751.62,247,1,all_test,5,negative staph bacteremia left,7,0.00234,0.00234
751.62,247,1,all_test,6,repair depression r knee,6,0.00874,0.00901
751.62,247,1,all_test,7,social pack year tobacco,6,0.00701,0.00701
751.62,247,1,all_test,8,due risk fall hematuria,6,0.00511,0.00511
751.62,247,1,all_test,9,status clear coherent level,6,0.00466,0.00477
751.62,247,1,all_test,10,recurrent c difficile infection,6,0.00446,0.00446
751.62,247,1,gold_notes,1,denies illicits father aunt,1,0.00518,0.00518
333.92,259,1,all_test,1,tablet delayed release e,22,0.00472,0.00868
333.92,259,1,all_test,2,delayed release e c,17,0.00354,0.00535
333.92,259,1,all_test,3,cycle bendamustine mg m2,14,0.0128,0.01556
333.92,259,1,all_test,4,sig tablet delayed release,14,0.00422,0.00701
333.92,259,1,all_test,5,mg tablet delayed release,11,0.00539,0.0083
333.92,259,1,all_test,6,c sig tablet delayed,10,0.00413,0.00584
333.92,259,1,all_test,7,release e c sig,10,0.0033,0.00494
333.92,259,1,all_test,8,illness year old female,9,0.01505,0.03117
333.92,259,1,all_test,9,e c sig tablet,9,0.00394,0.00555
333.92,259,1,all_test,10,global free wall hypokinesis,9,0.00382,0.00413
333.92,259,1,gold_notes,1,mg hospital1 sinemet tid,1,0.00875,0.00875
728.71,266,1,all_test,1,stitle biochemical recurrence status,12,0.00626,0.00665
728.71,266,1,all_test,2,present illness year old,8,0.0099,0.01046
728.71,266,1,all_test,3,physical exam physical exam,8,0.00388,0.0071
728.71,266,1,all_test,4,social life wife child,7,0.00382,0.00382
728.71,266,1,all_test,5,h psychogenic polydipsia h,7,0.00376,0.00431
728.71,266,1,all_test,6,consciousness alert interactive activity,7,0.00343,0.00534
728.71,266,1,all_test,7,puncture vps infectious pachymeningitis,7,0.00321,0.00321
728.71,266,1,all_test,8,prostate cancer hypertension diabetes,7,0.00321,0.00321
728.71,266,1,all_test,9,l brownish fluid drained,7,0.00139,0.00139
728.71,266,1,all_test,10,ablation psurghx r le,6,0.0156,0.0156
728.71,266,1,gold_notes,1,valve replacement aortic root,1,0.00485,0.00485
282.60,267,1,all_test,1,present illness year old,9,0.02327,0.03034
282.60,267,1,all_test,2,stitle biochemical recurrence status,9,0.01984,0.02177
282.60,267,1,all_test,3,knee p l r,7,0.02914,0.02914
282.60,267,1,all_test,4,repeat tte showed improvement,7,0.02724,0.02724
282.60,267,1,all_test,5,bicuspid aortic valve aortic,7,0.02395,0.02693
282.60,267,1,all_test,6,induced using inhaler home,7,0.00594,0.00594
282.60,267,1,all_test,7,admitted medical unit transferred,7,0.0042,0.0042
282.60,267,1,all_test,8,p tah bso fibroid,6,0.06767,0.09985
282.60,267,1,all_test,9,surgical evaluation medical hypertension,6,0.05436,0.05436
282.60,267,1,all_test,10,renal insufficiency baseline cr,6,0.03926,0.0805
282.60,267,1,gold_notes,1,l mca aneurysm 5mm,1,0.03334,0.03334
747.61,271,1,all_test,1,please shower daily including,26,0.00201,0.00285
747.61,271,1,all_test,2,shower daily including washing,25,0.002,0.00352
747.61,271,1,all_test,3,instruction please shower daily,21,0.00176,0.00273
747.61,271,1,all_test,4,daily including washing incision,14,0.00185,0.00285
747.61,271,1,all_test,5,including washing incision gently,11,0.00212,0.00243
747.61,271,1,all_test,6,blood pressure ecg performed,7,0.00225,0.00225
747.61,271,1,all_test,7,recent lumbar puncture vps,7,0.00218,0.00218
747.61,271,1,all_test,8,hgb hct mcv mch,7,0.00161,0.00202
747.61,271,1,all_test,9,decreased vision right preserved,7,0.0016,0.0016
747.61,271,1,all_test,10,bowel sound ext warm,7,0.00149,0.00149
747.61,271,1,gold_notes,1,infection soft tissue infection,1,0.00113,0.00113
756.83,277,1,all_test,1,bendamustine mg m2 day,10,0.01774,0.02098
756.83,277,1,all_test,2,mb mb indx ctropnt,9,0.00799,0.00974
756.83,277,1,all_test,3,cardiomyopathy repeat tte showed,7,0.02705,0.02705
756.83,277,1,all_test,4,beat variability left ventricular,7,0.01022,0.01092
756.83,277,1,all_test,5,cardiomyopathy sudden cardiac death,7,0.00609,0.00841
756.83,277,1,all_test,6,hypotension hospitalization fall dvt,7,0.00505,0.00707
756.83,277,1,all_test,7,nad heent sclerae anciteric,7,0.00367,0.00367
756.83,277,1,all_test,8,rhinitis arthritis knee p,7,0.0034,0.0034
756.83,277,1,all_test,9,episode altered mental status,7,0.00324,0.00324
756.83,277,1,all_test,10,ef mild mr h,6,0.04057,0.04923
756.83,277,1,gold_notes,1,title emergency room immediately,1,0.00144,0.00144
426.6,284,1,all_test,1,medicine allergy recorded known,13,0.00176,0.00255
426.6,284,1,all_test,2,calf pain review system,12,0.00184,0.00332
426.6,284,1,all_test,3,status clear coherent level,9,0.00349,0.00731
426.6,284,1,all_test,4,known allergy drug attending,8,0.00445,0.0153
426.6,284,1,all_test,5,major surgical invasive procedure,8,0.00399,0.00957
426.6,284,1,all_test,6,mental status clear coherent,8,0.00324,0.00359
426.6,284,1,all_test,7,portacath subclavian cvl communication,7,0.00316,0.00316
426.6,284,1,all_test,8,anastomosis leak trache hypothyroid,7,0.00305,0.00305
426.6,284,1,all_test,9,systemic chemotherapy complicated mucositis,7,0.00275,0.00275
426.6,284,1,all_test,10,surgery allergy morphine heparin,7,0.00142,0.00142
426.6,284,1,gold_notes,1,p avr cabg carotid,1,0.00189,0.00189
299.80,287,1,all_test,1,dyspnea exertion paroxysmal nocturnal,8,0.00403,0.00592
299.80,287,1,all_test,2,status post dli subsequent,7,0.00885,0.00885
299.80,287,1,all_test,3,l r tkr social,7,0.00831,0.00831
299.80,287,1,all_test,4,inhaler home p ruptured,7,0.00401,0.00402
299.80,287,1,all_test,5,social life location younger,7,0.00321,0.00382
299.80,287,1,all_test,6,collection pseudocyst peripancreatic fluid,7,0.00212,0.00212
299.80,287,1,all_test,7,gerd restless leg syndrome,6,0.00869,0.00869
299.80,287,1,all_test,8,venous insufficiency social married,6,0.00847,0.00847
299.80,287,1,all_test,9,lap ccy social pack,6,0.00783,0.00783
299.80,287,1,all_test,10,r le angioplasty bilateral,6,0.0076,0.0076
299.80,287,1,gold_notes,1,unemployed denies cigs drug,1,0.00438,0.00438
709.3,290,1,all_test,1,major surgical invasive procedure,34,0.0071,0.02114
709.3,290,1,all_test,2,surgical invasive procedure none,17,0.00432,0.00593
709.3,290,1,all_test,3,tablet delayed release e,13,0.00302,0.0059
709.3,290,1,all_test,4,bendamustine mg m2 day,10,0.0286,0.03141
709.3,290,1,all_test,5,release e c po,10,0.00333,0.00476
709.3,290,1,all_test,6,sig tablet delayed release,9,0.00387,0.00576
709.3,290,1,all_test,7,surgical invasive procedure intubation,8,0.00446,0.00557
709.3,290,1,all_test,8,cardiomyopathy repeat tte showed,7,0.01785,0.01785
709.3,290,1,all_test,9,floor seen surgery recommended,7,0.01521,0.01521
709.3,290,1,all_test,10,procedure well post operatively,7,0.00623,0.0077
709.3,290,1,gold_notes,1,workup hematology recommended bone,1,0.00233,0.00233
753.13,292,1,all_test,1,tablet sig tablet po,44,0.00225,0.00887
753.13,292,1,all_test,2,mg tablet sig tablet,36,0.00259,0.01181
753.13,292,1,all_test,3,sig tablet po daily,19,0.00214,0.0043
753.13,292,1,all_test,4,mg tablet delayed release,17,0.00189,0.00503
753.13,292,1,all_test,5,delayed release e c,13,0.00273,0.00685
753.13,292,1,all_test,6,tablet po daily daily,13,0.00215,0.00354
753.13,292,1,all_test,7,mg tablet tablet mouth,13,0.00198,0.00301
753.13,292,1,all_test,8,release e c sig,13,0.00164,0.00356
753.13,292,1,all_test,9,tablet delayed release e,12,0.00167,0.00234
753.13,292,1,all_test,10,wbc rbc hgb hct,12,0.00156,0.00235
753.13,292,1,gold_notes,1,h polycystic kidney disease,1,0.00227,0.00227
295.20,293,1,all_test,1,condition mental status clear,9,0.01414,0.01759
295.20,293,1,all_test,2,small bowel small bowel,7,0.02394,0.02394
295.20,293,1,all_test,3,pneumonia chronic voriconazole kyperkalemia,7,0.01693,0.02412
295.20,293,1,all_test,4,cell conjunction morphology cytospin,7,0.00788,0.00788
295.20,293,1,all_test,5,ambisome place voriconazole positive,7,0.00489,0.0049
295.20,293,1,all_test,6,year ago recently pound,7,0.00187,0.00187
295.20,293,1,all_test,7,aneurysm repeat echocardiogram showed,6,0.0765,0.08285
295.20,293,1,all_test,8,abdominal aortic aneurysm vulvar,6,0.04134,0.04134
295.20,293,1,all_test,9,significantly dilated aorta referred,6,0.03871,0.03871
295.20,293,1,all_test,10,ccy social pack year,6,0.02987,0.02987
295.20,293,1,gold_notes,1,name14 stitle remained point,1,0.00622,0.00622
748.3,301,1,all_test,1,r chop 1st cycle,14,0.01227,0.01483
748.3,301,1,all_test,2,summer developed evidence relapse,7,0.01348,0.01348
748.3,301,1,all_test,3,hypercalcemia smv thrombosis hepatic,7,0.0045,0.0045
748.3,301,1,all_test,4,car walk block limited,7,0.00317,0.00317
748.3,301,1,all_test,5,transfer unasyn 3g iv,7,0.00194,0.00194
748.3,301,1,all_test,6,nsvt 170s alternating sinus,6,0.00937,0.00937
748.3,301,1,all_test,7,acute onset constant suprapubic,6,0.00845,0.00845
748.3,301,1,all_test,8,pack year tobacco quit,6,0.00836,0.00836
748.3,301,1,all_test,9,embolism month pe known,6,0.00822,0.00822
748.3,301,1,all_test,10,ventricular tachycardia digoxin level,6,0.00654,0.00654
748.3,301,1,gold_notes,1,cervical eso ileal gastrocolic,1,0.00377,0.00377
446.29,302,1,all_test,1,physical exam physical exam,12,0.00218,0.00542
446.29,302,1,all_test,2,non contributory physical exam,10,0.00487,0.01006
446.29,302,1,all_test,3,insufficiency aspergillosis pneumonia chronic,10,0.00156,0.00196
446.29,302,1,all_test,4,prescribed provider mg tablet,8,0.00232,0.00249
446.29,302,1,all_test,5,tablet sig tablet po,8,0.00212,0.00253
446.29,302,1,all_test,6,steady gait incisional pain,8,0.00178,0.00237
446.29,302,1,all_test,7,interactive activity status ambulatory,8,0.00169,0.00173
446.29,302,1,all_test,8,ruptured appendix 20yrs ago,7,0.00175,0.00175
446.29,302,1,all_test,9,status ambulatory independent instruction,7,0.00142,0.00178
446.29,302,1,all_test,10,fluticasone insulin lantus lactulose,7,0.00142,0.00142
446.29,302,1,gold_notes,1,pt interested biopsy derm,1,0.00184,0.00184
349.81,312,1,all_test,1,delayed release e c,193,0.01415,0.03293
349.81,312,1,all_test,2,tablet delayed release e,177,0.01688,0.03503
349.81,312,1,all_test,3,e c sig tablet,119,0.01541,0.03933
349.81,312,1,all_test,4,release e c sig,111,0.01448,0.04011
349.81,312,1,all_test,5,sig tablet delayed release,103,0.01937,0.03235
349.81,312,1,all_test,6,c sig tablet delayed,78,0.01556,0.03121
349.81,312,1,all_test,7,capsule delayed release e,58,0.01072,0.02263
349.81,312,1,all_test,8,release e c po,45,0.01766,0.02882
349.81,312,1,all_test,9,e c sig capsule,33,0.01036,0.01627
349.81,312,1,all_test,10,mg tablet delayed release,28,0.01237,0.02924
349.81,312,1,gold_notes,1,stone p lithotripsy social,1,0.03994,0.03994
742.1,313,1,all_test,1,tablet delayed release e,40,0.01655,0.03751
742.1,313,1,all_test,2,sig tablet delayed release,38,0.01966,0.02893
742.1,313,1,all_test,3,delayed release e c,35,0.01957,0.03322
742.1,313,1,all_test,4,release e c sig,22,0.01795,0.03211
742.1,313,1,all_test,5,c sig tablet delayed,17,0.01425,0.02623
742.1,313,1,all_test,6,e c po daily,15,0.02165,0.02791
742.1,313,1,all_test,7,release e c po,12,0.01875,0.02905
742.1,313,1,all_test,8,e c sig tablet,10,0.01672,0.02734
742.1,313,1,all_test,9,hematuria cad p mi,8,0.01573,0.0163
742.1,313,1,all_test,10,multiple dose dose escalation,8,0.01124,0.01176
742.1,313,1,gold_notes,1,volume bun cr stable,1,0.00337,0.00337
31.0,316,1,all_test,1,transferred cvicu stable condition,12,0.00287,0.00322
31.0,316,1,all_test,2,laparotomy small bowel resection,9,0.00553,0.00735
31.0,316,1,all_test,3,operatively transferred cvicu stable,9,0.0025,0.00389
31.0,316,1,all_test,4,r chop cycle cytoxan,7,0.0044,0.00547
31.0,316,1,all_test,5,evidence relapse received induction,7,0.00403,0.00403
31.0,316,1,all_test,6,cad htn diabetes initially,7,0.00273,0.00273
31.0,316,1,all_test,7,notable alcoholic cirrhosis admitted,7,0.00258,0.00258
31.0,316,1,all_test,8,bile unable cannulated also,7,0.00237,0.00237
31.0,316,1,all_test,9,beat ventricular tachycardia digoxin,6,0.00793,0.00793
31.0,316,1,all_test,10,alternating sinus tach also,6,0.00731,0.00731
31.0,316,1,gold_notes,1,via nasal cannula conserving,1,0.00219,0.00219
590.11,323,1,all_test,1,delayed release e c,209,0.02834,0.05755
590.11,323,1,all_test,2,tablet delayed release e,172,0.02893,0.06006
590.11,323,1,all_test,3,release e c sig,126,0.02668,0.06679
590.11,323,1,all_test,4,sig tablet delayed release,125,0.03595,0.05966
590.11,323,1,all_test,5,c sig tablet delayed,94,0.03256,0.0618
590.11,323,1,all_test,6,e c sig tablet,88,0.0329,0.06184
590.11,323,1,all_test,7,capsule delayed release e,57,0.02014,0.04353
590.11,323,1,all_test,8,release e c po,52,0.03371,0.05527
590.11,323,1,all_test,9,e c sig two,29,0.02392,0.06098
590.11,323,1,all_test,10,e c sig capsule,29,0.01927,0.03557
590.11,323,1,gold_notes,1,cn tact move extremity,1,0.00642,0.00642
225.1,328,1,all_test,1,present illness year old,20,0.011,0.01718
225.1,328,1,all_test,2,cycle fcr enrolled protocol,10,0.00866,0.0091
225.1,328,1,all_test,3,illness year old male,8,0.01183,0.01925
225.1,328,1,all_test,4,cardiomyopathy repeat tte showed,7,0.02321,0.02321
225.1,328,1,all_test,5,probable dic requiring multiple,7,0.01418,0.01419
225.1,328,1,all_test,6,small bowel small bowel,7,0.01192,0.01192
225.1,328,1,all_test,7,intraoperative cholangiogram admitted medical,7,0.00501,0.00501
225.1,328,1,all_test,8,nonischemic dilated cardiomyopathy lvef,6,0.03569,0.04416
225.1,328,1,all_test,9,exploratory laparotomy small bowel,6,0.034,0.034
225.1,328,1,all_test,10,increasing coags decreasing platelet,6,0.03351,0.03353
225.1,328,1,gold_notes,1,including continuing anticoagulation starting,1,0.00734,0.00734
425.3,331,1,all_test,1,present illness year old,20,0.01411,0.03602
425.3,331,1,all_test,2,notable absence chest pain,15,0.0078,0.01338
425.3,331,1,all_test,3,illness year old male,13,0.01348,0.0269
425.3,331,1,all_test,4,review system notable absence,12,0.00905,0.01462
425.3,331,1,all_test,5,known lastname year old,10,0.0099,0.01937
425.3,331,1,all_test,6,multiple dose dose escalation,9,0.02063,0.03248
425.3,331,1,all_test,7,cardiac review system notable,9,0.00766,0.01444
425.3,331,1,all_test,8,illness mr known lastname,7,0.01897,0.0408
425.3,331,1,all_test,9,vac placement bronchoscopy endoscopy,7,0.01705,0.01705
425.3,331,1,all_test,10,old woman status post,7,0.01688,0.01688
425.3,331,1,gold_notes,1,due bradycardia remains sr,1,0.00311,0.00311
746.2,333,1,all_test,1,escalation study mdx patient,11,0.02151,0.02465
746.2,333,1,all_test,2,present illness year old,9,0.02189,0.04136
746.2,333,1,all_test,3,transplant subsequent disease recurrence,7,0.02273,0.02273
746.2,333,1,all_test,4,arthritis knee p l,7,0.01017,0.01017
746.2,333,1,all_test,5,collection pseudocyst peripancreatic fluid,7,0.00678,0.00678
746.2,333,1,all_test,6,walk block limited withlow,7,0.00633,0.00634
746.2,333,1,all_test,7,cad psh lap ccy,6,0.02526,0.02526
746.2,333,1,all_test,8,medical hypertension bicuspid aortic,6,0.02389,0.02389
746.2,333,1,all_test,9,abdominal aortic aneurysm vulvar,6,0.02289,0.02289
746.2,333,1,all_test,10,restless leg syndrome pernicious,6,0.01915,0.01915
746.2,333,1,gold_notes,1,medical including ebstein anomoly,1,0.02195,0.02195
277.30,339,1,all_test,1,negative cardiac review system,25,0.00438,0.00836
277.30,339,1,all_test,2,present illness year old,24,0.00492,0.00867
277.30,339,1,all_test,3,system negative cardiac review,17,0.00395,0.00592
277.30,339,1,all_test,4,major surgical invasive procedure,16,0.00654,0.0141
277.30,339,1,all_test,5,illness year old male,14,0.00414,0.00682
277.30,339,1,all_test,6,cardiac review system notable,11,0.00411,0.00774
277.30,339,1,all_test,7,review system negative cardiac,11,0.00352,0.00471
277.30,339,1,all_test,8,illness m known lastname,9,0.00634,0.01119
277.30,339,1,all_test,9,known lastname year old,9,0.00498,0.01209
277.30,339,1,all_test,10,illness mr known lastname,8,0.00517,0.00774
277.30,339,1,gold_notes,1,day bcx pending need,1,0.00229,0.00229
191.0,340,1,all_test,1,tablet delayed release e,36,0.00548,0.01152
191.0,340,1,all_test,2,delayed release e c,34,0.00475,0.01167
191.0,340,1,all_test,3,sig tablet delayed release,25,0.00519,0.01045
191.0,340,1,all_test,4,release e c sig,24,0.00433,0.01169
191.0,340,1,all_test,5,c sig tablet delayed,21,0.00422,0.00702
191.0,340,1,all_test,6,sig capsule delayed release,14,0.0034,0.00755
191.0,340,1,all_test,7,e c sig tablet,12,0.00544,0.00784
191.0,340,1,all_test,8,release e c po,11,0.00465,0.0078
191.0,340,1,all_test,9,bendamustine mg m2 day,10,0.01377,0.01481
191.0,340,1,all_test,10,mi arrhythmia cardiomyopathy sudden,10,0.00777,0.01151
191.0,340,1,gold_notes,1,follow accordingly medication flonase,1,0.00204,0.00204
356.8,341,1,all_test,1,delayed release e c,175,0.00259,0.0086
356.8,341,1,all_test,2,tablet delayed release e,149,0.00266,0.00642
356.8,341,1,all_test,3,release e c sig,120,0.00244,0.00471
356.8,341,1,all_test,4,sig tablet delayed release,85,0.00306,0.00653
356.8,341,1,all_test,5,c sig tablet delayed,83,0.00264,0.00453
356.8,341,1,all_test,6,e c sig tablet,77,0.00266,0.00539
356.8,341,1,all_test,7,mg tablet delayed release,62,0.00215,0.00341
356.8,341,1,all_test,8,capsule delayed release e,61,0.00225,0.00429
356.8,341,1,all_test,9,mg capsule delayed release,41,0.0023,0.00438
356.8,341,1,all_test,10,c sig capsule delayed,39,0.00227,0.00387
356.8,341,1,gold_notes,1,chf small b l,1,0.0034,0.0034
389.12,342,1,all_test,1,delayed release e c,255,0.03542,0.06596
389.12,342,1,all_test,2,tablet delayed release e,210,0.03527,0.07405
389.12,342,1,all_test,3,release e c sig,166,0.0298,0.06346
389.12,342,1,all_test,4,sig tablet delayed release,123,0.04472,0.06552
389.12,342,1,all_test,5,c sig tablet delayed,111,0.03943,0.06788
389.12,342,1,all_test,6,e c sig tablet,107,0.0393,0.07286
389.12,342,1,all_test,7,capsule delayed release e,80,0.02691,0.05297
389.12,342,1,all_test,8,release e c po,58,0.03608,0.06404
389.12,342,1,all_test,9,mg tablet delayed release,52,0.02379,0.04963
389.12,342,1,all_test,10,e c sig capsule,43,0.02606,0.04444
389.12,342,1,gold_notes,1,angioedema demerol caused skin,1,0.00738,0.00738
279.01,350,1,all_test,1,delayed release e c,150,0.00246,0.00548
279.01,350,1,all_test,2,tablet delayed release e,137,0.00266,0.00587
279.01,350,1,all_test,3,release e c sig,121,0.00246,0.00804
279.01,350,1,all_test,4,sig tablet delayed release,84,0.00302,0.0108
279.01,350,1,all_test,5,e c sig tablet,83,0.00284,0.00508
279.01,350,1,all_test,6,c sig tablet delayed,75,0.00277,0.00631
279.01,350,1,all_test,7,release e c po,54,0.00248,0.00399
279.01,350,1,all_test,8,mg tablet delayed release,49,0.00278,0.00731
279.01,350,1,all_test,9,capsule delayed release e,37,0.00275,0.00932
279.01,350,1,all_test,10,e c sig two,27,0.00239,0.00442
279.01,350,1,gold_notes,1,pressure well controlled night,1,0.00179,0.00179
758.5,351,1,all_test,1,tablet delayed release e,186,0.00637,0.01743
758.5,351,1,all_test,2,delayed release e c,153,0.00549,0.01564
758.5,351,1,all_test,3,sig tablet delayed release,97,0.00642,0.0131
758.5,351,1,all_test,4,release e c sig,95,0.00472,0.01055
758.5,351,1,all_test,5,e c sig tablet,80,0.00551,0.01213
758.5,351,1,all_test,6,c sig tablet delayed,73,0.00577,0.01041
758.5,351,1,all_test,7,capsule delayed release e,54,0.00469,0.01494
758.5,351,1,all_test,8,release e c po,42,0.00591,0.01173
758.5,351,1,all_test,9,e c po daily,31,0.00647,0.01384
758.5,351,1,all_test,10,mg tablet delayed release,30,0.0037,0.00477
758.5,351,1,gold_notes,1,prior gtube social attends,1,0.00321,0.00321
751.60,356,1,all_test,1,delayed release e c,71,0.01181,0.02692
751.60,356,1,all_test,2,tablet delayed release e,56,0.01146,0.02063
751.60,356,1,all_test,3,sig tablet delayed release,55,0.01337,0.02419
751.60,356,1,all_test,4,release e c sig,41,0.01264,0.03742
751.60,356,1,all_test,5,c sig tablet delayed,39,0.01245,0.02738
751.60,356,1,all_test,6,e c sig tablet,22,0.01214,0.0282
751.60,356,1,all_test,7,release e c po,19,0.0144,0.02224
751.60,356,1,all_test,8,capsule delayed release e,17,0.0079,0.0137
751.60,356,1,all_test,9,sig two tablet delayed,9,0.00905,0.01277
751.60,356,1,all_test,10,e c sig two,9,0.00497,0.01354
751.60,356,1,gold_notes,1,th folate ferritin trf,1,0.00993,0.00993
283.11,357,1,all_test,1,delayed release e c,143,0.00278,0.00747
283.11,357,1,all_test,2,tablet delayed release e,131,0.00277,0.00895
283.11,357,1,all_test,3,release e c sig,86,0.00282,0.00976
283.11,357,1,all_test,4,sig tablet delayed release,81,0.00303,0.00585
283.11,357,1,all_test,5,e c sig tablet,54,0.0028,0.00501
283.11,357,1,all_test,6,c sig tablet delayed,50,0.00269,0.00578
283.11,357,1,all_test,7,capsule delayed release e,45,0.00237,0.00457
283.11,357,1,all_test,8,release e c po,38,0.00269,0.00442
283.11,357,1,all_test,9,mg tablet delayed release,33,0.0033,0.00784
283.11,357,1,all_test,10,sig capsule delayed release,21,0.00245,0.00438
283.11,357,1,gold_notes,1,e c po four,1,0.00258,0.00258
447.8,358,1,all_test,1,without complication evaluated physical,12,0.00174,0.00258
447.8,358,1,all_test,2,tablet sig tablet po,10,0.00163,0.00212
447.8,358,1,all_test,3,sust rel particle crystal,8,0.00147,0.00335
447.8,358,1,all_test,4,tab sust rel particle,7,0.00179,0.00295
447.8,358,1,all_test,5,life location younger sister,7,0.00157,0.00197
447.8,358,1,all_test,6,tube pacing wire discontinued,7,0.00153,0.00193
447.8,358,1,all_test,7,ultrasound normal abdominal ultrasound,7,0.0014,0.0014
447.8,358,1,all_test,8,came pressor continued spike,7,0.00114,0.00114
447.8,358,1,all_test,9,hip replacement left upper,7,0.00114,0.00114
447.8,358,1,all_test,10,sedation mental status improved,7,0.00105,0.00105
447.8,358,1,gold_notes,1,u pcp another name9,1,0.00179,0.00179
747.20,374,1,all_test,1,coherent level consciousness alert,19,0.01249,0.01592
747.20,374,1,all_test,2,non contributory physical exam,15,0.0412,0.11683
747.20,374,1,all_test,3,alert interactive activity status,8,0.01199,0.02721
747.20,374,1,all_test,4,interactive activity status ambulatory,8,0.00855,0.02424
747.20,374,1,all_test,5,wife child retired etoh,7,0.07359,0.07359
747.20,374,1,all_test,6,p ruptured appendix 20yrs,7,0.02178,0.02183
747.20,374,1,all_test,7,tablet sig tablet po,7,0.01834,0.03557
747.20,374,1,all_test,8,retired cigarette smoked yes,7,0.00966,0.01808
747.20,374,1,all_test,9,consciousness alert interactive activity,7,0.00559,0.00707
747.20,374,1,all_test,10,mid back neck also,7,0.00544,0.00544
747.20,374,1,gold_notes,1,cad stable ecg show,1,0.00823,0.00823
747.29,378,1,all_test,1,dose escalation study mdx,14,0.02083,0.02548
747.29,378,1,all_test,2,nutritious food option high,8,0.00739,0.00906
747.29,378,1,all_test,3,adrenal insufficient hypercalcemia smv,7,0.03019,0.03019
747.29,378,1,all_test,4,status post allogeneic transplant,7,0.01301,0.01301
747.29,378,1,all_test,5,present illness year old,7,0.01166,0.01528
747.29,378,1,all_test,6,illness year old male,7,0.01059,0.01171
747.29,378,1,all_test,7,stair able walk car,7,0.00605,0.00605
747.29,378,1,all_test,8,fluid collection pseudocyst peripancreatic,7,0.00326,0.00326
747.29,378,1,all_test,9,bowel resection anterior enterostomy,6,0.03015,0.03015
747.29,378,1,all_test,10,pulmonary embolism month pe,6,0.01966,0.01966
747.29,378,1,gold_notes,1,department special force tobacco,1,0.00406,0.00406
334.2,379,1,all_test,1,condition recovery invasive monitoring,10,0.00289,0.00332
334.2,379,1,all_test,2,affect coumadin warfarin dosage,8,0.00262,0.00302
334.2,379,1,all_test,3,tkr social life wife,7,0.0026,0.0026
334.2,379,1,all_test,4,hour weaned sedation awoke,7,0.00235,0.00277
334.2,379,1,all_test,5,bp hr rr o2,7,0.0023,0.00231
334.2,379,1,all_test,6,check shockable rhythm received,7,0.00218,0.00218
334.2,379,1,all_test,7,left upper extremity dvt,7,0.00162,0.00162
334.2,379,1,all_test,8,conservative management ileus gi,7,0.00127,0.00127
334.2,379,1,all_test,9,dilated aorta referred cardiac,6,0.02491,0.02491
334.2,379,1,all_test,10,chf ef report p,6,0.0071,0.0071
334.2,379,1,gold_notes,1,condition recovery invasive monitoring,1,0.00332,0.00332
228.1,380,1,all_test,1,mb mb indx ctropnt,11,0.00869,0.01226
228.1,380,1,all_test,2,bendamustine mg m2 day,10,0.026,0.03095
228.1,380,1,all_test,3,major surgical invasive procedure,10,0.00232,0.00393
228.1,380,1,all_test,4,cardiomyopathy sudden cardiac death,8,0.0071,0.00837
228.1,380,1,all_test,5,cardiomyopathy repeat tte showed,7,0.02421,0.02421
228.1,380,1,all_test,6,variability left ventricular ejection,7,0.01535,0.01627
228.1,380,1,all_test,7,mi arrhythmia cardiomyopathy sudden,7,0.00592,0.00887
228.1,380,1,all_test,8,sct normal pressure hydrocephalus,7,0.00486,0.00486
228.1,380,1,all_test,9,revealed smv thrombosis small,7,0.00306,0.00306
228.1,380,1,all_test,10,heent sclerae anciteric p,7,0.00263,0.00263
228.1,380,1,gold_notes,1,colon polypectomy otherwise normal,1,0.00335,0.00335
393,382,1,all_test,1,non contributory physical exam,16,0.02062,0.05227
393,382,1,all_test,2,level consciousness alert interactive,13,0.00826,0.01912
393,382,1,all_test,3,physical exam physical exam,11,0.02497,0.06498
393,382,1,all_test,4,gait incisional pain managed,8,0.00875,0.01765
393,382,1,all_test,5,wife child retired etoh,7,0.03382,0.03382
393,382,1,all_test,6,home p ruptured appendix,7,0.00786,0.00787
393,382,1,all_test,7,retired cigarette smoked yes,7,0.00671,0.01036
393,382,1,all_test,8,tachycardia h laryngeal spasm,7,0.00381,0.00381
393,382,1,all_test,9,htn father physical exam,7,0.00197,0.00197
393,382,1,all_test,10,non contributory non contributory,6,0.05821,0.08464
393,382,1,gold_notes,1,atorvastatin transitional issue need,1,0.00551,0.00551
756.16,393,1,all_test,1,chest pain dyspnea exertion,10,0.00385,0.00458
756.16,393,1,all_test,2,system notable absence chest,10,0.00385,0.0066
756.16,393,1,all_test,3,physical exam physical exam,9,0.00474,0.00606
756.16,393,1,all_test,4,positive squamous cell carcinoma,9,0.0045,0.00489
756.16,393,1,all_test,5,dose escalation study mdx,8,0.00769,0.0095
756.16,393,1,all_test,6,status clear coherent level,8,0.00467,0.00578
756.16,393,1,all_test,7,disease recurrence status post,7,0.00919,0.00919
756.16,393,1,all_test,8,absence chest pain dyspnea,7,0.00401,0.00581
756.16,393,1,all_test,9,endoscopy nasal packing present,7,0.00346,0.00346
756.16,393,1,all_test,10,consistent pancreatitis evidence small,7,0.00304,0.00304
756.16,393,1,gold_notes,1,carotid carotid bypass graft,1,0.00358,0.00358
161.1,400,1,all_test,1,cycle bendamustine mg m2,10,0.01441,0.01725
161.1,400,1,all_test,2,present illness year old,9,0.01727,0.02876
161.1,400,1,all_test,3,cardiomyopathy repeat tte showed,7,0.05894,0.05894
161.1,400,1,all_test,4,perforated small bowel small,7,0.0348,0.0348
161.1,400,1,all_test,5,shock liver probable dic,7,0.02887,0.02887
161.1,400,1,all_test,6,intraoperative cholangiogram admitted medical,7,0.00618,0.00618
161.1,400,1,all_test,7,exploratory laparotomy small bowel,6,0.07005,0.07005
161.1,400,1,all_test,8,valve aortic insufficiency dilated,6,0.06422,0.08542
161.1,400,1,all_test,9,increasing coags decreasing platelet,6,0.06269,0.06269
161.1,400,1,all_test,10,catheterization surgical evaluation medical,6,0.06086,0.06086
161.1,400,1,gold_notes,1,prior received chemo dose,1,0.00999,0.00999
237.3,401,1,all_test,1,label multiple dose dose,14,0.01133,0.01333
237.3,401,1,all_test,2,double cover aspergillus posaconazole,7,0.00348,0.00349
237.3,401,1,all_test,3,rectum empty fully approximately,7,0.00304,0.00304
237.3,401,1,all_test,4,hpi mr known lastname,7,0.00209,0.00209
237.3,401,1,all_test,5,collection pseudocyst peripancreatic fluid,7,0.00183,0.00183
237.3,401,1,all_test,6,syndrome pernicious anemia social,6,0.01635,0.01635
237.3,401,1,all_test,7,mild mr h left,6,0.01362,0.01542
237.3,401,1,all_test,8,prostate cancer status post,6,0.00651,0.00652
237.3,401,1,all_test,9,biliary stricture suspicious adenocarcinoma,6,0.00635,0.00635
237.3,401,1,all_test,10,vulvar cancer resection bilateral,6,0.00583,0.00583
237.3,401,1,gold_notes,1,tumor medical left vagal,1,0.00678,0.00678
334.3,403,1,all_test,1,delayed release e c,62,0.00452,0.01071
334.3,403,1,all_test,2,tablet delayed release e,35,0.00508,0.01347
334.3,403,1,all_test,3,release e c sig,26,0.00545,0.0138
334.3,403,1,all_test,4,sig tablet delayed release,26,0.00505,0.01028
334.3,403,1,all_test,5,c sig tablet delayed,21,0.00417,0.00794
334.3,403,1,all_test,6,mg tablet delayed release,17,0.00676,0.01391
334.3,403,1,all_test,7,e c sig tablet,14,0.00421,0.00605
334.3,403,1,all_test,8,sig capsule delayed release,10,0.00422,0.007
334.3,403,1,all_test,9,mg capsule delayed release,9,0.00343,0.00502
334.3,403,1,all_test,10,capsule delayed release e,9,0.00317,0.00631
334.3,403,1,gold_notes,1,e c po h,1,0.00566,0.00566
759.3,407,1,all_test,1,delayed release e c,66,0.00546,0.01219
759.3,407,1,all_test,2,tablet delayed release e,50,0.00581,0.01177
759.3,407,1,all_test,3,sig tablet delayed release,44,0.00621,0.00968
759.3,407,1,all_test,4,release e c sig,33,0.00531,0.01156
759.3,407,1,all_test,5,c sig tablet delayed,30,0.00585,0.00947
759.3,407,1,all_test,6,e c sig tablet,26,0.00584,0.01009
759.3,407,1,all_test,7,mg tablet delayed release,25,0.0056,0.00934
759.3,407,1,all_test,8,capsule delayed release e,15,0.00352,0.00427
759.3,407,1,all_test,9,release e c po,13,0.00596,0.00735
759.3,407,1,all_test,10,bendamustine mg m2 day,10,0.01159,0.01278
759.3,407,1,gold_notes,1,echo ef symptom chest,1,0.00579,0.00579
746.81,409,1,all_test,1,condition mental status clear,9,0.00418,0.00942
746.81,409,1,all_test,2,clear coherent level consciousness,8,0.00592,0.01252
746.81,409,1,all_test,3,common iliac artery aneurysm,7,0.01349,0.02362
746.81,409,1,all_test,4,l r tkr social,7,0.01277,0.01277
746.81,409,1,all_test,5,cardiomyopathy repeat tte showed,7,0.00798,0.00798
746.81,409,1,all_test,6,inhaler home p ruptured,7,0.00376,0.00376
746.81,409,1,all_test,7,recommended ercp rule cholangitis,7,0.00336,0.00336
746.81,409,1,all_test,8,status major surgical invasive,7,0.00239,0.00284
746.81,409,1,all_test,9,cardiac catheterization surgical evaluation,6,0.05473,0.05473
746.81,409,1,all_test,10,aortic valve aortic insufficiency,6,0.02467,0.03706
746.81,409,1,gold_notes,1,myocardial infarction diastolic heart,1,0.00621,0.00621
607.85,410,1,all_test,1,non contributory physical exam,10,0.0442,0.10263
607.85,410,1,all_test,2,alert interactive activity status,10,0.00835,0.02983
607.85,410,1,all_test,3,level consciousness alert interactive,9,0.01883,0.03685
607.85,410,1,all_test,4,coherent level consciousness alert,9,0.01231,0.01847
607.85,410,1,all_test,5,sig tablet delayed release,8,0.00391,0.00681
607.85,410,1,all_test,6,wife child retired etoh,7,0.06593,0.06593
607.85,410,1,all_test,7,tobacco quit year ago,7,0.03072,0.03236
607.85,410,1,all_test,8,p ruptured appendix 20yrs,7,0.01521,0.01524
607.85,410,1,all_test,9,infection include redness drainage,7,0.00944,0.00987
607.85,410,1,all_test,10,mid back neck also,7,0.00459,0.00459
607.85,410,1,gold_notes,1,morning osh woke cough,1,0.00931,0.00931
701.2,414,1,all_test,1,delayed release e c,181,0.00548,0.01497
701.2,414,1,all_test,2,tablet delayed release e,170,0.00606,0.01633
701.2,414,1,all_test,3,release e c sig,136,0.00603,0.02383
701.2,414,1,all_test,4,sig tablet delayed release,87,0.00804,0.01414
701.2,414,1,all_test,5,e c sig tablet,84,0.00624,0.01615
701.2,414,1,all_test,6,c sig tablet delayed,76,0.00667,0.01277
701.2,414,1,all_test,7,capsule delayed release e,56,0.0041,0.00865
701.2,414,1,all_test,8,mg tablet delayed release,39,0.00602,0.01068
701.2,414,1,all_test,9,release e c po,38,0.00646,0.0109
701.2,414,1,all_test,10,sig capsule delayed release,29,0.00466,0.01141
701.2,414,1,gold_notes,1,20y male week headache,1,0.00192,0.00192
282.7,415,1,all_test,1,delayed release e c,69,0.03312,0.05509
282.7,415,1,all_test,2,tablet delayed release e,65,0.02695,0.0611
282.7,415,1,all_test,3,sig tablet delayed release,50,0.03891,0.06301
282.7,415,1,all_test,4,release e c sig,38,0.0288,0.0603
282.7,415,1,all_test,5,c sig tablet delayed,35,0.02642,0.05743
282.7,415,1,all_test,6,e c sig tablet,30,0.03352,0.05621
282.7,415,1,all_test,7,capsule delayed release e,28,0.01679,0.02866
282.7,415,1,all_test,8,release e c po,24,0.0364,0.05023
282.7,415,1,all_test,9,mg tablet delayed release,17,0.02227,0.0468
282.7,415,1,all_test,10,e c po daily,14,0.03068,0.05251
282.7,415,1,gold_notes,1,also monk life dog,1,0.01978,0.01978
273.0,416,1,all_test,1,delayed release e c,37,0.00246,0.0048
273.0,416,1,all_test,2,tablet delayed release e,30,0.00204,0.00317
273.0,416,1,all_test,3,mg tablet sig tablet,19,0.00298,0.00518
273.0,416,1,all_test,4,mg tablet delayed release,19,0.00291,0.00508
273.0,416,1,all_test,5,release e c sig,14,0.00239,0.00352
273.0,416,1,all_test,6,tablet sig tablet po,14,0.00198,0.00228
273.0,416,1,all_test,7,e c sig tablet,11,0.00257,0.00368
273.0,416,1,all_test,8,mi arrhythmia cardiomyopathy sudden,10,0.00373,0.00544
273.0,416,1,all_test,9,dilated cardiomyopathy ef per,9,0.01824,0.02631
273.0,416,1,all_test,10,capsule delayed release e,9,0.00238,0.00327
273.0,416,1,gold_notes,1,returned sicu care post,1,0.00282,0.00282
711.20,418,1,all_test,1,level consciousness alert interactive,16,0.01281,0.03134
711.20,418,1,all_test,2,non contributory physical exam,14,0.02389,0.07585
711.20,418,1,all_test,3,mg tablet sig tablet,8,0.02459,0.04057
711.20,418,1,all_test,4,life wife non contributory,8,0.00469,0.00765
711.20,418,1,all_test,5,wife child retired etoh,7,0.06599,0.06599
711.20,418,1,all_test,6,physical exam physical exam,7,0.06382,0.12297
711.20,418,1,all_test,7,exam bp hr r,7,0.02649,0.02965
711.20,418,1,all_test,8,home p ruptured appendix,7,0.01958,0.01962
711.20,418,1,all_test,9,alert interactive activity status,7,0.0112,0.02147
711.20,418,1,all_test,10,interactive activity status ambulatory,7,0.00827,0.02236
711.20,418,1,gold_notes,1,longer anticoagulated psoriasis thyroid,1,0.02358,0.02358
321.0,424,1,all_test,1,delayed release e c,105,0.00443,0.01419
321.0,424,1,all_test,2,tablet delayed release e,83,0.00522,0.0145
321.0,424,1,all_test,3,release e c sig,58,0.00423,0.01364
321.0,424,1,all_test,4,sig tablet delayed release,49,0.00603,0.00961
321.0,424,1,all_test,5,c sig tablet delayed,34,0.00512,0.00825
321.0,424,1,all_test,6,e c sig tablet,34,0.00488,0.00794
321.0,424,1,all_test,7,mg tablet delayed release,24,0.00529,0.01028
321.0,424,1,all_test,8,capsule delayed release e,24,0.00421,0.00916
321.0,424,1,all_test,9,release e c po,16,0.00508,0.00724
321.0,424,1,all_test,10,bendamustine mg m2 day,14,0.03909,0.04783
321.0,424,1,gold_notes,1,candidate chemotherapy meeting held,1,0.00643,0.00643
756.17,425,1,all_test,1,delayed release e c,50,0.0031,0.00514
756.17,425,1,all_test,2,tablet delayed release e,39,0.00332,0.00717
756.17,425,1,all_test,3,release e c sig,27,0.00286,0.00458
756.17,425,1,all_test,4,sig tablet delayed release,25,0.00327,0.00651
756.17,425,1,all_test,5,c sig tablet delayed,21,0.00316,0.00508
756.17,425,1,all_test,6,mg tablet delayed release,13,0.00332,0.00418
756.17,425,1,all_test,7,sig capsule delayed release,13,0.00263,0.00523
756.17,425,1,all_test,8,bicuspid aortic valve aortic,10,0.01967,0.02629
756.17,425,1,all_test,9,e c sig tablet,10,0.00328,0.00493
756.17,425,1,all_test,10,cardiomyopathy repeat tte showed,7,0.01014,0.01014
756.17,425,1,gold_notes,1,severe pancreatitis secondary diagnosis,1,0.00451,0.00451
265.2,438,1,all_test,1,delayed release e c,256,0.03196,0.07146
265.2,438,1,all_test,2,tablet delayed release e,211,0.03334,0.05975
265.2,438,1,all_test,3,release e c sig,151,0.02946,0.07315
265.2,438,1,all_test,4,sig tablet delayed release,118,0.04408,0.062
265.2,438,1,all_test,5,e c sig tablet,107,0.03699,0.06849
265.2,438,1,all_test,6,c sig tablet delayed,86,0.03528,0.0638
265.2,438,1,all_test,7,capsule delayed release e,81,0.02592,0.05508
265.2,438,1,all_test,8,mg tablet delayed release,65,0.03173,0.06774
265.2,438,1,all_test,9,release e c po,48,0.03435,0.06789
265.2,438,1,all_test,10,e c sig capsule,37,0.02312,0.03976
265.2,438,1,gold_notes,1,decreased airway diameter extensive,1,0.00189,0.00189
748.2,456,1,all_test,1,cardiomyopathy sudden cardiac death,8,0.00341,0.00382
748.2,456,1,all_test,2,repeat tte showed improvement,7,0.00971,0.00971
748.2,456,1,all_test,3,ventricular ejection fraction due,7,0.00739,0.00812
748.2,456,1,all_test,4,l r tkr social,7,0.00572,0.00572
748.2,456,1,all_test,5,cad htn diabetes initially,7,0.0037,0.0037
748.2,456,1,all_test,6,heent sclerae anciteric p,7,0.00303,0.00303
748.2,456,1,all_test,7,ventricular tachycardia digoxin level,6,0.01974,0.01974
748.2,456,1,all_test,8,aortic valve aortic insuffiency,6,0.01621,0.01621
748.2,456,1,all_test,9,p biventricular icd hypertension,6,0.01318,0.01318
748.2,456,1,all_test,10,mg m2 day cycle,6,0.00846,0.0092
748.2,456,1,gold_notes,1,speech gi gu fen,1,0.0019,0.0019
152.2,478,1,all_test,1,p l r tkr,7,0.0074,0.0074
152.2,478,1,all_test,2,admitted allo sct clofarabine,7,0.00342,0.00342
152.2,478,1,all_test,3,neutropenic fever development coagulative,7,0.00281,0.00281
152.2,478,1,all_test,4,unit transferred floor seen,7,0.00277,0.00277
152.2,478,1,all_test,5,anemia cataract cm abdominal,6,0.00729,0.00729
152.2,478,1,all_test,6,persistence biliary stricture brushing,6,0.00705,0.00705
152.2,478,1,all_test,7,coumadin due risk fall,6,0.00682,0.00682
152.2,478,1,all_test,8,markedly dilated aorta sleep,6,0.00605,0.00605
152.2,478,1,all_test,9,digoxin level digoxin stopped,6,0.00536,0.00536
152.2,478,1,all_test,10,l sided hernia repair,6,0.0053,0.00579
152.2,478,1,gold_notes,1,negative pressure dressing approximately,1,0.00232,0.00232
751.4,479,1,all_test,1,delayed release e c,28,0.00747,0.01086
751.4,479,1,all_test,2,sig tablet delayed release,15,0.00747,0.01337
751.4,479,1,all_test,3,escalation study mdx patient,14,0.01259,0.01431
751.4,479,1,all_test,4,release e c sig,14,0.0058,0.00972
751.4,479,1,all_test,5,tablet delayed release e,13,0.00623,0.00909
751.4,479,1,all_test,6,e c po daily,12,0.00537,0.00724
751.4,479,1,all_test,7,release e c po,10,0.00801,0.01144
751.4,479,1,all_test,8,prostatectomy dr stitle biochemical,9,0.01891,0.02135
751.4,479,1,all_test,9,c sig tablet delayed,9,0.00643,0.00849
751.4,479,1,all_test,10,e c sig two,9,0.00298,0.00325
751.4,479,1,gold_notes,1,anxiety depression endometriosis surgical,1,0.0209,0.0209
157.3,483,1,all_test,1,open label multiple dose,15,0.04484,0.05926
157.3,483,1,all_test,2,present illness year old,10,0.0065,0.0235
157.3,483,1,all_test,3,condition alert oriented x3,8,0.01036,0.02528
157.3,483,1,all_test,4,known lastname year old,8,0.00722,0.01384
157.3,483,1,all_test,5,induced cardiomyopathy repeat tte,7,0.00948,0.00948
157.3,483,1,all_test,6,known lastname man alcoholic,7,0.0093,0.0093
157.3,483,1,all_test,7,food option high fiber,7,0.00813,0.01027
157.3,483,1,all_test,8,bal presumed aspergillosis pneumonia,7,0.00734,0.00735
157.3,483,1,all_test,9,vegetable kiwi blueberry broccoli,7,0.00211,0.00211
157.3,483,1,all_test,10,ccy social pack year,6,0.0143,0.0143
157.3,483,1,gold_notes,1,ccy social pack year,1,0.0143,0.0143
692.3,508,1,all_test,1,delayed release e c,45,0.00194,0.00339
692.3,508,1,all_test,2,sig tablet delayed release,43,0.00224,0.00613
692.3,508,1,all_test,3,tablet delayed release e,40,0.00193,0.00392
692.3,508,1,all_test,4,notable absence chest pain,21,0.00201,0.00335
692.3,508,1,all_test,5,c sig tablet delayed,21,0.00187,0.00333
692.3,508,1,all_test,6,release e c po,18,0.0019,0.00349
692.3,508,1,all_test,7,release e c sig,16,0.00255,0.00507
692.3,508,1,all_test,8,e c sig tablet,16,0.00214,0.00319
692.3,508,1,all_test,9,system notable absence chest,14,0.00188,0.00298
692.3,508,1,all_test,10,e c po daily,10,0.00193,0.00324
692.3,508,1,gold_notes,1,h lisinopril mg daily,1,0.00127,0.00127
529.6,520,1,all_test,1,present illness year old,13,0.01671,0.04026
529.6,520,1,all_test,2,absence chest pain dyspnea,11,0.00787,0.01155
529.6,520,1,all_test,3,escalation study mdx patient,9,0.02361,0.02768
529.6,520,1,all_test,4,subsequent disease recurrence status,7,0.04281,0.04281
529.6,520,1,all_test,5,smv thrombosis hepatic artery,7,0.02198,0.02198
529.6,520,1,all_test,6,pseudocyst peripancreatic fluid consistent,7,0.01374,0.01374
529.6,520,1,all_test,7,condition mental status clear,7,0.01328,0.01473
529.6,520,1,all_test,8,walk car walk block,7,0.00582,0.00583
529.6,520,1,all_test,9,pulmonary embolism month pe,6,0.02555,0.02555
529.6,520,1,all_test,10,stable tolerating regular diet,6,0.02095,0.02373
529.6,520,1,gold_notes,1,location un husband work,1,0.01128,0.01128
694.0,536,1,all_test,1,coherent level consciousness alert,17,0.01338,0.03327
694.0,536,1,all_test,2,non contributory physical exam,14,0.02837,0.09003
694.0,536,1,all_test,3,wife child retired etoh,7,0.07428,0.07428
694.0,536,1,all_test,4,physical exam physical exam,7,0.0696,0.12717
694.0,536,1,all_test,5,exam bp hr r,7,0.03144,0.0385
694.0,536,1,all_test,6,home p ruptured appendix,7,0.01879,0.01882
694.0,536,1,all_test,7,quit year ago etoh,7,0.01333,0.01487
694.0,536,1,all_test,8,retired cigarette smoked yes,7,0.01204,0.01977
694.0,536,1,all_test,9,alert interactive activity status,7,0.00963,0.02148
694.0,536,1,all_test,10,tablet tablet mouth daily,7,0.00782,0.01366
694.0,536,1,gold_notes,1,controlled night blood pressure,1,0.00583,0.00583
282.0,539,1,all_test,1,non contributory physical exam,14,0.0263,0.0856
282.0,539,1,all_test,2,coherent level consciousness alert,14,0.01619,0.03548
282.0,539,1,all_test,3,alert interactive activity status,12,0.01138,0.02898
282.0,539,1,all_test,4,delayed release e c,10,0.00524,0.00602
282.0,539,1,all_test,5,tablet sig tablet po,8,0.01054,0.01593
282.0,539,1,all_test,6,wife child retired etoh,7,0.07402,0.07402
282.0,539,1,all_test,7,physical exam bp hr,7,0.06893,0.09826
282.0,539,1,all_test,8,home p ruptured appendix,7,0.01709,0.01713
282.0,539,1,all_test,9,retired cigarette smoked yes,7,0.0094,0.01778
282.0,539,1,all_test,10,mid back neck also,7,0.00486,0.00486
282.0,539,1,gold_notes,1,spherocytosis p splenectomy un,1,0.0244,0.0244
110.6,541,1,all_test,1,coherent level consciousness alert,18,0.01462,0.03523
110.6,541,1,all_test,2,delayed release e c,13,0.00432,0.00659
110.6,541,1,all_test,3,non contributory physical exam,12,0.04568,0.11013
110.6,541,1,all_test,4,consciousness alert interactive activity,9,0.00874,0.02627
110.6,541,1,all_test,5,interactive activity status ambulatory,9,0.00732,0.01999
110.6,541,1,all_test,6,tablet sig tablet po,8,0.01096,0.01675
110.6,541,1,all_test,7,alert interactive activity status,8,0.00733,0.02073
110.6,541,1,all_test,8,sig tablet delayed release,8,0.00382,0.00665
110.6,541,1,all_test,9,wife child retired etoh,7,0.0697,0.0697
110.6,541,1,all_test,10,physical exam bp hr,7,0.05962,0.09932
110.6,541,1,gold_notes,1,denies current tobacco alcohol,1,0.01088,0.01088
315.39,545,1,all_test,1,non contributory physical exam,16,0.02504,0.06544
315.39,545,1,all_test,2,coherent level consciousness alert,11,0.0109,0.02132
315.39,545,1,all_test,3,physical exam physical exam,9,0.03131,0.08102
315.39,545,1,all_test,4,gait incisional pain managed,8,0.01039,0.02356
315.39,545,1,all_test,5,tablet sig tablet po,8,0.00945,0.01465
315.39,545,1,all_test,6,alert interactive activity status,8,0.00774,0.01559
315.39,545,1,all_test,7,c sig tablet delayed,8,0.00418,0.00534
315.39,545,1,all_test,8,wife child retired etoh,7,0.04452,0.04452
315.39,545,1,all_test,9,quit year ago etoh,7,0.00947,0.01114
315.39,545,1,all_test,10,p ruptured appendix 20yrs,7,0.00905,0.00907
315.39,545,1,gold_notes,1,group home medical record,1,0.00686,0.00686
692.79,546,1,all_test,1,level consciousness alert interactive,14,0.01876,0.03981
692.79,546,1,all_test,2,alert interactive activity status,12,0.0099,0.02969
692.79,546,1,all_test,3,non contributory physical exam,9,0.05857,0.12311
692.79,546,1,all_test,4,wife child retired etoh,7,0.07775,0.07775
692.79,546,1,all_test,5,p ruptured appendix 20yrs,7,0.02042,0.02046
692.79,546,1,all_test,6,tablet sig tablet po,7,0.01138,0.01618
692.79,546,1,all_test,7,infection include redness drainage,7,0.01124,0.01153
692.79,546,1,all_test,8,coherent level consciousness alert,7,0.01087,0.01585
692.79,546,1,all_test,9,mid back neck also,7,0.00484,0.00484
692.79,546,1,all_test,10,heent scleral icterus right,7,0.00254,0.00254
692.79,546,1,gold_notes,1,gait incisional pain managed,1,0.01181,0.01181
590.01,547,1,all_test,1,non contributory physical exam,21,0.02644,0.0959
590.01,547,1,all_test,2,level consciousness alert interactive,10,0.01125,0.01225
590.01,547,1,all_test,3,alert interactive activity status,10,0.01102,0.02559
590.01,547,1,all_test,4,coherent level consciousness alert,8,0.01668,0.03061
590.01,547,1,all_test,5,tablet sig tablet po,8,0.01631,0.03382
590.01,547,1,all_test,6,mi p stent rca,8,0.01581,0.0181
590.01,547,1,all_test,7,activity status ambulatory independent,8,0.00345,0.00564
590.01,547,1,all_test,8,wife child retired etoh,7,0.06242,0.06242
590.01,547,1,all_test,9,tobacco quit year ago,7,0.02375,0.02503
590.01,547,1,all_test,10,p ruptured appendix 20yrs,7,0.01472,0.01475
590.01,547,1,gold_notes,1,ra gen lying bed,1,0.00559,0.00559
26.0,555,1,all_test,1,non contributory physical exam,18,0.02467,0.07962
26.0,555,1,all_test,2,coherent level consciousness alert,17,0.0104,0.02258
26.0,555,1,all_test,3,alert interactive activity status,10,0.00889,0.0211
26.0,555,1,all_test,4,release e c sig,9,0.00425,0.00745
26.0,555,1,all_test,5,activity status ambulatory independent,8,0.00805,0.01897
26.0,555,1,all_test,6,wife child retired etoh,7,0.05042,0.05042
26.0,555,1,all_test,7,physical exam bp hr,7,0.04718,0.08657
26.0,555,1,all_test,8,p ruptured appendix 20yrs,7,0.0124,0.01242
26.0,555,1,all_test,9,mg tablet sig tablet,7,0.01019,0.01604
26.0,555,1,all_test,10,infection include redness drainage,7,0.00741,0.0078
26.0,555,1,gold_notes,1,wife dog aunt ovarian,1,0.01216,0.01216
352.2,565,1,all_test,1,mg m2 day cycle,14,0.02415,0.02969
352.2,565,1,all_test,2,repeat tte showed improvement,7,0.01705,0.01705
352.2,565,1,all_test,3,oriented x3 nonfocal ambulating,7,0.00829,0.00987
352.2,565,1,all_test,4,dvt l subclavian l,7,0.00581,0.00649
352.2,565,1,all_test,5,hydrocephalus cad htn diabetes,7,0.00539,0.00539
352.2,565,1,all_test,6,cardiomyopathy sudden cardiac death,7,0.00518,0.00647
352.2,565,1,all_test,7,sudden cardiac death otherwise,7,0.00518,0.00734
352.2,565,1,all_test,8,tacrolimus echo performed showed,7,0.00499,0.00499
352.2,565,1,all_test,9,nad heent sclerae anciteric,7,0.00309,0.00309
352.2,565,1,all_test,10,beat ventricular tachycardia digoxin,6,0.03817,0.03817
352.2,565,1,gold_notes,1,b diabetic nephropathy requiring,1,0.00344,0.00344
277.09,566,1,all_test,1,unit mg dl unit,8,0.00199,0.00243
277.09,566,1,all_test,2,within dura may related,7,0.00659,0.00659
277.09,566,1,all_test,3,disp tablet refill disposition,7,0.00385,0.00619
277.09,566,1,all_test,4,bilaterally skin scattered ecchymosis,7,0.0028,0.0028
277.09,566,1,all_test,5,nurse amount increase significantly,7,0.00265,0.00277
277.09,566,1,all_test,6,minor population cd34 cell,7,0.00246,0.00246
277.09,566,1,all_test,7,disposition extended care facility,7,0.00219,0.00345
277.09,566,1,all_test,8,clot form work warfarin,7,0.00165,0.00165
277.09,566,1,all_test,9,brief admitted brought operating,6,0.00476,0.00628
277.09,566,1,all_test,10,release refill disposition home,6,0.00381,0.00381
277.09,566,1,gold_notes,1,blood cx sent cvvhdf,1,0.00478,0.00478
